lv_id,feature_idx,z_draw
LV57,217,0.2638230222808688
LV57,217,0.4928335551672075
LV57,217,-0.5176037554872821
LV57,217,-0.5433348967095287
LV57,217,0.7670076877460341
LV57,217,-0.8285542400205633
LV57,217,0.23491034256603108
LV57,217,0.4498689578577931
LV57,217,-0.010275756909164288
LV57,217,0.8855558896684776
LV57,217,0.8622152786227828
LV57,217,-1.1508151615622748
LV57,217,-0.46720936552877684
LV57,217,-1.0714118131325328
LV57,217,-0.34241157640046693
LV57,217,0.846675122405609
LV57,217,0.12172583825323571
LV57,217,0.006511610058399772
LV57,217,-0.47028226863313144
LV57,217,0.23197983493332572
LV57,217,-1.3305752491030007
LV57,217,0.9242046758788769
LV57,217,0.16542944305303997
LV57,217,0.09417058603169394
LV57,217,-0.5597903998506049
LV57,217,0.46260540902135444
LV57,217,1.7056080643081928
LV57,217,0.06704152728146975
LV57,217,1.6296021276712944
LV57,217,0.5088681973120146
LV57,217,-1.2056301365605824
LV57,217,0.11334844640012001
LV57,217,0.24278784246508486
LV57,217,-1.3637535411000143
LV57,217,0.36167070316645605
LV57,217,-0.6071483681892276
LV57,217,-1.2931633396741036
LV57,217,-1.1508151615622748
LV57,217,-0.47028226863313144
LV57,217,-1.9097124161275052
LV57,217,-1.9097124161275052
LV57,217,0.4998478560707681
LV57,217,-1.374513115048054
LV57,217,-1.3141197459619247
LV57,217,0.08442701407106416
LV57,217,-0.5475297157884704
LV57,217,0.9741852657735918
LV57,217,0.704110556133867
LV57,217,0.7839279252815394
LV57,217,2.56844952654313
LV57,217,-1.9097124161275052
LV57,217,-0.7185270757963441
LV57,217,-0.5787718780344737
LV57,217,2.4482737061330186
LV57,217,-0.4400078954449585
LV57,217,-0.6867239371752023
LV57,217,1.5517818991443297
LV57,217,0.17437012814976338
LV57,217,-0.4905307428886058
LV57,217,-1.27715907424923
LV57,217,-0.6263305680890728
LV57,217,0.5834495172700009
LV57,217,1.2699833201892843
LV57,217,1.2546541093299048
LV57,217,0.03777719841892796
LV57,217,-0.0016390228902248656
LV57,217,-0.605355075218146
LV57,217,-0.5176037554872821
LV57,217,0.7038570980784419
LV57,217,-0.6100374663950018
LV57,217,0.14444957387500396
LV57,217,-0.6268095714512192
LV57,217,0.9336703707259264
LV57,217,-1.9097124161275052
LV57,217,1.6139368237810774
LV57,217,0.7231124448256816
LV57,217,-0.7681608709344339
LV57,217,1.611420079436473
LV57,217,0.2347451461665869
LV57,217,-0.007664793246799693
LV57,217,-0.5278925270520436
LV57,217,-0.7185270757963441
LV57,217,-1.1720624635579329
LV57,217,-0.5906928650481518
LV57,217,-0.6555022222128346
LV57,217,2.025423880549404
LV57,217,1.6193956968764254
LV57,217,-1.3141197459619247
LV57,217,2.317685915596673
LV57,217,-1.2931633396741036
LV57,217,0.03777719841892796
LV57,217,-0.5929686918476188
LV57,217,0.38104347469183997
LV57,217,1.3147020075842488
LV57,217,-1.9097124161275052
LV57,217,-0.011720158909291394
LV57,217,0.1283605772603885
LV57,217,3.229286168977719
LV57,217,0.00036528899003117484
LV57,217,0.8014157955920717
LV57,217,-1.2056301365605824
LV57,217,-0.6053741618012518
LV57,217,-1.3244085175266862
LV57,217,-0.6980219072247252
LV57,217,-0.4966473491994611
LV57,217,0.07703995477374409
LV57,217,-0.01589122089249788
LV57,217,1.0795176821891173
LV57,217,0.26419070562940916
LV57,217,0.39440084660522695
LV57,217,1.2212864960808119
LV57,217,-0.5952273811755495
LV57,217,0.24481580111400567
LV57,217,1.4898077637995828
LV57,217,-0.5475524063891953
LV57,217,1.3800087559560743
LV57,217,-0.5890810601071806
LV57,217,-0.7185270757963441
LV57,217,-0.5552224913966942
LV57,217,0.8874228075709232
LV57,217,0.19114182867339072
LV57,217,-1.2056301365605824
LV57,217,0.18666497682790048
LV57,217,-1.9097124161275052
LV57,217,0.24102312420512717
LV57,217,0.40510485248568867
LV57,217,0.2834145723860155
LV57,217,1.4187662143303996
LV57,217,-1.3141197459619247
LV57,217,0.13616511419049818
LV57,217,2.0794216261647085
LV57,217,-1.0718641541194347
LV57,217,1.0928009143114805
LV57,217,-0.73498257893742
LV57,217,-1.3244085175266862
LV57,217,1.3780362550476613
LV57,217,-0.1294375244434348
LV57,217,-1.1743645482000542
LV57,217,0.9509875282835161
LV57,217,0.8566562653235869
LV57,217,1.2327676090664952
LV57,217,0.06411951483315247
LV57,217,-1.2056301365605824
LV57,217,0.1410137682618081
LV57,217,0.10494093525690099
LV57,217,0.7406837959524958
LV57,217,-0.5617708443080559
LV57,217,2.9550494809502164
LV57,217,0.45417770802433
LV57,217,-0.4808336554001259
LV57,217,0.15971817839727687
LV57,217,1.271106927845611
LV57,217,-1.1783199207614576
LV57,217,0.5877869156990416
LV57,217,-0.37554647308329026
LV57,217,-0.5597903998506049
LV57,217,-1.9097124161275052
LV57,217,-0.6975706695085229
LV57,217,-0.5362125120530816
LV57,217,-0.6834768276273555
LV57,217,-1.2931633396741036
LV57,217,-1.1131964256528626
LV57,217,1.0028786888246966
LV57,217,-0.012306657613284346
LV57,217,-1.9097124161275052
LV57,217,-0.736912493596822
LV57,217,0.09502120774120962
LV57,217,-0.5597963207366935
LV57,217,-1.2121134700520382
LV57,217,-1.2056301365605824
LV57,217,-0.1623713684290717
LV57,217,1.9267601471028932
LV57,217,-0.4762714839538542
LV57,217,-0.5685088126770166
LV57,217,0.04250055771443491
LV57,217,-0.7472044646466128
LV57,217,-1.3177043092411382
LV57,217,1.2897441487954646
LV57,217,0.15372991924449392
LV57,217,-0.425407247780011
LV57,217,-0.0492685061480586
LV57,217,-1.1131964256528626
LV57,217,-0.09367706414932037
LV57,217,-0.6299151313682865
LV57,217,0.14451863862080894
LV57,217,-1.1131964256528626
LV57,217,0.13590599267881437
LV57,217,-1.9097124161275052
LV57,217,0.8778412693003986
LV57,217,0.7697769339781242
LV57,217,1.7407884984197528
LV57,217,0.9766178305638048
LV57,217,-0.5787718780344737
LV57,217,-0.6323610457339667
LV57,217,0.26153921515667344
LV57,217,-0.34241157640046693
LV57,217,-1.9097124161275052
LV57,217,-0.5495075491719319
LV57,217,-0.2653975445495073
LV57,217,-0.49737881767340264
LV246,24,0.06567359280450338
LV246,24,0.07866959544318343
LV246,24,0.16832363015174664
LV246,24,1.4254320758521017
LV246,24,-2.020655255358828
LV246,24,0.19607700504020842
LV246,24,0.6479918001462901
LV246,24,0.028113855191047334
LV246,24,-1.4753226309390792
LV246,24,1.3210575514871845
LV246,24,-0.5134390439441642
LV246,24,-0.189177036006258
LV246,24,1.1782219959671678
LV246,24,-0.32917241508841444
LV246,24,0.2233964946890444
LV246,24,-0.030620789804596128
LV246,24,-0.9430305500372431
LV246,24,-2.5520664527731696
LV246,24,-0.3904888777479766
LV246,24,-0.35256865884185296
LV246,24,0.811274762021033
LV246,24,-1.9476446986473914
LV246,24,-0.7351772678786359
LV246,24,1.1650286840970465
LV246,24,1.3402868930350704
LV246,24,-1.5560637214345485
LV246,24,-2.5300374659038054
LV246,24,-0.7120739535572288
LV246,24,-1.2193996614957057
LV246,24,-0.2926085074975027
LV246,24,-0.5686791625535175
LV246,24,-0.3274540691489807
LV246,24,-1.0228809313200355
LV246,24,-0.8831108575612948
LV246,24,0.10182370009403187
LV246,24,-0.8044077380656386
LV246,24,-0.7797052147226466
LV246,24,-0.3874157738248857
LV246,24,0.9973585359278959
LV246,24,0.8587759660807557
LV246,24,0.8290386255570003
LV246,24,-0.06704041818086637
LV246,24,-0.038363063885264205
LV246,24,-0.19676690297461336
LV246,24,-0.9155071765908512
LV246,24,-0.8592589096784843
LV246,24,-1.563126792261911
LV246,24,0.8391609286954298
LV246,24,2.1527121689923896
LV246,24,1.2555112225081184
LV246,24,0.05517209614677021
LV246,24,-0.29616896016489475
LV246,24,-0.5561357935050897
LV246,24,0.21920221049934072
LV246,24,-0.3958985174452973
LV246,24,1.332516081002583
LV246,24,2.998462186637132
LV246,24,-0.6438664425089937
LV246,24,-0.09487153189504384
LV246,24,1.0328056342549428
LV246,24,0.07781414324439982
LV246,24,1.691542768979152
LV246,24,0.41306651379190534
LV246,24,-1.0981370274757851
LV246,24,1.2478841478304286
LV246,24,-0.27550657994779043
LV246,24,0.017132740322796724
LV246,24,0.8788495613906359
LV246,24,-0.03120964695979982
LV246,24,-0.3333336458275928
LV246,24,-2.0388629382315737
LV246,24,0.49681449293744695
LV246,24,-2.771640524611999
LV246,24,0.10485139616213912
LV246,24,-0.328925688239139
LV246,24,0.6740792088803029
LV246,24,-0.5501875089981724
LV246,24,1.562962931864717
LV246,24,1.7467849466559153
LV246,24,-1.15522095064061
LV246,24,1.779130872719917
LV246,24,-1.6936520868386784
LV246,24,0.24933398886603012
LV246,24,0.6350267196427458
LV246,24,0.8559808001339937
LV246,24,0.5941064756445832
LV246,24,0.06537437779827376
LV246,24,0.4202407381354056
LV246,24,-0.05922683534463877
LV246,24,-0.40050270054550235
LV246,24,0.854827794632504
LV246,24,0.77946422960756
LV246,24,-0.8168060692956421
LV246,24,-0.9974235972134108
LV246,24,0.9972967277816129
LV246,24,-1.2672433571012527
LV246,24,0.4192437521451929
LV246,24,-0.28820784695495694
LV246,24,1.4646264239969948
LV246,24,0.45843950912568215
LV246,24,0.5669736025262536
LV246,24,0.26945534009022104
LV246,24,0.4311099408837354
LV246,24,-0.8307129383332215
LV246,24,0.07418230957346932
LV246,24,-0.7437874208105254
LV246,24,-0.9837803610522609
LV246,24,1.0194642501512663
LV246,24,-0.11523657555337963
LV246,24,2.928823732111078
LV246,24,2.7953829064540514
LV246,24,-0.9786094286785149
LV246,24,-0.011481830478801865
LV246,24,-1.1774891866933936
LV246,24,-0.9076784216789732
LV246,24,0.8032409673439297
LV246,24,-0.8405263091122067
LV246,24,-0.7854116129949006
LV246,24,-1.6174878335832532
LV246,24,-2.255133073853479
LV246,24,1.0067151549818096
LV246,24,-0.7457303495935824
LV246,24,1.602781755418603
LV246,24,1.0225078407748172
LV246,24,0.25282110983444295
LV246,24,-1.1689373017568014
LV246,24,1.404515888483752
LV246,24,-0.46599993702264103
LV246,24,-0.3978531142770094
LV246,24,-1.016660055187257
LV246,24,0.7766399116011546
LV246,24,0.02800317128677504
LV246,24,-0.9668320688305092
LV246,24,-1.0644532133312907
LV246,24,-0.08814907416604452
LV246,24,-0.4692449911364422
LV246,24,-1.9882193444366205
LV246,24,0.9163832897315473
LV246,24,-0.41874676027582075
LV246,24,0.842541989630245
LV246,24,1.843177008533015
LV246,24,1.7513155813132035
LV246,24,-0.8154131643789199
LV246,24,1.9367335178429297
LV246,24,-0.3083513421847998
LV246,24,-2.0403544616400264
LV246,24,0.6413446609357004
LV246,24,0.7258785174759692
LV246,24,0.23689574062746907
LV246,24,-0.07726253190268513
LV246,24,-1.299663879203871
LV246,24,1.0954012473878347
LV246,24,-0.43968725908920175
LV246,24,0.009718255324168121
LV246,24,0.614485354790953
LV246,24,0.12336580783096072
LV246,24,-0.6399013650335879
LV246,24,-0.6924803376977624
LV246,24,-0.010408478374479366
LV246,24,2.324308669720047
LV246,24,-1.0563942763573948
LV246,24,0.3203049128741296
LV246,24,-0.3029660861804899
LV246,24,-1.0927670880430849
LV246,24,0.5123661955955323
LV246,24,-0.3666008781235005
LV246,24,-1.0752327924613114
LV246,24,0.7961520678639714
LV246,24,0.10383988832808878
LV246,24,-0.5353709656533525
LV246,24,-0.9454167562972343
LV246,24,-0.5815858666897955
LV246,24,0.23234231173271505
LV246,24,0.5717417885394477
LV246,24,-0.3080359797551993
LV246,24,-1.0541546973713727
LV246,24,0.29577224453044854
LV246,24,0.02344349294181201
LV246,24,-0.036849179727221085
LV246,24,1.2516991662528492
LV246,24,0.03373695154318008
LV246,24,1.2002298141786005
LV246,24,0.36351635703951746
LV246,24,0.5105517237196531
LV246,24,0.4741562261684658
LV246,24,2.3343145813638397
LV246,24,2.1655045045774517
LV246,24,1.2056312898542607
LV246,24,1.2134786124968167
LV246,24,-0.8613963661457801
LV246,24,0.04798587863870779
LV246,24,-1.2045457659455927
LV246,24,0.22809673147771536
LV246,24,2.2784422206877193
LV246,24,2.8515067623460806
LV246,24,1.3156430711752516
LV246,24,-0.9815456949288306
LV246,24,-0.7430628458262257
LV246,24,-0.7652060206268579
LV246,24,0.47057355724744226
LV246,7,0.2209674633566771
LV246,7,-0.04426888369393136
LV246,7,-0.5400018504768048
LV246,7,1.287414008399919
LV246,7,-0.30221964436012383
LV246,7,-0.5334477211065607
LV246,7,0.3311717628359378
LV246,7,-0.6609268787782807
LV246,7,-1.1099767683234358
LV246,7,-0.9418276421011083
LV246,7,0.10021537336446114
LV246,7,0.973738259170226
LV246,7,-0.3033822560341312
LV246,7,0.6802601900465562
LV246,7,-0.5727352324972014
LV246,7,0.7602112323039409
LV246,7,-0.5865493109557699
LV246,7,0.27949199360573995
LV246,7,0.1685681482454462
LV246,7,0.22057465120161682
LV246,7,-0.5091174449977003
LV246,7,2.0421724320164807
LV246,7,-1.119512934954855
LV246,7,-0.7779757974772037
LV246,7,-0.22474101302455762
LV246,7,-2.120687860021918
LV246,7,-0.08502875293990664
LV246,7,-0.9330212025335725
LV246,7,-1.2611447025048923
LV246,7,0.3357242546418109
LV246,7,1.0124763837246948
LV246,7,0.5698796625165001
LV246,7,0.4837132208275066
LV246,7,0.27521348622193403
LV246,7,0.9901568203292661
LV246,7,-2.3683828798158175
LV246,7,0.4830623624809163
LV246,7,0.2674692361320967
LV246,7,0.03375686569054084
LV246,7,0.32973984611359813
LV246,7,0.015537766598313067
LV246,7,-0.6796270174903288
LV246,7,1.0815217626379428
LV246,7,0.07493955180315294
LV246,7,-0.6499283085956509
LV246,7,-1.0419136608564843
LV246,7,1.993716949807658
LV246,7,1.7055989473167643
LV246,7,-0.1421828222416661
LV246,7,-0.30085355082830434
LV246,7,0.6619704465908698
LV246,7,-0.05914495311131369
LV246,7,1.3852782037868736
LV246,7,1.8328246530911656
LV246,7,0.2573414265016984
LV246,7,-0.005815548660877432
LV246,7,1.5572454437372962
LV246,7,-1.1673204798806918
LV246,7,0.1751756791959361
LV246,7,-2.0324135731647184
LV246,7,0.1495109591376005
LV246,7,-0.3427033738361313
LV246,7,0.8994931885239803
LV246,7,-1.9764296308947813
LV246,7,0.22971429053883088
LV246,7,-1.156424572321794
LV246,7,1.6913254394370734
LV246,7,0.21920484253065173
LV246,7,-0.021622416413485314
LV246,7,-0.3999170555232737
LV246,7,0.4431596694234251
LV246,7,-1.3695246417846858
LV246,7,-2.3760726506514587
LV246,7,1.1896353462928484
LV246,7,-0.5903391499225787
LV246,7,2.143533962972129
LV246,7,-0.7740585093857947
LV246,7,-0.10303061565153028
LV246,7,1.529138289108877
LV246,7,-0.023739932287407676
LV246,7,1.801402233072054
LV246,7,1.2457767423989623
LV246,7,1.0619719347353853
LV246,7,1.3395608925680997
LV246,7,1.0399681865272172
LV246,7,1.2891165063634278
LV246,7,-1.3070733228975422
LV246,7,0.7172272425424372
LV246,7,0.7365269082892095
LV246,7,0.17085241998333137
LV246,7,0.8891149614992285
LV246,7,0.21772755006301583
LV246,7,0.0481462802396231
LV246,7,-1.3898664749615446
LV246,7,-0.2333691259130811
LV246,7,0.3403556151649742
LV246,7,-1.5289906370273183
LV246,7,1.2528413772636284
LV246,7,-1.0730392100619959
LV246,7,-0.275394638134727
LV246,7,-0.788091100417805
LV246,7,-1.307567521483498
LV246,7,1.3260976537001918
LV246,7,0.5164201998361095
LV246,7,0.7367977164091041
LV246,7,0.6400402638097622
LV246,7,-1.7111638463294119
LV246,7,1.709759449402961
LV246,7,0.49633014532596076
LV246,7,-0.6544735686421165
LV246,7,-1.1364233975527447
LV246,7,-1.5040580262594938
LV246,7,-1.414239432630824
LV246,7,2.020503329929871
LV246,7,-1.8143660160331536
LV246,7,-0.5717807820547401
LV246,7,-0.0501390871432014
LV246,7,-0.6305000876904864
LV246,7,-0.3037122227819558
LV246,7,-1.1112004103748665
LV246,7,-0.8930526579257193
LV246,7,0.6792189301313736
LV246,7,0.404107601431189
LV246,7,0.629804147947311
LV246,7,-0.10848075313872153
LV246,7,-0.7300275026614268
LV246,7,-0.6221671723849551
LV246,7,0.5365176562647085
LV246,7,0.7227252230810746
LV246,7,0.7933037066286739
LV246,7,0.0357389916844364
LV246,7,1.3408730456826978
LV246,7,0.7490130372018491
LV246,7,0.3008558870855525
LV246,7,-0.8242481675003113
LV246,7,1.509596033283817
LV246,7,1.6108312495084958
LV246,7,-0.9708750105319022
LV246,7,1.0209416544072873
LV246,7,-0.7298206743423992
LV246,7,-0.2474710851157124
LV246,7,0.4076262068804906
LV246,7,-1.2957068405000836
LV246,7,1.0993313739887154
LV246,7,2.1052735315762643
LV246,7,-0.6438726885071655
LV246,7,-0.06405514758932278
LV246,7,0.3542796730862041
LV246,7,0.0684646881879727
LV246,7,0.40313919794704933
LV246,7,2.2031233768837675
LV246,7,-1.009501680911987
LV246,7,-1.3061656945522577
LV246,7,1.4146910454861856
LV246,7,-0.587508072094035
LV246,7,0.3316421391556142
LV246,7,-0.7087810189225678
LV246,7,1.3728196406395017
LV246,7,-0.2657824954897768
LV246,7,0.42997761837714904
LV246,7,0.5179632871344237
LV246,7,-0.4389187564382303
LV246,7,0.49091744282863903
LV246,7,0.38105686461999494
LV246,7,0.5246615695755061
LV246,7,0.8044287617013154
LV246,7,-0.5556765330113976
LV246,7,0.3016463325686099
LV246,7,-1.734879337809193
LV246,7,-1.0835025733288586
LV246,7,-0.9830940748236329
LV246,7,0.2539836780694716
LV246,7,1.8977729141624282
LV246,7,-0.016190939701547433
LV246,7,-0.5967699423451404
LV246,7,0.030554132148181742
LV246,7,1.5069120579495552
LV246,7,0.453907623692817
LV246,7,0.25485333258791193
LV246,7,-1.0802467501645037
LV246,7,0.27799206998513865
LV246,7,0.2697995642514574
LV246,7,-0.4667329255512408
LV246,7,-0.6423220291313546
LV246,7,1.1972196752403585
LV246,7,0.5169936074574483
LV246,7,-0.12522426135376294
LV246,7,0.2425616387438665
LV246,7,-0.7658070719029106
LV246,7,0.5658362865728506
LV246,7,0.7367742344609138
LV246,7,1.9431598899554463
LV246,7,1.0195365093746716
LV246,7,-0.2471881389839509
LV246,7,1.212330620859329
LV246,7,-1.8032714194295407
LV246,7,-1.1788592199512302
LV246,7,0.03880077681796898
LV246,7,0.6032002066810276
LV246,7,-0.706773822829397
LV246,56,0.15192942247889532
LV246,56,1.1587741383991108
LV246,56,-0.06237740707511425
LV246,56,0.22584104011593914
LV246,56,-0.85908397032503
LV246,56,-0.4921981421836463
LV246,56,-0.7028630102497818
LV246,56,-0.10266341945430142
LV246,56,-0.33345472282900823
LV246,56,1.6621791831027266
LV246,56,-0.6898205072680724
LV246,56,-0.7403037891006663
LV246,56,1.3042974414408866
LV246,56,-1.8782046335275497
LV246,56,-1.0423095804903424
LV246,56,0.08225621199290435
LV246,56,-0.8994405614006693
LV246,56,-1.0827440149366738
LV246,56,-0.9429739361921131
LV246,56,-0.8149433323992753
LV246,56,1.881163720492053
LV246,56,0.4632941823360967
LV246,56,-1.1387949006856186
LV246,56,-1.6119304605499627
LV246,56,-0.5403403164587629
LV246,56,-0.5923186364339297
LV246,56,1.603502939531593
LV246,56,0.49426754517439325
LV246,56,1.5800214973676423
LV246,56,-0.7095509648037247
LV246,56,-0.5807398592580131
LV246,56,0.780330982430206
LV246,56,-1.163903311718493
LV246,56,-0.3497190292960846
LV246,56,1.1669885229726367
LV246,56,-0.9730099174327176
LV246,56,0.30359803011958736
LV246,56,1.554226945806789
LV246,56,-1.5654475749901162
LV246,56,-0.3574720275151189
LV246,56,0.8389277387992501
LV246,56,1.0838268804682627
LV246,56,1.9999384134406226
LV246,56,-0.8867811506747949
LV246,56,0.45847857825726096
LV246,56,-0.03509958932556695
LV246,56,-0.23817502039671448
LV246,56,0.024012110485433294
LV246,56,0.22649891734924535
LV246,56,1.1696639646256282
LV246,56,0.31675676788914225
LV246,56,0.4673306103325398
LV246,56,0.8950006041647836
LV246,56,-0.45663204698791693
LV246,56,-1.1380434046028867
LV246,56,-0.3071178394740441
LV246,56,0.426528912135926
LV246,56,0.3264187316019914
LV246,56,-0.011385067777502677
LV246,56,0.021387229904618263
LV246,56,1.4538836858887414
LV246,56,0.10482331271213756
LV246,56,1.156669663022638
LV246,56,1.5789408373042753
LV246,56,0.7429013126979594
LV246,56,-0.9210402938559112
LV246,56,2.3127237352727286
LV246,56,1.1850459313334176
LV246,56,0.12862890782230227
LV246,56,-0.453540053156129
LV246,56,0.6378656034888364
LV246,56,-1.558479744884052
LV246,56,-1.2303662520523084
LV246,56,-0.01785868792794588
LV246,56,-0.819050816333544
LV246,56,-1.2984502222512888
LV246,56,0.5847962036803153
LV246,56,-0.5055533443186067
LV246,56,-2.3128540968526874
LV246,56,-1.4914397401895023
LV246,56,-0.5691330308947008
LV246,56,0.6126987436444185
LV246,56,2.266344119443415
LV246,56,0.016091123302943367
LV246,56,0.17211323280591925
LV246,56,-0.9544053253238619
LV246,56,0.441055052494065
LV246,56,-0.13285866674659144
LV246,56,-0.865438598293025
LV246,56,0.7964592485924392
LV246,56,2.3131088690611055
LV246,56,-1.348305030221863
LV246,56,-0.348292289696735
LV246,56,1.638978995188198
LV246,56,0.8459024889052291
LV246,56,0.13635780535197717
LV246,56,0.43292969995009806
LV246,56,2.0129378851584914
LV246,56,0.05276582369579649
LV246,56,-1.3728321082350519
LV246,56,-1.1431145184103875
LV246,56,-1.4596336972081674
LV246,56,-1.54251472178495
LV246,56,-0.6079222287328696
LV246,56,1.4013826540425942
LV246,56,-0.29489507809147036
LV246,56,0.48273659818946035
LV246,56,-0.2538212992851688
LV246,56,-0.7357252149039796
LV246,56,1.1501017346741182
LV246,56,0.21785101201475635
LV246,56,-2.0257415770043847
LV246,56,-0.821777481893953
LV246,56,1.3762191481444952
LV246,56,0.847709059611029
LV246,56,0.0342347797852718
LV246,56,-0.08205790009030718
LV246,56,0.9502743288504686
LV246,56,1.4556374153691358
LV246,56,0.24479865827410247
LV246,56,0.6365779797498488
LV246,56,-0.17356820433130948
LV246,56,-0.6570667689726968
LV246,56,-0.7823043971676249
LV246,56,-1.4240495728938853
LV246,56,0.510274830648456
LV246,56,-0.8369305583363525
LV246,56,0.06636090590444133
LV246,56,0.6157761683576115
LV246,56,-0.23343402505259542
LV246,56,-0.28813156032006376
LV246,56,-0.7834596924791183
LV246,56,0.37827212039095237
LV246,56,0.611992068480677
LV246,56,1.78290735755989
LV246,56,-0.33186065710144336
LV246,56,0.12705090922097728
LV246,56,0.7429979010492642
LV246,56,-0.733229162980587
LV246,56,0.23880379076146263
LV246,56,0.908581833116893
LV246,56,-0.160592409088245
LV246,56,0.39738407310660856
LV246,56,0.32514213744141246
LV246,56,-1.1282777734583591
LV246,56,1.9860390500862863
LV246,56,0.8062108806566783
LV246,56,1.4105273411334385
LV246,56,1.133831648283741
LV246,56,-0.04416828898439376
LV246,56,0.9284911766273618
LV246,56,0.07446690365937346
LV246,56,-0.238883405675378
LV246,56,0.4594220579391699
LV246,56,-1.7081240536990105
LV246,56,-1.135135122186469
LV246,56,0.828924706584839
LV246,56,0.06390015658597978
LV246,56,-1.7475461001117885
LV246,56,0.6135525152048229
LV246,56,0.21239078740743242
LV246,56,1.8790483481042195
LV246,56,1.973060895149764
LV246,56,0.041316007744350285
LV246,56,1.4751810859339007
LV246,56,-0.6421239438687133
LV246,56,-0.5580627013753796
LV246,56,0.3148770201727463
LV246,56,-0.5008433696637622
LV246,56,1.715332816013662
LV246,56,0.5306037223530098
LV246,56,-0.3714272811369685
LV246,56,0.09279036082915047
LV246,56,0.825329991992937
LV246,56,-1.1294529538270794
LV246,56,-0.19823816310902787
LV246,56,0.21681303854090414
LV246,56,-0.806747480699086
LV246,56,-0.022993911159947252
LV246,56,-1.3359111247800874
LV246,56,-1.1681941358803969
LV246,56,-0.21588267814154263
LV246,56,0.1543653950160518
LV246,56,0.2508821070883373
LV246,56,0.7558603249527238
LV246,56,-0.4417587400440003
LV246,56,1.297158944516993
LV246,56,-1.2102140191961615
LV246,56,-0.9159235769838361
LV246,56,-0.8411957440311378
LV246,56,-0.6171389527576963
LV246,56,0.12748132791301323
LV246,56,0.15926064537743495
LV246,56,-2.5581574089381967
LV246,56,-0.01737343950478176
LV246,56,1.114577742772892
LV246,56,0.5257207742136979
LV246,56,0.1727279462083375
LV246,56,1.083105583159107
LV246,56,1.1504756002634
LV57,362,0.4972112028477989
LV57,362,-0.29536371372670095
LV57,362,1.9743107175744097
LV57,362,-0.29755208032991126
LV57,362,-1.2207749584996255
LV57,362,-0.4183058121008571
LV57,362,-1.2207749584996255
LV57,362,-1.2207749584996255
LV57,362,-1.2207749584996255
LV57,362,-0.38738583664928833
LV57,362,1.2488574783819448
LV57,362,-0.26546629777376857
LV57,362,2.6683944702119313
LV57,362,1.3131823201717285
LV57,362,-1.2207749584996255
LV57,362,2.55515164346748
LV57,362,0.5093320604731406
LV57,362,-0.18943973238977535
LV57,362,-0.25954508754695726
LV57,362,0.3189024844767774
LV57,362,-1.2207749584996255
LV57,362,-0.29536371372670095
LV57,362,-1.2207749584996255
LV57,362,-1.2207749584996255
LV57,362,-0.2736588898088499
LV57,362,0.5093320604731406
LV57,362,-0.15988029035129678
LV57,362,0.41300306001598786
LV57,362,-0.36043806919401
LV57,362,1.5127455397560592
LV57,362,0.3779065849601466
LV57,362,1.1566966876028608
LV57,362,-0.2736588898088499
LV57,362,-0.03765431406380408
LV57,362,1.5444556669150042
LV57,362,0.708705887128051
LV57,362,-0.33959835414843925
LV57,362,-0.3142515859376671
LV57,362,-0.05900707698980628
LV57,362,-0.38738583664928833
LV57,362,-1.2207749584996255
LV57,362,-0.3629932795246069
LV57,362,-0.15988029035129678
LV57,362,0.47201724754242963
LV57,362,-1.2207749584996255
LV57,362,-1.2207749584996255
LV57,362,-1.2207749584996255
LV57,362,0.7842670572144051
LV57,362,1.3556271481346591
LV57,362,1.1563257858696405
LV57,362,-0.29536371372670095
LV57,362,-0.05900707698980628
LV57,362,-1.2207749584996255
LV57,362,0.6278591644430134
LV57,362,-1.2207749584996255
LV57,362,1.4450957998720075
LV57,362,-0.29755208032991126
LV57,362,1.5419271234798877
LV57,362,-0.23693532832814151
LV57,362,-0.3617224280404464
LV57,362,-0.23693532832814151
LV57,362,-1.2207749584996255
LV57,362,-1.2207749584996255
LV57,362,0.608971292232047
LV57,362,-0.29755208032991126
LV57,362,-0.03528235168236471
LV57,362,2.4940201624114327
LV57,362,2.0684473513940294
LV57,362,0.697589443918117
LV57,362,-0.058082315431767444
LV57,362,0.873820057501587
LV57,362,-1.2207749584996255
LV57,362,-0.46463861545326884
LV57,362,-1.2207749584996255
LV57,362,-0.18943973238977535
LV57,362,-1.2207749584996255
LV57,362,-1.2207749584996255
LV57,362,0.7489244351189805
LV57,362,-1.2207749584996255
LV57,362,-1.2207749584996255
LV57,362,0.08946619697451781
LV57,362,-1.2207749584996255
LV57,362,0.8664041677831182
LV57,362,0.6884759164447829
LV57,362,2.1672427498255287
LV57,362,-0.25954508754695726
LV57,362,-0.25954508754695726
LV57,362,-1.2207749584996255
LV57,362,-0.322629338981799
LV57,362,-0.4567497941406126
LV57,362,-1.2207749584996255
LV57,362,-1.2207749584996255
LV57,362,-0.22563343425159724
LV57,362,-0.03528235168236471
LV57,362,-1.2207749584996255
LV57,362,1.3480971704807458
LV57,362,-1.2207749584996255
LV57,362,1.5960506603467985
LV57,362,2.553688616421327
LV57,362,-0.29755208032991126
LV57,362,1.4689531060271943
LV57,362,1.296777947531122
LV57,362,-0.26825901738867375
LV57,362,-1.2207749584996255
LV57,362,-0.4662640207042904
LV57,362,-0.29536371372670095
LV57,362,0.5288208653765987
LV57,362,-0.3784093538301171
LV57,362,-1.2207749584996255
LV57,362,2.8658535557998612
LV57,362,-1.2207749584996255
LV57,362,-0.6289376483977936
LV57,362,1.6221287391803554
LV57,362,0.05183468567422532
LV57,362,-1.2207749584996255
LV57,362,-0.29536371372670095
LV57,362,-0.3617224280404464
LV57,362,-1.2207749584996255
LV57,362,-0.29536371372670095
LV57,362,-0.3741992887204468
LV57,362,-0.46463861545326884
LV57,362,-1.2207749584996255
LV57,362,-0.42103047316077613
LV57,362,0.499527802435361
LV57,362,1.0148774417474427
LV57,362,-0.18943973238977535
LV57,362,2.342356194402919
LV57,362,1.7882745126083863
LV57,362,-1.2207749584996255
LV57,362,-1.2207749584996255
LV57,362,-0.5114989015925786
LV57,362,0.8013495806013714
LV57,362,-0.15988029035129678
LV57,362,1.7429229930381285
LV57,362,-1.2207749584996255
LV57,362,-0.2736588898088499
LV57,362,-0.2035915059919712
LV57,362,-0.18943973238977535
LV57,362,-1.2207749584996255
LV57,362,1.471496548140873
LV57,362,0.940937502963252
LV57,362,-1.2207749584996255
LV57,362,-1.2207749584996255
LV57,362,0.9045226977549933
LV57,362,0.8664041677831182
LV57,362,1.4887566962403411
LV57,362,0.66717161770274
LV57,362,1.094128672481606
LV57,362,0.5866779994967655
LV57,362,-0.29536371372670095
LV57,362,1.097897400471081
LV57,362,1.615441319480588
LV57,362,-0.29755208032991126
LV57,362,-1.2207749584996255
LV57,362,-0.4183058121008571
LV57,362,0.993680912046046
LV57,362,1.621896041531536
LV57,362,0.993680912046046
LV57,362,-1.2207749584996255
LV57,362,0.6862875498415727
LV57,362,-0.3870352829167493
LV57,362,-0.5102198181537264
LV57,362,-1.2207749584996255
LV57,362,-0.18943973238977535
LV57,362,-1.2207749584996255
LV57,362,-0.23693532832814151
LV57,362,0.8009702150274116
LV57,362,0.8226825752418114
LV57,362,-0.6059330452113374
LV57,362,1.9139996493549578
LV57,362,0.4836686518642985
LV57,362,-0.26546629777376857
LV57,362,1.4173466342360415
LV57,362,2.1625882751055316
LV57,362,-0.33959835414843925
LV57,362,2.475471713402719
LV57,362,-0.18943973238977535
LV57,362,-1.2207749584996255
LV57,362,1.5685912942988869
LV57,362,0.6764529147315508
LV57,362,2.0189470426021945
LV57,362,-0.23693532832814151
LV57,362,-0.4183058121008571
LV57,362,-1.2207749584996255
LV57,362,-1.2207749584996255
LV57,362,0.2806740405183151
LV57,362,1.1157553508013975
LV57,362,-0.25954508754695726
LV57,362,-1.2207749584996255
LV57,362,1.0733058271460019
LV57,362,-0.3617224280404464
LV57,362,0.5636888167324782
LV57,362,-0.6059330452113374
LV57,362,-1.2207749584996255
LV57,362,-0.29536371372670095
LV57,362,-1.2207749584996255
LV57,362,0.8881089917009691
LV57,362,0.7963061750079494
LV57,362,1.490541349234588
LV57,362,-0.1535444678712824
LV57,315,1.1841939531869847
LV57,315,0.5523974025171072
LV57,315,1.158232264135498
LV57,315,-0.6412888258609057
LV57,315,1.4613501940213085
LV57,315,-0.04650189218606631
LV57,315,0.33564659281419174
LV57,315,-1.1996707014373549
LV57,315,1.509372234947038
LV57,315,0.47821533880235456
LV57,315,2.402088898900965
LV57,315,-1.600900569536762
LV57,315,-0.534584699529283
LV57,315,-1.7291007669833436
LV57,315,-0.7501227778229277
LV57,315,-0.07416282989986102
LV57,315,0.8956891089156572
LV57,315,-0.49972075901280066
LV57,315,1.32997500564412
LV57,315,0.163834041528488
LV57,315,0.16419890352193683
LV57,315,-0.47477076921485123
LV57,315,-1.401312029797738
LV57,315,0.9120293142671226
LV57,315,-0.5671416528821507
LV57,315,0.2751574541084791
LV57,315,0.27067590040853956
LV57,315,-1.7630836645232235
LV57,315,0.2010754111325881
LV57,315,-0.7950693296303352
LV57,315,-1.519912123319252
LV57,315,-1.4270854617222999
LV57,315,-1.4585592077393899
LV57,315,1.0645743293381436
LV57,315,-2.0815447342364193
LV57,315,-0.49300122594889184
LV57,315,-1.2905081759411638
LV57,315,0.5077814918541844
LV57,315,0.1884445401250632
LV57,315,0.0769614208148834
LV57,315,-0.6499340199699639
LV57,315,0.13294060638437968
LV57,315,-0.662797426693931
LV57,315,0.6449244453438167
LV57,315,-0.7824950593597642
LV57,315,-0.27593590900050313
LV57,315,-0.5157526276275392
LV57,315,1.5304983491530721
LV57,315,0.7623980813581581
LV57,315,-0.8516816905384166
LV57,315,-0.7102555642615245
LV57,315,1.1958985496904915
LV57,315,2.286426618559513
LV57,315,0.0501171980522659
LV57,315,-0.5746485956982071
LV57,315,0.3894681288537573
LV57,315,0.6178251937564204
LV57,315,0.48452403297813595
LV57,315,0.23398128128046466
LV57,315,0.9424761895045829
LV57,315,-0.18555910920622048
LV57,315,-0.03215966737445528
LV57,315,-0.7929744702161632
LV57,315,0.40528451084885064
LV57,315,-0.6168340712824801
LV57,315,-0.7397147712634529
LV57,315,0.690233113551333
LV57,315,-0.530836945748627
LV57,315,-0.11876800350016416
LV57,315,-1.559852269652225
LV57,315,-0.00015459715320581384
LV57,315,-1.6576581638410597
LV57,315,0.9061553296019844
LV57,315,1.0810063941286778
LV57,315,0.4860054362636326
LV57,315,0.9870806271726487
LV57,315,-0.042602130658608725
LV57,315,-1.180020244584362
LV57,315,-1.0087663507808569
LV57,315,2.160502838783677
LV57,315,0.6032323557134497
LV57,315,0.6875618588010732
LV57,315,-1.3484159662847517
LV57,315,1.2097343587736145
LV57,315,-0.779858695345502
LV57,315,0.6447571434155547
LV57,315,-0.32714361187425783
LV57,315,1.3561030719910596
LV57,315,-0.2783369256597816
LV57,315,0.7791539468973976
LV57,315,-0.23221051408296522
LV57,315,0.1538154469070465
LV57,315,1.7297666451491958
LV57,315,-1.9755179674826113
LV57,315,-0.6024190646597585
LV57,315,0.3623285991289974
LV57,315,-0.16383910712095917
LV57,315,0.03975036595787936
LV57,315,-0.43684448257497577
LV57,315,-0.24539863675341808
LV57,315,-2.348862655541977
LV57,315,-1.353456998314385
LV57,315,0.9088844305129815
LV57,315,-1.248303367983162
LV57,315,0.0034680953225164797
LV57,315,-0.7118768135418736
LV57,315,0.31689212402320505
LV57,315,-0.862376238918402
LV57,315,0.11324092698685011
LV57,315,-1.2641915977215266
LV57,315,-0.38278712742899035
LV57,315,0.2576564288754483
LV57,315,-0.04751716731546656
LV57,315,0.7495821422633957
LV57,315,0.36385130896998286
LV57,315,-0.021697654710912184
LV57,315,-0.8171124437072094
LV57,315,-2.439144095501555
LV57,315,-0.5132424571216545
LV57,315,-0.4334323988090812
LV57,315,0.9067513969728344
LV57,315,-0.06750735124555061
LV57,315,-1.2554307962062539
LV57,315,0.3520272650035948
LV57,315,1.1827397039139815
LV57,315,-1.309426068863631
LV57,315,-1.1027104499975766
LV57,315,-0.23474396080456417
LV57,315,0.32918892897083896
LV57,315,0.3873125455951074
LV57,315,-0.48572771517699975
LV57,315,0.8544066599247772
LV57,315,0.522128736101044
LV57,315,0.19948389162756158
LV57,315,0.18073330063335633
LV57,315,0.18077290888368416
LV57,315,-0.3145014565724523
LV57,315,1.114028277388999
LV57,315,-0.6118812001606803
LV57,315,0.9042523409307149
LV57,315,0.33536521195435604
LV57,315,-0.10344262983175191
LV57,315,0.35453352940761373
LV57,315,-0.42918287133403776
LV57,315,1.397782773428791
LV57,315,-0.574580371005942
LV57,315,0.035315034463363364
LV57,315,0.9974372694360788
LV57,315,-0.14695792553101067
LV57,315,1.5729066046341476
LV57,315,0.27255937744053416
LV57,315,1.3995689847502946
LV57,315,0.09948632519543414
LV57,315,0.10394796154986417
LV57,315,0.9819529344047433
LV57,315,1.3663517586565217
LV57,315,-0.36447694470274317
LV57,315,1.0385607570640356
LV57,315,0.4400587431128002
LV57,315,-0.7826945441707961
LV57,315,-0.574557896767664
LV57,315,0.1693423905278253
LV57,315,-1.6662439738797092
LV57,315,-0.2058488269912872
LV57,315,1.8911748506665456
LV57,315,-0.030486666961887805
LV57,315,-0.7384372117722339
LV57,315,-1.343141200290038
LV57,315,-0.6388758550203132
LV57,315,-2.0942785697117503
LV57,315,1.2242936269846005
LV57,315,-1.5731925698999927
LV57,315,-0.5430306163979395
LV57,315,-1.340538613678393
LV57,315,-1.3435106760125055
LV57,315,-0.7314953328228392
LV57,315,-0.18077031323288306
LV57,315,-0.5768971989044541
LV57,315,0.24393136815878108
LV57,315,0.9354432153534409
LV57,315,1.5378977703824772
LV57,315,0.697949136602574
LV57,315,-0.2694116432898164
LV57,315,0.5012533955218592
LV57,315,0.7304224767314255
LV57,315,0.9546103722981727
LV57,315,0.803323763610183
LV57,315,0.8685647790220742
LV57,315,-0.10683937224104097
LV57,315,-0.8000881610375222
LV57,315,-1.4058657331618671
LV57,315,0.03336951268287785
LV57,315,-1.949575988206004
LV57,315,-0.34547519324551484
LV57,315,0.23123374432346075
LV57,315,0.5027984946858649
LV57,315,0.39589800653769575
LV57,315,0.12472257376303672
LV57,315,1.7391828792356685
LV57,315,1.5613319945205373
LV246,139,0.40705540836075155
LV246,139,0.06648879085052291
LV246,139,0.9385374557638018
LV246,139,-1.6709529103255019
LV246,139,-1.753230954495892
LV246,139,0.5433988027122554
LV246,139,1.772274453458001
LV246,139,0.5877060594485868
LV246,139,-0.016578023489820008
LV246,139,2.415740893536006
LV246,139,0.13570686070333748
LV246,139,0.7715946471924762
LV246,139,1.3613891391373483
LV246,139,-0.1029035586972176
LV246,139,-0.9620008514765577
LV246,139,0.5763769792439821
LV246,139,1.7223258750172454
LV246,139,0.21005778807151343
LV246,139,-2.4604192577090607
LV246,139,0.9933903590214087
LV246,139,-0.23318227007326386
LV246,139,-0.3644719179828345
LV246,139,1.2415073080155088
LV246,139,0.04002534099833421
LV246,139,0.6037444486523625
LV246,139,0.5122775362755524
LV246,139,0.08391110891506923
LV246,139,0.7722104964717517
LV246,139,0.9370085991614151
LV246,139,-1.7950709755896928
LV246,139,1.1071635045589059
LV246,139,-1.5205276512819512
LV246,139,0.764877227644341
LV246,139,0.6564742728424658
LV246,139,0.7975174266907867
LV246,139,0.687814335230168
LV246,139,1.0303074244064943
LV246,139,1.0193891600482625
LV246,139,-0.09779092365743389
LV246,139,0.5185472526839007
LV246,139,-0.4437801605436659
LV246,139,-0.725888282299611
LV246,139,-0.7509970135335263
LV246,139,1.368243622131026
LV246,139,-0.09733048784785324
LV246,139,-1.8576976418764248
LV246,139,-0.8747930171496933
LV246,139,0.42670734797985616
LV246,139,1.895207818694844
LV246,139,0.49756961744388667
LV246,139,1.3460161255534773
LV246,139,0.623144637175085
LV246,139,2.016877185585778
LV246,139,1.0119029119380525
LV246,139,-0.6943306410543457
LV246,139,0.26381259218096087
LV246,139,1.3829656779710897
LV246,139,0.6707508724844814
LV246,139,-0.7904634215568771
LV246,139,0.6574214524043961
LV246,139,1.7363997817906638
LV246,139,1.2076675229527492
LV246,139,0.5708718783819661
LV246,139,-1.8418439700073956
LV246,139,0.732220457402637
LV246,139,0.48664629746675453
LV246,139,0.5026921764763025
LV246,139,0.6585766613215355
LV246,139,0.6507367071339326
LV246,139,-0.07485648303796759
LV246,139,0.47464276025274715
LV246,139,0.564123469762475
LV246,139,-0.8764132493824454
LV246,139,2.0763953952336713
LV246,139,1.4362194140746563
LV246,139,-0.06390741685351298
LV246,139,-0.35947265987787647
LV246,139,0.30038025812697433
LV246,139,-0.5614304040369434
LV246,139,0.8554206469699613
LV246,139,-0.9380669898999247
LV246,139,-0.49461553198734204
LV246,139,-0.25728409054424034
LV246,139,-0.37145756620003184
LV246,139,1.6631087555612307
LV246,139,-0.621116291711469
LV246,139,-0.17682541381744665
LV246,139,0.733602607434537
LV246,139,0.9065950257472093
LV246,139,1.7413778811943317
LV246,139,1.8123041884976796
LV246,139,1.0356496219930553
LV246,139,0.680324997575085
LV246,139,-1.134298683926816
LV246,139,-0.3611013181421134
LV246,139,0.7803124066160803
LV246,139,0.3442100397455988
LV246,139,-0.30831475867332
LV246,139,-0.45469074785099256
LV246,139,-1.4919130355906312
LV246,139,-0.34538077757061925
LV246,139,0.49681576849333253
LV246,139,0.27888002168949944
LV246,139,-0.7949076850544377
LV246,139,2.08235765511525
LV246,139,0.9311813430288086
LV246,139,0.533619831433906
LV246,139,-0.007470981411423148
LV246,139,1.509315986221844
LV246,139,-1.5988631553186747
LV246,139,-0.012531000565668858
LV246,139,-0.36916297058045533
LV246,139,0.720431409501308
LV246,139,1.1399313111711182
LV246,139,1.0000884923196909
LV246,139,-1.0010423066451493
LV246,139,1.1583183162185775
LV246,139,-0.165908647420374
LV246,139,-1.6910258706513228
LV246,139,1.2939435318195056
LV246,139,0.6534825635510373
LV246,139,-0.5687116187142628
LV246,139,0.39506525917456276
LV246,139,0.4003201069013557
LV246,139,0.7156248266497249
LV246,139,-0.9122721924576705
LV246,139,0.4323157145388971
LV246,139,-0.6239569877941019
LV246,139,-0.17024440235686436
LV246,139,-1.0629650248122702
LV246,139,0.7487325768212337
LV246,139,0.1775202929866579
LV246,139,-1.785328704359601
LV246,139,-1.1444088918652657
LV246,139,-0.11474269467461072
LV246,139,1.557605572684996
LV246,139,0.8059394324091358
LV246,139,-0.21434531494429077
LV246,139,0.4351480782126237
LV246,139,0.41243393150529195
LV246,139,0.7916847404490018
LV246,139,0.6969559240376737
LV246,139,-0.5061567609403317
LV246,139,-0.24487825713792327
LV246,139,1.1457899308653823
LV246,139,1.3728702623990396
LV246,139,-0.18596943681182418
LV246,139,-2.2291816158613353
LV246,139,-0.11004059461350033
LV246,139,-0.011930318143082607
LV246,139,-0.7185459320827143
LV246,139,-0.12108318974748083
LV246,139,0.6289375338237394
LV246,139,-1.373094288774986
LV246,139,-2.6249461358073556
LV246,139,0.07740771056675592
LV246,139,-0.2876056329700794
LV246,139,0.42813874348468595
LV246,139,0.7830828857696499
LV246,139,1.397301540701234
LV246,139,-0.2892889668164245
LV246,139,0.6076589956369798
LV246,139,-0.20906125697500072
LV246,139,0.2552417265729766
LV246,139,0.8062158062419711
LV246,139,0.9337085907400591
LV246,139,0.24586673669322917
LV246,139,-0.44729016439424657
LV246,139,0.89371518125836
LV246,139,-1.6194334387474907
LV246,139,0.025849104753615442
LV246,139,0.3696137757041895
LV246,139,0.6533163834855524
LV246,139,0.27962338491196304
LV246,139,0.3549869340199556
LV246,139,1.6036864154271686
LV246,139,-1.5374220316624367
LV246,139,0.21238000234986132
LV246,139,0.8740385252802239
LV246,139,0.41695655709570106
LV246,139,0.6614272813968124
LV246,139,1.0500174100202915
LV246,139,-1.1567401080816204
LV246,139,-0.1448462837525968
LV246,139,0.1176121453259705
LV246,139,1.2332469884791788
LV246,139,-0.6814720488893531
LV246,139,-1.1642682991041329
LV246,139,-0.49790205875832494
LV246,139,0.064574302873663
LV246,139,1.9244209634895901
LV246,139,-0.95609635672196
LV246,139,0.9882413984236573
LV246,139,-0.4617707676208619
LV246,139,-0.345225925836371
LV246,139,0.09471337490647058
LV246,139,-0.04120413036454963
LV246,139,-0.40413942729106883
LV246,139,-1.710278416377846
LV246,139,-0.2660775906286763
LV246,146,-2.2640969456342055
LV246,146,-0.9997281679533124
LV246,146,-1.108953440193166
LV246,146,-1.9418135931664944
LV246,146,-2.151546379702266
LV246,146,1.371287494829301
LV246,146,0.014108448283926727
LV246,146,1.436948554152157
LV246,146,-1.0999069805863166
LV246,146,-0.2500568316373208
LV246,146,0.9887060551273708
LV246,146,-0.2560628792987596
LV246,146,0.4945675798141264
LV246,146,-0.1998653531531449
LV246,146,-0.03635232920821343
LV246,146,2.3509443672296926
LV246,146,-0.40341534821254754
LV246,146,2.8761274230164187
LV246,146,0.4495101431162871
LV246,146,-1.6395850162582495
LV246,146,0.3720072481928735
LV246,146,2.512511222149714
LV246,146,1.0790104313589401
LV246,146,-1.3201588478283959
LV246,146,-0.6448339083160999
LV246,146,0.22996744735886127
LV246,146,0.8064936401445908
LV246,146,-0.23771979960853468
LV246,146,0.13640021297219118
LV246,146,0.5315246069346317
LV246,146,-0.66486860410488
LV246,146,-0.007207901618476482
LV246,146,-0.6222219948755926
LV246,146,1.3795209328874598
LV246,146,-0.08367260964789806
LV246,146,0.24627086159190031
LV246,146,-0.39745228381024467
LV246,146,-2.176625072055694
LV246,146,-1.0591766298901824
LV246,146,-0.30711538253344006
LV246,146,0.6915663405214124
LV246,146,-0.23435737925709252
LV246,146,-0.7621804019789492
LV246,146,0.6375417174780936
LV246,146,-1.2855297145402067
LV246,146,-0.8109022922457024
LV246,146,0.8336527849894264
LV246,146,0.9387110864823992
LV246,146,-0.18400975963936322
LV246,146,-0.8108559623581189
LV246,146,0.37303121191595967
LV246,146,-0.8136434946913984
LV246,146,0.5354486333725784
LV246,146,-1.000596827199967
LV246,146,0.5028048874114299
LV246,146,-0.28786683068362956
LV246,146,-0.4093813409147405
LV246,146,-0.37160334400297657
LV246,146,0.5971776134327865
LV246,146,-0.19435230569502024
LV246,146,-1.342762394697784
LV246,146,-0.0051868517820316
LV246,146,0.015008273007997735
LV246,146,-0.3595482654209696
LV246,146,-0.25230618428323603
LV246,146,1.0937650886953194
LV246,146,-0.19595523613969243
LV246,146,-0.337458635182697
LV246,146,0.16396994729479558
LV246,146,0.9378989015908172
LV246,146,0.4250727484392979
LV246,146,-1.5601326056814715
LV246,146,0.1640993154007544
LV246,146,-1.2401028937273715
LV246,146,1.9755239803324702
LV246,146,-1.5324770094227347
LV246,146,-1.5099932091025199
LV246,146,2.4584679834856478
LV246,146,-0.08168262070674348
LV246,146,-1.5262161996706622
LV246,146,0.2407693181690637
LV246,146,0.16114811201991744
LV246,146,-0.38545096044768584
LV246,146,0.2617745362079001
LV246,146,1.143222714310035
LV246,146,-0.508616822653834
LV246,146,0.27807502214104246
LV246,146,2.3436674374149566
LV246,146,0.08268870885308133
LV246,146,-0.3424172927219093
LV246,146,-0.11416708807016968
LV246,146,-0.8219238901299772
LV246,146,-0.5518570401041645
LV246,146,-0.6089861839441163
LV246,146,-0.9941263302591653
LV246,146,-0.40873157208504973
LV246,146,-0.0005853422475514187
LV246,146,-0.5919760036156234
LV246,146,0.1253843671055637
LV246,146,-0.18968836062354788
LV246,146,-0.4372984971031523
LV246,146,-1.0496996056170043
LV246,146,2.6688826455677943
LV246,146,-0.6835234954425812
LV246,146,-0.30125229865603614
LV246,146,-1.829327449832182
LV246,146,-1.3188856648680383
LV246,146,-1.764760738011966
LV246,146,2.0434511254434797
LV246,146,1.0494092935681296
LV246,146,-1.6507918291107193
LV246,146,-0.5284514528106835
LV246,146,0.23442275106299826
LV246,146,0.3579651089695954
LV246,146,-0.10544682015490166
LV246,146,-0.5670175807220591
LV246,146,0.7621485123955738
LV246,146,0.1711262939032499
LV246,146,0.35048006069822074
LV246,146,0.8515080935832942
LV246,146,-0.30707166719933493
LV246,146,-0.20695895047818882
LV246,146,0.046050029763735296
LV246,146,0.3351774975355457
LV246,146,-0.4118411128243543
LV246,146,-1.602386195232344
LV246,146,0.4135805309294552
LV246,146,1.0015382835843918
LV246,146,-0.3514103108557287
LV246,146,-0.14519619038708576
LV246,146,0.010744772946811731
LV246,146,2.5587969760702727
LV246,146,-0.5355367881467477
LV246,146,-0.2757892669417303
LV246,146,-0.9638941438415444
LV246,146,1.9329210864372879
LV246,146,0.5137620626980706
LV246,146,1.9802511975980432
LV246,146,-1.6385767921470873
LV246,146,0.887972852575461
LV246,146,-0.7372337968670979
LV246,146,-0.48911790116322507
LV246,146,0.1442997202604793
LV246,146,-0.16782891567325486
LV246,146,-0.6264219089962596
LV246,146,-0.5259334286496403
LV246,146,-0.6588414308513612
LV246,146,0.38597680741167706
LV246,146,-0.08008742934036067
LV246,146,0.05604619977497234
LV246,146,0.5307696284730915
LV246,146,1.4923913110005103
LV246,146,0.6817068593658593
LV246,146,0.9101860989020385
LV246,146,-1.451552500657195
LV246,146,0.20167264506647364
LV246,146,0.4640473741856609
LV246,146,-1.3172021015941904
LV246,146,-0.18313179258234147
LV246,146,0.35982227859420407
LV246,146,0.7387667698297842
LV246,146,-0.5062903929714696
LV246,146,-0.149426014999503
LV246,146,-0.06435681148270272
LV246,146,0.3686888569219547
LV246,146,-0.9707152001123158
LV246,146,-0.6230400363669613
LV246,146,0.46413313153965396
LV246,146,0.5471257521041913
LV246,146,1.0628753943697116
LV246,146,0.8433302932230862
LV246,146,1.1212539810244693
LV246,146,-0.9270679489769431
LV246,146,-0.8348063180137267
LV246,146,-0.17929749761967184
LV246,146,-1.3248690182053124
LV246,146,-1.9977540564144085
LV246,146,-1.5561056704187357
LV246,146,-1.8546796767702038
LV246,146,0.20347354950029511
LV246,146,-0.18049161648293188
LV246,146,1.4940565724000288
LV246,146,2.2395822727255053
LV246,146,-0.099108515037816
LV246,146,0.44023736776060945
LV246,146,0.804211448707022
LV246,146,-1.5772440215205297
LV246,146,0.14199033746677153
LV246,146,-0.372390847509752
LV246,146,1.8531645510002566
LV246,146,-1.041750944723382
LV246,146,0.07491616428155236
LV246,146,-0.9385180198847585
LV246,146,-0.3423622825167883
LV246,146,0.0032049236345948594
LV246,146,1.5871590437609242
LV246,146,2.860494903205157
LV246,146,0.6374316970678516
LV246,146,-0.18707788585162297
LV246,146,-0.6090631563984326
LV57,242,0.750174393940074
LV57,242,1.1966281684716198
LV57,242,1.1966281684716198
LV57,242,-0.5867523776363037
LV57,242,1.1275063793579172
LV57,242,-0.5867523776363037
LV57,242,-0.5867523776363037
LV57,242,-0.5867523776363037
LV57,242,-0.5867523776363037
LV57,242,0.750174393940074
LV57,242,-0.5867523776363037
LV57,242,1.1600607071892706
LV57,242,-0.5867523776363037
LV57,242,1.1600607071892706
LV57,242,-0.5867523776363037
LV57,242,-0.5867523776363037
LV57,242,-0.5867523776363037
LV57,242,-0.5867523776363037
LV57,242,0.750174393940074
LV57,242,-0.5867523776363037
LV57,242,3.237456558008455
LV57,242,-0.5867523776363037
LV57,242,1.6920527809408452
LV57,242,-0.5867523776363037
LV57,242,-0.5867523776363037
LV57,242,1.0537199465799647
LV57,242,2.9105419216124555
LV57,242,-0.5867523776363037
LV57,242,0.8654729134356592
LV57,242,1.3997254715912646
LV57,242,1.470880996714167
LV57,242,-0.5867523776363037
LV57,242,-0.5867523776363037
LV57,242,-0.5867523776363037
LV57,242,-0.5867523776363037
LV57,242,-0.5867523776363037
LV57,242,-0.5867523776363037
LV57,242,-0.5867523776363037
LV57,242,-0.5867523776363037
LV57,242,-0.5867523776363037
LV57,242,-0.5867523776363037
LV57,242,1.1966281684716198
LV57,242,-0.5867523776363037
LV57,242,-0.5867523776363037
LV57,242,-0.5867523776363037
LV57,242,-0.5867523776363037
LV57,242,-0.5867523776363037
LV57,242,0.7986451328590981
LV57,242,-0.5867523776363037
LV57,242,-0.5867523776363037
LV57,242,-0.5867523776363037
LV57,242,-0.5867523776363037
LV57,242,1.4892890613655048
LV57,242,-0.5867523776363037
LV57,242,1.1248552098641742
LV57,242,1.4540760119005314
LV57,242,1.0094299617774896
LV57,242,-0.5867523776363037
LV57,242,-0.5867523776363037
LV57,242,-0.5867523776363037
LV57,242,2.3787517294536786
LV57,242,0.750174393940074
LV57,242,-0.5867523776363037
LV57,242,-0.5867523776363037
LV57,242,-0.5867523776363037
LV57,242,-0.5867523776363037
LV57,242,-0.5867523776363037
LV57,242,1.4892890613655048
LV57,242,2.3787517294536786
LV57,242,3.768166057370748
LV57,242,-0.5867523776363037
LV57,242,0.7986451328590981
LV57,242,-0.5867523776363037
LV57,242,1.2182061056872473
LV57,242,-0.5867523776363037
LV57,242,0.750174393940074
LV57,242,-0.5867523776363037
LV57,242,1.0537199465799647
LV57,242,1.044628091161243
LV57,242,0.9367129856854728
LV57,242,-0.5867523776363037
LV57,242,4.105396180044007
LV57,242,-0.5867523776363037
LV57,242,1.0537199465799647
LV57,242,-0.5867523776363037
LV57,242,-0.5867523776363037
LV57,242,-0.5867523776363037
LV57,242,-0.5867523776363037
LV57,242,0.8654729134356592
LV57,242,-0.5867523776363037
LV57,242,-0.5867523776363037
LV57,242,1.3326713110169395
LV57,242,-0.5867523776363037
LV57,242,1.25237419687125
LV57,242,-0.5867523776363037
LV57,242,-0.5867523776363037
LV57,242,-0.5867523776363037
LV57,242,-0.5867523776363037
LV57,242,-0.5867523776363037
LV57,242,1.2182061056872473
LV57,242,0.8654729134356592
LV57,242,-0.5867523776363037
LV57,242,-0.5867523776363037
LV57,242,-0.5867523776363037
LV57,242,-0.5867523776363037
LV57,242,-0.5867523776363037
LV57,242,1.4892890613655048
LV57,242,-0.5867523776363037
LV57,242,0.8654729134356592
LV57,242,-0.5867523776363037
LV57,242,0.750174393940074
LV57,242,0.9367129856854728
LV57,242,0.7587434939205102
LV57,242,-0.5867523776363037
LV57,242,1.686611740457577
LV57,242,-0.5867523776363037
LV57,242,-0.5867523776363037
LV57,242,-0.5867523776363037
LV57,242,-0.5867523776363037
LV57,242,1.044628091161243
LV57,242,-0.5867523776363037
LV57,242,1.0094299617774896
LV57,242,-0.5867523776363037
LV57,242,0.8697135320756197
LV57,242,-0.5867523776363037
LV57,242,-0.5867523776363037
LV57,242,-0.5867523776363037
LV57,242,1.2014033312560146
LV57,242,1.4015560366179314
LV57,242,-0.5867523776363037
LV57,242,-0.5867523776363037
LV57,242,8.158600548430503
LV57,242,-0.5867523776363037
LV57,242,-0.5867523776363037
LV57,242,0.750174393940074
LV57,242,-0.5867523776363037
LV57,242,2.5126303550309603
LV57,242,0.8697135320756197
LV57,242,-0.5867523776363037
LV57,242,-0.5867523776363037
LV57,242,0.750174393940074
LV57,242,-0.5867523776363037
LV57,242,-0.5867523776363037
LV57,242,1.2182061056872473
LV57,242,-0.5867523776363037
LV57,242,-0.5867523776363037
LV57,242,1.9543669654282707
LV57,242,1.1966281684716198
LV57,242,1.044628091161243
LV57,242,-0.5867523776363037
LV57,242,-0.5867523776363037
LV57,242,-0.5867523776363037
LV57,242,1.2014033312560146
LV57,242,-0.5867523776363037
LV57,242,-0.5867523776363037
LV57,242,-0.5867523776363037
LV57,242,-0.5867523776363037
LV57,242,-0.5867523776363037
LV57,242,-0.5867523776363037
LV57,242,0.750174393940074
LV57,242,-0.5867523776363037
LV57,242,-0.5867523776363037
LV57,242,0.750174393940074
LV57,242,-0.5867523776363037
LV57,242,0.750174393940074
LV57,242,-0.5867523776363037
LV57,242,-0.5867523776363037
LV57,242,-0.5867523776363037
LV57,242,-0.5867523776363037
LV57,242,-0.5867523776363037
LV57,242,0.750174393940074
LV57,242,-0.5867523776363037
LV57,242,-0.5867523776363037
LV57,242,0.750174393940074
LV57,242,-0.5867523776363037
LV57,242,1.4540760119005314
LV57,242,0.7587434939205102
LV57,242,-0.5867523776363037
LV57,242,-0.5867523776363037
LV57,242,-0.5867523776363037
LV57,242,-0.5867523776363037
LV57,242,-0.5867523776363037
LV57,242,-0.5867523776363037
LV57,242,-0.5867523776363037
LV57,242,1.6920527809408452
LV57,242,-0.5867523776363037
LV57,242,-0.5867523776363037
LV57,242,-0.5867523776363037
LV57,242,-0.5867523776363037
LV57,242,-0.5867523776363037
LV57,242,0.7587434939205102
LV57,242,0.7986451328590981
LV57,242,-0.5867523776363037
LV57,242,-0.5867523776363037
LV57,242,-0.5867523776363037
LV57,242,-0.5867523776363037
LV57,242,2.5126303550309603
LV57,242,1.1248552098641742
LV57,242,-0.5867523776363037
LV57,242,-0.5867523776363037
LV246,47,0.002334364652986496
LV246,47,0.1571591840873012
LV246,47,-0.36793158048092595
LV246,47,-0.8897053625360011
LV246,47,-0.34414275302952585
LV246,47,0.19140928228123683
LV246,47,-0.6879404569999705
LV246,47,0.16430497087021426
LV246,47,1.801755247651578
LV246,47,1.6558402491189839
LV246,47,0.1811183997041308
LV246,47,1.2043895880952842
LV246,47,-0.7139022659414561
LV246,47,-0.2755009038974275
LV246,47,0.2660661149604126
LV246,47,-0.5174788361571049
LV246,47,-0.7258051188896684
LV246,47,-2.569301852675846
LV246,47,1.1595117219744795
LV246,47,-1.6431420859650996
LV246,47,0.932679065565434
LV246,47,-1.2970053239668415
LV246,47,0.9222936689542721
LV246,47,-0.24863099780703002
LV246,47,1.0606802500358987
LV246,47,-0.7521769268189451
LV246,47,0.5172490042960286
LV246,47,-0.25589209434053306
LV246,47,0.37045748340030826
LV246,47,-1.17846416615741
LV246,47,0.2590971049132418
LV246,47,0.28565549590223915
LV246,47,-0.23306039565793757
LV246,47,-0.5274332540310529
LV246,47,-1.0561879031094763
LV246,47,-2.483211082851358
LV246,47,-1.2601011560187882
LV246,47,-0.7753154083286344
LV246,47,0.36591886427505743
LV246,47,-0.963616020718769
LV246,47,-0.3854956268910158
LV246,47,0.17419274254768607
LV246,47,-0.6916050513513124
LV246,47,1.3388474350480544
LV246,47,2.0893833269083895
LV246,47,-0.9689455606230322
LV246,47,-0.07416156127357183
LV246,47,0.43870368811001076
LV246,47,-0.08366496711574371
LV246,47,-0.3768700316421976
LV246,47,-0.6086490977696085
LV246,47,0.48418591824051943
LV246,47,0.6402363178488544
LV246,47,-0.85922714986809
LV246,47,1.0238924697453609
LV246,47,-0.13325804506465183
LV246,47,0.5470487665709335
LV246,47,0.4339458858131526
LV246,47,1.5779338162546912
LV246,47,-0.5344169078381596
LV246,47,1.342940089900789
LV246,47,0.20484767937051396
LV246,47,-0.458322068449449
LV246,47,1.0165715099418868
LV246,47,0.3499104215910072
LV246,47,-1.067693902276304
LV246,47,-1.266472847886888
LV246,47,0.7144246816621468
LV246,47,-0.8460732150454302
LV246,47,1.224425169923343
LV246,47,-0.013238708794909843
LV246,47,1.626530881914246
LV246,47,0.3173529790450959
LV246,47,0.08047010249781861
LV246,47,0.49623026619048183
LV246,47,-0.5491643571621325
LV246,47,3.289655613425069
LV246,47,-1.7461984272424422
LV246,47,-0.24589469164163882
LV246,47,0.4176488532676737
LV246,47,1.1074899882708968
LV246,47,0.8481805745928581
LV246,47,0.6986848481257891
LV246,47,-1.0544364095175807
LV246,47,-0.006814409810774572
LV246,47,-0.06174467817407454
LV246,47,0.23809545557602224
LV246,47,1.4786456009743412
LV246,47,0.4158794296142407
LV246,47,0.7067940470861692
LV246,47,-0.8427609648065839
LV246,47,-0.502281610450758
LV246,47,0.32108201119823837
LV246,47,0.68069295153761
LV246,47,0.11104629953427703
LV246,47,-0.1402851043433096
LV246,47,-0.06082685357242214
LV246,47,1.7044838225188017
LV246,47,1.8762980588103912
LV246,47,-0.9254515955421972
LV246,47,-1.0483128728560056
LV246,47,0.082478874069485
LV246,47,-1.2939889723241853
LV246,47,0.6779493103470446
LV246,47,-1.1327472940925611
LV246,47,0.9608555525917234
LV246,47,-0.994262413157433
LV246,47,-0.7252044092473453
LV246,47,0.2892646700633754
LV246,47,-1.5195866628818369
LV246,47,-0.9754747583542841
LV246,47,-1.4958286215038383
LV246,47,-0.7951218166282177
LV246,47,0.7692287823343656
LV246,47,-1.7927043797574067
LV246,47,0.40085692999143696
LV246,47,-0.1750060638306945
LV246,47,-0.36734251749147795
LV246,47,-0.7653353573021953
LV246,47,-1.1076813835484434
LV246,47,1.3621893780624899
LV246,47,-1.8819431899023216
LV246,47,-0.35243164696147067
LV246,47,0.415042448031983
LV246,47,-0.41064874273442825
LV246,47,1.9196437196725589
LV246,47,0.169372816005355
LV246,47,1.8223457412228434
LV246,47,0.5308351535053049
LV246,47,-0.1284891219231747
LV246,47,0.3413052014121179
LV246,47,0.2752355011078174
LV246,47,0.2682397537108179
LV246,47,2.022874418967665
LV246,47,-0.2574203560372491
LV246,47,1.8119776174128979
LV246,47,-0.048931756295988935
LV246,47,0.9645162296715568
LV246,47,1.1168165122156748
LV246,47,-1.5432988274894797
LV246,47,-0.9311709696876255
LV246,47,-1.7383664081043306
LV246,47,-0.41842392200004214
LV246,47,-0.2873082437758971
LV246,47,0.7511162916226214
LV246,47,-0.8231932471649134
LV246,47,0.9755312553791349
LV246,47,0.025918547531064335
LV246,47,-1.5296619640738907
LV246,47,-0.3660308887963266
LV246,47,1.140752381945928
LV246,47,-0.019848644383904844
LV246,47,-1.0704450362345204
LV246,47,-0.3862997717476723
LV246,47,0.029648420977416587
LV246,47,1.3308654291048552
LV246,47,0.08394661523590939
LV246,47,-1.15751909378856
LV246,47,-0.5957530456062138
LV246,47,1.4091178175113306
LV246,47,1.9865126222359073
LV246,47,-2.367663824672042
LV246,47,0.5729624903473872
LV246,47,0.10427310048172432
LV246,47,-1.4908825272704265
LV246,47,0.07257998154739423
LV246,47,0.22388191195541915
LV246,47,-0.15484399882660072
LV246,47,-1.968002910749279
LV246,47,-1.409696733473714
LV246,47,-0.3344980362184938
LV246,47,-1.9562543299434427
LV246,47,0.0005132014671409424
LV246,47,1.0968815437974444
LV246,47,0.060108992778331365
LV246,47,-1.4675623264273858
LV246,47,-0.18274561958694885
LV246,47,1.198577566535109
LV246,47,0.22885916032801254
LV246,47,-0.4309474653043143
LV246,47,-0.8979320796416472
LV246,47,-1.4887140414409321
LV246,47,2.1463033062940675
LV246,47,0.3040195595741742
LV246,47,0.23941286816199195
LV246,47,1.6720114294583348
LV246,47,-0.16072048447898882
LV246,47,1.0474454984842578
LV246,47,0.8077905345197532
LV246,47,1.1532718502362151
LV246,47,-1.54280214901065
LV246,47,0.4061126464165264
LV246,47,-0.6559427110523968
LV246,47,-0.2847944596645402
LV246,47,2.6115939504627352
LV246,47,0.03500030773256972
LV246,47,1.078545663448043
LV246,47,1.6313391355132891
LV246,47,-1.7358935055848952
LV246,47,0.07687757016799221
LV246,2,-0.1753605375864591
LV246,2,-0.5311524284131088
LV246,2,-1.0319964759017595
LV246,2,-0.5927092305613262
LV246,2,-2.0344564516476704
LV246,2,0.34532400382920114
LV246,2,1.3928260692042354
LV246,2,0.8170772737349961
LV246,2,0.24274284997527554
LV246,2,1.4565805415810364
LV246,2,1.1116329102269966
LV246,2,0.6189289020374619
LV246,2,-1.9317733377927404
LV246,2,-0.7794590458849341
LV246,2,0.19250440769151622
LV246,2,1.2623014089870237
LV246,2,0.16582536188807934
LV246,2,-0.30846162765547935
LV246,2,0.8240744659801305
LV246,2,2.0535083622788597
LV246,2,1.4788904005523937
LV246,2,0.3754898026042219
LV246,2,-0.12667041713370125
LV246,2,0.539729327238876
LV246,2,0.7933707567325279
LV246,2,0.19277101471683594
LV246,2,1.1219274671240966
LV246,2,0.9628994053712011
LV246,2,0.4538957501586782
LV246,2,-0.4207770348495845
LV246,2,-0.5793434859704313
LV246,2,1.556180556527104
LV246,2,0.09418855785822679
LV246,2,-0.429506951551039
LV246,2,-2.1821455471340356
LV246,2,-0.07039816167971293
LV246,2,-0.850643666158668
LV246,2,0.3412501640828112
LV246,2,0.8233155514199207
LV246,2,-0.8801984876646528
LV246,2,-0.11742976454604406
LV246,2,1.4493482559824473
LV246,2,1.1770606020328247
LV246,2,0.8128555987935556
LV246,2,2.244611148166022
LV246,2,-0.6763643485012484
LV246,2,0.456538066045844
LV246,2,-2.0323268795372487
LV246,2,0.012691854185219249
LV246,2,-0.9288674231706063
LV246,2,0.9943678146263376
LV246,2,-0.9510889860062474
LV246,2,-1.597446834820989
LV246,2,1.1833600012670822
LV246,2,1.298717736982473
LV246,2,-1.6493760911000395
LV246,2,0.7888126410134096
LV246,2,1.8845256556749341
LV246,2,0.41983886370849277
LV246,2,-0.5064895599526261
LV246,2,-2.250209956555948
LV246,2,0.28452324053355826
LV246,2,-0.9423173119879616
LV246,2,1.1020947495189195
LV246,2,0.7688876285074582
LV246,2,-0.10435029750136122
LV246,2,-0.1514398909690693
LV246,2,-1.3292737910053374
LV246,2,0.15313375803813584
LV246,2,-0.3030417525420285
LV246,2,-0.38703123530500066
LV246,2,-1.1179765268952804
LV246,2,1.1418472386954146
LV246,2,0.2869702124935676
LV246,2,1.5955691070351312
LV246,2,-0.21843720866485092
LV246,2,0.3788668022369441
LV246,2,-0.3335468507863417
LV246,2,1.154280062889941
LV246,2,0.5420377887836375
LV246,2,0.6250229519239051
LV246,2,1.1196421473686151
LV246,2,-1.0371028138025082
LV246,2,0.008342031585645423
LV246,2,0.2892673073359482
LV246,2,1.115430954296437
LV246,2,-0.15138605227694807
LV246,2,-0.7869576662524976
LV246,2,0.01636193777276037
LV246,2,2.330027832718753
LV246,2,-1.3129655338754556
LV246,2,-1.1769045068614066
LV246,2,0.5234504397621536
LV246,2,0.4644512987939959
LV246,2,0.9804698769460902
LV246,2,0.2667067172873515
LV246,2,0.36096780233438647
LV246,2,-0.35290931362053124
LV246,2,-0.11218842153048063
LV246,2,-0.43770241203227456
LV246,2,-1.0021904298539146
LV246,2,0.8967041548662246
LV246,2,-3.038219344162088
LV246,2,0.9848252297526634
LV246,2,-0.19847033674593642
LV246,2,-0.2070208195003601
LV246,2,0.27904401353701164
LV246,2,0.5560072618183936
LV246,2,-2.2252102729653145
LV246,2,-0.23985459432301373
LV246,2,0.30362404800469106
LV246,2,0.02738542700013764
LV246,2,-0.2871976073993578
LV246,2,-1.4924055556224112
LV246,2,0.13101497197253137
LV246,2,0.30142348505244737
LV246,2,-0.05771925178182804
LV246,2,1.1742592884404865
LV246,2,-0.14604084346597035
LV246,2,-0.5490485866400723
LV246,2,-0.28639405981467736
LV246,2,-0.7351544816769613
LV246,2,0.5116068803931928
LV246,2,1.4367368656579969
LV246,2,-0.619649336167063
LV246,2,0.4865441864748331
LV246,2,-0.3778095385653267
LV246,2,-1.6511808784075301
LV246,2,0.9146328477263485
LV246,2,1.16190722228414
LV246,2,0.13232799625782743
LV246,2,0.2428267729934564
LV246,2,-0.9811922849341917
LV246,2,1.0608343005144898
LV246,2,0.012655473931189697
LV246,2,0.020318605194899995
LV246,2,-0.16640010484134843
LV246,2,-0.3418336532711467
LV246,2,-1.7187942781788041
LV246,2,0.7558553639064948
LV246,2,-1.1708608243986882
LV246,2,0.39128808956887146
LV246,2,-1.3123171724071236
LV246,2,0.01736932027934298
LV246,2,-0.7228684547001737
LV246,2,-0.7527092474639796
LV246,2,-0.004590263888834407
LV246,2,-1.2552301728262834
LV246,2,-0.9210650157706776
LV246,2,0.29992369291484744
LV246,2,-0.12269846932422951
LV246,2,1.1850503728458142
LV246,2,0.2761695991161826
LV246,2,-2.041438244393325
LV246,2,0.09909294961546679
LV246,2,0.359104939345412
LV246,2,0.17272093445264536
LV246,2,-0.12854476593720454
LV246,2,-1.8346122292124796
LV246,2,1.3598857060227214
LV246,2,1.0040530958565563
LV246,2,0.0305114743473408
LV246,2,-1.1626874847454414
LV246,2,-0.8428100683912729
LV246,2,0.621168210470729
LV246,2,-1.1106088958614488
LV246,2,-0.3797519174229057
LV246,2,-2.40417389715751
LV246,2,0.6924114169065838
LV246,2,0.5515399776221991
LV246,2,-0.5259787921472098
LV246,2,0.43252281034874757
LV246,2,-0.342957867781552
LV246,2,-0.9755520183098904
LV246,2,1.5435017146933057
LV246,2,-1.7944520701921798
LV246,2,0.49354018759846247
LV246,2,-2.097077520862445
LV246,2,-0.09203301209302091
LV246,2,-1.5332625037083127
LV246,2,0.31557904529864794
LV246,2,-0.4510215837722435
LV246,2,-1.3271219449227336
LV246,2,-0.22304232263543378
LV246,2,-0.4685299809005907
LV246,2,0.40380514306996507
LV246,2,1.112626918140657
LV246,2,-1.9451940781652162
LV246,2,-1.01162601798421
LV246,2,0.6910110493827807
LV246,2,-0.02013167699247218
LV246,2,-0.8996184646516103
LV246,2,-1.1040423450891763
LV246,2,1.769142191734994
LV246,2,-1.0712193414081552
LV246,2,-1.111398609420627
LV246,2,-0.14756062942886528
LV246,2,-0.6955729865008127
LV246,2,0.8485273737509634
LV246,2,0.47801099199827873
LV57,324,1.5921014660152437
LV57,324,-1.246449617097534
LV57,324,1.8915303753177286
LV57,324,-0.13209789214201248
LV57,324,-0.7774451745260097
LV57,324,2.2010641358145677
LV57,324,0.1124082629307348
LV57,324,0.548988023043727
LV57,324,-0.9969418375686148
LV57,324,-0.38726724434228715
LV57,324,-0.24843421346814154
LV57,324,-0.14853752520223232
LV57,324,0.04671347671419918
LV57,324,0.7541945509043364
LV57,324,1.5794877835386194
LV57,324,-0.4519878377745218
LV57,324,0.9784633847013815
LV57,324,-0.6887279960804276
LV57,324,-0.9344772513105319
LV57,324,0.340267584022815
LV57,324,-1.0799215897132255
LV57,324,0.9985964620357408
LV57,324,1.6883195552293297
LV57,324,-0.09105479987494615
LV57,324,-0.4170807105226625
LV57,324,-1.015362015201217
LV57,324,0.0025837748544938316
LV57,324,1.8942296581961042
LV57,324,-0.35902436881552224
LV57,324,1.6665239033087127
LV57,324,0.7885669528720669
LV57,324,-0.933988341129495
LV57,324,-0.6774960067999181
LV57,324,-0.6631467917724568
LV57,324,0.30506467371278445
LV57,324,0.4372650173041134
LV57,324,-0.7015939306819527
LV57,324,-0.41251930993920705
LV57,324,-0.388787906881908
LV57,324,-0.13620105890750367
LV57,324,-0.30352307613982443
LV57,324,-0.546173047833371
LV57,324,0.8195742345769287
LV57,324,2.2777028274485898
LV57,324,-0.33351671515210907
LV57,324,-0.2149816244855515
LV57,324,-0.9837597768742312
LV57,324,1.5198163945349175
LV57,324,1.7322607001873365
LV57,324,0.12924573289683458
LV57,324,0.4804785525716884
LV57,324,-0.5056269261950476
LV57,324,-0.6880869571788406
LV57,324,0.9726588595007606
LV57,324,-0.35769742796026904
LV57,324,-0.27191800800113214
LV57,324,0.35970481931358445
LV57,324,0.5595064557346257
LV57,324,0.003586645823654378
LV57,324,1.0370310549449318
LV57,324,1.9789814914902195
LV57,324,-1.449580711380458
LV57,324,0.43813685519690726
LV57,324,0.24514311354943918
LV57,324,-0.2508791406780739
LV57,324,-0.3128372734277596
LV57,324,-0.7214165340207713
LV57,324,-0.3159966001499385
LV57,324,0.5128076084676112
LV57,324,-0.9418185806429475
LV57,324,0.03364403650485343
LV57,324,0.49185085084060776
LV57,324,-0.33260614985615533
LV57,324,1.0297229232174014
LV57,324,-1.6193855083173316
LV57,324,-0.4422548960888971
LV57,324,0.5425133047311526
LV57,324,0.33724041552819994
LV57,324,-0.06171311448347004
LV57,324,1.3197167398055005
LV57,324,2.6933503047954
LV57,324,-0.05992982886008811
LV57,324,-0.5116360445242115
LV57,324,-0.1771022090235532
LV57,324,0.06980985798283446
LV57,324,-0.5418195029406249
LV57,324,0.8712848552391738
LV57,324,0.5294311868148405
LV57,324,1.703421998774479
LV57,324,0.7466399470928371
LV57,324,-1.1395145078877875
LV57,324,-0.502750266429042
LV57,324,0.7404915038121801
LV57,324,-1.5761443823856194
LV57,324,-0.7477183035942875
LV57,324,0.3685983417604716
LV57,324,-0.6990471979854453
LV57,324,-0.08369737222540316
LV57,324,-0.5265313097271981
LV57,324,2.043944413891145
LV57,324,-0.276762860136161
LV57,324,-0.8469385464448527
LV57,324,-0.48180560135512146
LV57,324,-0.4837687531220426
LV57,324,0.7940041670079808
LV57,324,-0.9351115882245539
LV57,324,1.5611700849780916
LV57,324,0.19964036973977983
LV57,324,-0.7565933457149914
LV57,324,0.6844658078915965
LV57,324,2.087879223758716
LV57,324,-0.3814619082049336
LV57,324,-0.4573320274951597
LV57,324,1.1155590221977105
LV57,324,0.8576462352829555
LV57,324,1.6382348777676299
LV57,324,0.13649787424088236
LV57,324,0.04875652550525599
LV57,324,0.09381484211816137
LV57,324,0.30572712059149587
LV57,324,0.14187703396176937
LV57,324,0.144531291977024
LV57,324,-0.9560587350282884
LV57,324,0.16609786650065742
LV57,324,-0.09459348693986926
LV57,324,2.291333025704544
LV57,324,1.967691092186696
LV57,324,-1.4677103441169834
LV57,324,0.3118284843851072
LV57,324,0.4626699077853677
LV57,324,1.9374858551329814
LV57,324,-0.6083178728947279
LV57,324,-0.9697746479797853
LV57,324,-1.923232453620307
LV57,324,-0.19039080159214908
LV57,324,-0.10198638507497663
LV57,324,-0.48888495484794314
LV57,324,-1.0666079296038289
LV57,324,0.24194994574125558
LV57,324,-1.654935074324441
LV57,324,-1.2178522624979755
LV57,324,0.27039023826501507
LV57,324,1.508064878919059
LV57,324,-0.404471430811592
LV57,324,1.718423150489035
LV57,324,-1.4897611927471561
LV57,324,-0.8851318075929354
LV57,324,-0.051378171750835526
LV57,324,-1.230626775742452
LV57,324,3.2956292077053893
LV57,324,-1.2279141472161819
LV57,324,-0.887925990765757
LV57,324,0.5901967721870406
LV57,324,-0.22949596956261292
LV57,324,-0.6046941823502365
LV57,324,-1.2097969174841565
LV57,324,-0.76666410369916
LV57,324,-0.9583308781500424
LV57,324,-2.0992720012133583
LV57,324,-0.01710791394395356
LV57,324,1.0770411756260299
LV57,324,0.1865330770358136
LV57,324,-0.9815501756016262
LV57,324,0.6579783940151325
LV57,324,-0.46339249072569033
LV57,324,1.9590618222231293
LV57,324,1.001184766999304
LV57,324,0.5801366561011511
LV57,324,0.5072433990052783
LV57,324,-0.9211704380660286
LV57,324,0.5516300963112352
LV57,324,-0.29279904558670505
LV57,324,-0.7210805258665424
LV57,324,0.2561249316703052
LV57,324,0.6399040705504956
LV57,324,-0.6502371663081433
LV57,324,0.3679767766296032
LV57,324,-0.5107878931337924
LV57,324,-0.32414164492658315
LV57,324,-0.8840512861389862
LV57,324,-0.38873085908208266
LV57,324,-0.6370995490860444
LV57,324,-0.24980788384702496
LV57,324,-0.7734617780357721
LV57,324,-0.16164005012503888
LV57,324,1.4848755202732407
LV57,324,-0.04293023175627858
LV57,324,0.0948067701452448
LV57,324,-0.5398958782244535
LV57,324,0.132179163878676
LV57,324,1.931140333529603
LV57,324,0.46091008099998804
LV57,324,-0.10942325818295745
LV57,324,-1.4072115512851542
LV57,324,-0.19800343159581885
LV57,324,0.43957185572365043
LV57,324,0.308824609154405
LV57,324,1.7898290122665503
LV57,324,0.41655237609335505
LV57,324,1.1937290671892495
LV246,158,-0.17221416684100016
LV246,158,-0.6876114284999275
LV246,158,1.0694064923072475
LV246,158,-1.4179335515196514
LV246,158,-0.7402685269398528
LV246,158,0.15983007424150317
LV246,158,1.2039187237347122
LV246,158,1.4965244073831705
LV246,158,-0.0571762806236142
LV246,158,0.9638107617973964
LV246,158,-0.0067264757005130365
LV246,158,0.1581560833899998
LV246,158,0.6241015272678279
LV246,158,-1.0908442422326459
LV246,158,-0.6797812180786921
LV246,158,-0.469731440528152
LV246,158,0.931693618615212
LV246,158,0.6713915528651825
LV246,158,0.7071590184282731
LV246,158,-0.14910452238929317
LV246,158,1.243473222246107
LV246,158,0.6691132562363633
LV246,158,-0.3617471811050587
LV246,158,0.08331865311496099
LV246,158,1.669227524527937
LV246,158,0.15268251526889912
LV246,158,-0.0930637810695101
LV246,158,1.701989460847783
LV246,158,-0.7770505614349206
LV246,158,-0.6590165729941816
LV246,158,0.48684377958011144
LV246,158,0.9078247798202682
LV246,158,-0.8444148437514276
LV246,158,-0.5341207656898376
LV246,158,0.09662772731389206
LV246,158,0.5910879909229829
LV246,158,1.2731447485858052
LV246,158,1.5107061757425564
LV246,158,-1.4215391425033654
LV246,158,-1.1468170414050591
LV246,158,1.532057737320672
LV246,158,-0.5137402247187256
LV246,158,0.8011901241138945
LV246,158,0.9642564983396696
LV246,158,0.27014404698758376
LV246,158,-1.2116538307700337
LV246,158,-0.9042330407682272
LV246,158,1.1541393639595818
LV246,158,0.6158685464826424
LV246,158,-0.8818418403944708
LV246,158,1.5713138762860754
LV246,158,-0.644846898261914
LV246,158,-0.621544319144072
LV246,158,1.4655897354932756
LV246,158,0.27564090097456095
LV246,158,-0.7056733357132704
LV246,158,1.1484149845282923
LV246,158,-0.39685276470956615
LV246,158,0.35202646575183116
LV246,158,0.4338913825588228
LV246,158,-0.27323816828039454
LV246,158,0.9509336779683035
LV246,158,0.10765253318614389
LV246,158,0.9560095084771133
LV246,158,0.9789038337851688
LV246,158,-1.7530372549153959
LV246,158,-0.772897226793258
LV246,158,0.1534144801721971
LV246,158,0.23482997976779388
LV246,158,-0.9904972210068046
LV246,158,1.4402066018173185
LV246,158,-0.21871279224030082
LV246,158,-0.7294390406570914
LV246,158,-0.9900274849995415
LV246,158,-1.0115215034958274
LV246,158,-0.5190480124979335
LV246,158,-2.677033107403847
LV246,158,-0.34475338153628315
LV246,158,1.465090854595821
LV246,158,-1.5576371789547923
LV246,158,-0.24107730776292033
LV246,158,1.013918377165674
LV246,158,1.0633995276262065
LV246,158,-1.193225434074093
LV246,158,0.012805896385010705
LV246,158,1.3988735138472201
LV246,158,-0.2447810374039464
LV246,158,-2.508301770262612
LV246,158,0.0985488112486143
LV246,158,-0.9739730447717496
LV246,158,0.03095493780614408
LV246,158,-1.2632845295558044
LV246,158,-1.0722914539435107
LV246,158,-0.001788482494546069
LV246,158,-0.317238501955128
LV246,158,-0.23357944674028278
LV246,158,2.4169282272711
LV246,158,0.6273665061263433
LV246,158,1.4610378369666637
LV246,158,1.5293098549159805
LV246,158,-0.5930288984872407
LV246,158,-0.8968002299386477
LV246,158,0.9018747152792295
LV246,158,-0.6332331102144062
LV246,158,1.7320502367260815
LV246,158,0.8108171019923545
LV246,158,-0.4502361755966365
LV246,158,0.347192207322553
LV246,158,-0.21180637343197625
LV246,158,-0.8708847137646527
LV246,158,0.44551809050610475
LV246,158,1.014064890331449
LV246,158,-2.08355488214268
LV246,158,0.10143967638134781
LV246,158,-0.8466753379602069
LV246,158,0.24549002381846374
LV246,158,-0.10293019023015658
LV246,158,1.2106839813706303
LV246,158,0.08446782937483678
LV246,158,0.16255467078031807
LV246,158,-1.2391573303231889
LV246,158,-0.974669705297752
LV246,158,-0.22211915761831508
LV246,158,0.5655839960915622
LV246,158,-1.2062790022318135
LV246,158,-0.9939339143472292
LV246,158,-0.021366149344982138
LV246,158,1.0670437280778593
LV246,158,-0.36031637732056027
LV246,158,-0.7978023241775027
LV246,158,-2.2323190024320914
LV246,158,-0.7161307176151246
LV246,158,-0.937428056635508
LV246,158,-1.9844420869239314
LV246,158,1.7290993541519466
LV246,158,-0.49773532329269027
LV246,158,-0.7914670475665435
LV246,158,2.0997345471506317
LV246,158,0.3585509024651793
LV246,158,-0.05503983998739441
LV246,158,1.2991765814156355
LV246,158,0.6757722627197641
LV246,158,-1.385700260691948
LV246,158,1.013035692617605
LV246,158,-0.39533719286171215
LV246,158,-0.30229449706680517
LV246,158,0.3449178167099478
LV246,158,-0.5507233627119071
LV246,158,-0.8413723575855656
LV246,158,0.5224806189472118
LV246,158,-0.732716113142725
LV246,158,-1.014766501579107
LV246,158,0.6598001117373454
LV246,158,0.20094491355579236
LV246,158,-0.42657690959457417
LV246,158,-0.8423011631712102
LV246,158,-0.7935758644054229
LV246,158,-0.7060212716188665
LV246,158,-0.8132947487650393
LV246,158,-1.212827062831673
LV246,158,-1.0289818842126186
LV246,158,-0.9983466610463116
LV246,158,0.7631216394238306
LV246,158,1.6775688597051364
LV246,158,-1.8188811579794821
LV246,158,-0.6950322583759362
LV246,158,-1.3992403344361484
LV246,158,1.4850364005692405
LV246,158,-1.3499882492917026
LV246,158,-0.2561300426217403
LV246,158,-0.017577351177813928
LV246,158,0.21300286071594599
LV246,158,-1.176195090719032
LV246,158,1.3317705965962412
LV246,158,0.6493959117485235
LV246,158,0.3895285405333998
LV246,158,-1.4150319448423345
LV246,158,0.5164113082381826
LV246,158,0.12372139562764056
LV246,158,-0.42328346188713234
LV246,158,0.4861505368182901
LV246,158,1.997722924535333
LV246,158,0.8022984562138668
LV246,158,0.6856868210417838
LV246,158,0.06184378912125005
LV246,158,-0.553606828948549
LV246,158,0.9536242846545094
LV246,158,-0.129064443311989
LV246,158,0.9987091387534621
LV246,158,-0.2610705897613839
LV246,158,0.5772104786917542
LV246,158,1.2256473661086156
LV246,158,1.7054623975117043
LV246,158,0.9607942656624809
LV246,158,1.5068345249622876
LV246,158,-0.9959419447005003
LV246,158,-0.741936339525329
LV246,158,1.0749496926788855
LV246,158,-1.9088394530499497
LV246,158,-1.2800151988401876
LV246,127,-1.5307762193224266
LV246,127,0.3817090265633361
LV246,127,1.1032891414065225
LV246,127,-1.0802235217750658
LV246,127,0.003704788612303086
LV246,127,0.546844626635366
LV246,127,0.21598938600946674
LV246,127,0.5164615984081514
LV246,127,-0.8954621307291966
LV246,127,0.259849327541904
LV246,127,0.627655608358843
LV246,127,1.3394603212027179
LV246,127,-1.483307672142732
LV246,127,-1.3987901293025566
LV246,127,-1.0096534477268797
LV246,127,-0.8395171775010016
LV246,127,1.4379082829360996
LV246,127,-3.034285597428686
LV246,127,-0.4167701499146895
LV246,127,0.9584692559195577
LV246,127,0.034127889531556876
LV246,127,-0.1282535002987248
LV246,127,0.8998044637423822
LV246,127,-1.0526608943202227
LV246,127,-0.3248367698890921
LV246,127,2.333774037798818
LV246,127,-0.4117311989371486
LV246,127,-0.9204164494646727
LV246,127,-0.9318993933970782
LV246,127,-1.2292636373038122
LV246,127,-0.35639873888811907
LV246,127,1.4132823647988144
LV246,127,0.003194920620069682
LV246,127,-1.0150342111656645
LV246,127,-1.1985633940807927
LV246,127,0.5777203643579419
LV246,127,0.027215187257316358
LV246,127,0.6985231325520258
LV246,127,-0.1651753276058726
LV246,127,-0.2582397566493799
LV246,127,-1.1248432154850692
LV246,127,-1.2467499917747868
LV246,127,-1.9511787229291153
LV246,127,-0.30130769237407506
LV246,127,0.05806725059815237
LV246,127,-0.9479912399046379
LV246,127,0.4346994060895729
LV246,127,0.03349096178407193
LV246,127,-0.3528820615167798
LV246,127,0.8549992845093365
LV246,127,-0.07150318369877914
LV246,127,0.853907656594975
LV246,127,0.9609775458059422
LV246,127,0.8828245021250367
LV246,127,1.8648328615181837
LV246,127,1.2852134075754955
LV246,127,-1.0400171454955995
LV246,127,0.2410532802090906
LV246,127,1.3545062595881892
LV246,127,-0.29772232671623744
LV246,127,0.8900064190430979
LV246,127,0.8979097530159814
LV246,127,1.3058208709062658
LV246,127,0.8524757908915526
LV246,127,3.408861704172633
LV246,127,0.27268692394185556
LV246,127,-1.6793555531917352
LV246,127,-1.252332150355562
LV246,127,-1.673099326319638
LV246,127,-0.7418570948482736
LV246,127,-0.7727678011530708
LV246,127,0.4663080722636094
LV246,127,-1.996265822781513
LV246,127,0.16685222930886887
LV246,127,-0.18734497433776423
LV246,127,-0.08892199016311102
LV246,127,0.40394518962009657
LV246,127,-1.3474041235320657
LV246,127,0.9594790008805316
LV246,127,-0.31916947041249544
LV246,127,0.28671627568721897
LV246,127,0.4075587907790966
LV246,127,-1.1211753152853532
LV246,127,1.274386178858654
LV246,127,-0.47999323796107807
LV246,127,1.030191555611539
LV246,127,-0.6249226989121905
LV246,127,1.0949298040897872
LV246,127,-0.16529521988775173
LV246,127,1.0030790672041432
LV246,127,-0.21668307182562668
LV246,127,1.9211476998116657
LV246,127,0.7223836514115177
LV246,127,-0.22745339514780258
LV246,127,-0.3198112850736415
LV246,127,-1.0853737857860635
LV246,127,0.9256733955195182
LV246,127,0.8542147719692122
LV246,127,-0.2694717304156412
LV246,127,-0.27784475109063705
LV246,127,-0.894092274530258
LV246,127,1.089906599834048
LV246,127,-1.8195770701174476
LV246,127,0.5124911439536276
LV246,127,0.026434367051960117
LV246,127,-0.5920685213424354
LV246,127,0.10792810491328385
LV246,127,1.249584331829485
LV246,127,-1.4672150654485996
LV246,127,-3.7464151271340658
LV246,127,-0.8742017757329695
LV246,127,1.1447961969070708
LV246,127,2.144332286640227
LV246,127,-0.8756071435045248
LV246,127,0.16160357543611617
LV246,127,-0.34183443299371197
LV246,127,-0.730631528368812
LV246,127,0.23001797756827116
LV246,127,-1.6504645540050498
LV246,127,-0.5462443663114886
LV246,127,1.9637309622990264
LV246,127,0.5195675035365545
LV246,127,0.6197908267048602
LV246,127,-0.23491256296771135
LV246,127,-0.027519223157367465
LV246,127,-1.4435705481730443
LV246,127,-0.7897303870773943
LV246,127,-0.8415653373164462
LV246,127,0.733272455240516
LV246,127,-0.41758843645813515
LV246,127,-0.9170174381145387
LV246,127,0.8066344773637407
LV246,127,-0.2896970370979272
LV246,127,-0.984273533110344
LV246,127,-1.0128109369439464
LV246,127,-0.5446397210605348
LV246,127,0.5766220033625352
LV246,127,-0.18539813653228365
LV246,127,0.5713114485833806
LV246,127,-0.0348473130930112
LV246,127,0.19001381091638525
LV246,127,0.6824822185446526
LV246,127,0.03705688838533994
LV246,127,-0.12158308034411743
LV246,127,1.3098481221573737
LV246,127,-0.4815011223214905
LV246,127,-1.0963049428668121
LV246,127,-0.21734432554334926
LV246,127,0.44082379489083934
LV246,127,0.38665528907839336
LV246,127,0.651274387889111
LV246,127,0.7849349517262818
LV246,127,-1.4102163850364666
LV246,127,0.25051619122914576
LV246,127,-0.1568547598042019
LV246,127,-0.5154471450017709
LV246,127,0.2619197499640386
LV246,127,0.4438383690327711
LV246,127,1.3262149390070697
LV246,127,-0.5681298118643239
LV246,127,-1.4003162581406454
LV246,127,0.6966300507968384
LV246,127,0.27530891601947627
LV246,127,0.0774930582050783
LV246,127,0.1820014444697631
LV246,127,-0.5324862925734867
LV246,127,0.34205601180770273
LV246,127,1.1211899061561708
LV246,127,0.6669125116125235
LV246,127,1.4967596466171353
LV246,127,0.9361884047522979
LV246,127,0.2633175158699011
LV246,127,-0.24450524869504975
LV246,127,-0.0468950756468432
LV246,127,-0.8649733279706842
LV246,127,0.5659000061865891
LV246,127,-0.25387867489601773
LV246,127,1.2098668641125305
LV246,127,0.932509861940605
LV246,127,0.013224930821255846
LV246,127,-0.4414314710265165
LV246,127,-1.075082922993322
LV246,127,0.9668220773514042
LV246,127,-1.1365044774671513
LV246,127,-2.6298649304730755
LV246,127,-0.3357321982010606
LV246,127,-0.7178186923314321
LV246,127,-0.08924637263229532
LV246,127,0.9795467317466855
LV246,127,0.0744199496972603
LV246,127,-1.3211685646320768
LV246,127,0.19074619637743673
LV246,127,0.787135474649945
LV246,127,1.2512441449057958
LV246,127,-0.3563037155668867
LV246,127,-0.6278797160709724
LV246,127,1.8760576678110794
LV246,127,0.13002162439011047
LV246,127,0.87734214518108
LV246,127,-0.8413654082485635
LV57,218,-0.21453039724161166
LV57,218,-0.9566761228190332
LV57,218,1.3282739857423744
LV57,218,-0.09586568555304308
LV57,218,-1.1624420840250054
LV57,218,-0.2601493392786333
LV57,218,-0.9276990466818942
LV57,218,0.1321498157727184
LV57,218,0.8047463670097806
LV57,218,2.2114382317061145
LV57,218,-0.44785683189814524
LV57,218,0.661111885444136
LV57,218,0.04625816091453326
LV57,218,-0.44469443213091087
LV57,218,1.940921105802703
LV57,218,0.23822247759540202
LV57,218,0.9638009767363567
LV57,218,0.1365996518376857
LV57,218,-1.2621232043490673
LV57,218,-0.1710590712909919
LV57,218,0.9577543706610955
LV57,218,0.6692361094973038
LV57,218,-1.7973479549559725
LV57,218,1.0659051002053788
LV57,218,-0.9327338193949541
LV57,218,0.541820338984965
LV57,218,-0.6762748718195623
LV57,218,-0.9541466023776457
LV57,218,0.47995847169416705
LV57,218,-0.5533250022169308
LV57,218,-1.1979453909021707
LV57,218,1.2454062455732433
LV57,218,-0.2557086240157751
LV57,218,-1.4037386245657322
LV57,218,-0.05224324572132273
LV57,218,-0.10320498093238097
LV57,218,0.30689010032676606
LV57,218,-1.7097240133176912
LV57,218,-0.5325951460383269
LV57,218,-0.5767845147806422
LV57,218,-0.10844728337548504
LV57,218,1.232339464253982
LV57,218,-0.009625101547497952
LV57,218,-1.2982985362431836
LV57,218,0.7138683138702345
LV57,218,1.1998685812165573
LV57,218,0.25823121473544564
LV57,218,-0.2996849221857391
LV57,218,0.9771457356378519
LV57,218,1.445238378432599
LV57,218,-0.7919320754690243
LV57,218,-1.7587737441686293
LV57,218,0.7142439038237602
LV57,218,-0.6720011733748162
LV57,218,-1.7619343809405845
LV57,218,0.3901724322225456
LV57,218,-1.1523455359875123
LV57,218,-1.2688695216630679
LV57,218,-0.6150028703677412
LV57,218,-0.15329770338862445
LV57,218,-0.9522934604721649
LV57,218,1.2079819214723369
LV57,218,-0.6416374834605985
LV57,218,0.021539779772516577
LV57,218,0.47389939872371417
LV57,218,-0.7848528398831617
LV57,218,-0.2856622915992734
LV57,218,0.5624742604383162
LV57,218,-0.8097362769607853
LV57,218,-0.286818402738431
LV57,218,-0.2251013529170216
LV57,218,-0.5523591686397263
LV57,218,-0.6245293232990348
LV57,218,-0.8877785191524326
LV57,218,0.10497498854467592
LV57,218,-0.11429745939506421
LV57,218,1.713648599048766
LV57,218,1.8864242772202735
LV57,218,0.04407996225695624
LV57,218,-0.4922797975149948
LV57,218,-0.9353292182926023
LV57,218,0.8074313368614756
LV57,218,-1.4580099876396104
LV57,218,-0.045317480673516694
LV57,218,0.21352390316565786
LV57,218,-1.175646594853041
LV57,218,1.2243521781606883
LV57,218,0.9177517019434069
LV57,218,0.4356409979581237
LV57,218,0.3547629958491399
LV57,218,0.9009082789097332
LV57,218,-0.7536684037073429
LV57,218,-0.8081668153875746
LV57,218,-0.3334483865887534
LV57,218,-0.4594812672017981
LV57,218,0.7138129774061555
LV57,218,-2.805726476051138
LV57,218,-1.5794634340448968
LV57,218,-0.9453328312932187
LV57,218,-0.890550001701058
LV57,218,-0.24613117014961033
LV57,218,-1.20050472035558
LV57,218,-0.77829275243787
LV57,218,1.480349778655029
LV57,218,1.1506152244108354
LV57,218,1.1262970072177714
LV57,218,1.8528965864512712
LV57,218,-1.3682803820066805
LV57,218,-0.6062041207226849
LV57,218,0.750129240984146
LV57,218,-0.8467360250250431
LV57,218,-1.8099809674774845
LV57,218,1.3021019790129098
LV57,218,0.38655795009435145
LV57,218,0.46918381810498316
LV57,218,-0.6599833922366082
LV57,218,0.07880713744694123
LV57,218,1.2426602544971797
LV57,218,-0.046593295594202486
LV57,218,-0.4534208450002641
LV57,218,-1.7458553962580539
LV57,218,0.31397527252938673
LV57,218,0.5482614242488903
LV57,218,0.3748078384129168
LV57,218,0.7719241621885443
LV57,218,-0.164943150717649
LV57,218,-0.5329481588584261
LV57,218,-0.461449993236573
LV57,218,-0.3806648002362316
LV57,218,-1.0214300939171208
LV57,218,0.2265470773363737
LV57,218,-1.6446781765521066
LV57,218,-0.04837109643610627
LV57,218,1.603484259049072
LV57,218,-0.5799254347890628
LV57,218,-0.15348098293870233
LV57,218,-0.16817130301291042
LV57,218,-0.32000232741767737
LV57,218,0.38987540349744415
LV57,218,0.8500367802733905
LV57,218,0.867234223553037
LV57,218,-0.9591122404901027
LV57,218,-0.6087327236869372
LV57,218,-0.18138720135127162
LV57,218,0.013318339122507608
LV57,218,-0.9673999733605709
LV57,218,0.8780852256316718
LV57,218,1.1499936426465762
LV57,218,-1.444217337988382
LV57,218,0.49837401878371757
LV57,218,-0.6268596612533339
LV57,218,-0.6744937068948297
LV57,218,-0.3973824209638888
LV57,218,-0.5501717052620583
LV57,218,2.389076574673956
LV57,218,0.049372851870735084
LV57,218,0.3703551239883102
LV57,218,1.105786661941213
LV57,218,0.5193002870282575
LV57,218,0.02024149565689043
LV57,218,0.7546224683206864
LV57,218,-0.1541394436858499
LV57,218,-0.5065886269984153
LV57,218,0.7985480174122463
LV57,218,-2.2731452289273646
LV57,218,-0.7115715844335665
LV57,218,-0.26314652120253035
LV57,218,1.899166505500376
LV57,218,0.07596578271805461
LV57,218,0.22213203344355473
LV57,218,1.3962184026244389
LV57,218,-0.5271390174534649
LV57,218,-1.2221228023395958
LV57,218,-0.037345521845305214
LV57,218,-0.32300325120910783
LV57,218,-0.1491087366557807
LV57,218,0.814495910802922
LV57,218,0.58634041326017
LV57,218,-1.175897084100713
LV57,218,1.4945252141588832
LV57,218,-0.23767832737429168
LV57,218,-1.0761233345654857
LV57,218,0.6489905553178793
LV57,218,0.19609005661082785
LV57,218,-0.3517769712376798
LV57,218,-1.1162958444916822
LV57,218,1.1863650448014198
LV57,218,-0.4115316094257753
LV57,218,0.19619986603109424
LV57,218,-0.2969837075918245
LV57,218,0.4326830156945731
LV57,218,1.2202703583654433
LV57,218,1.1004176756944526
LV57,218,-0.6657317103044265
LV57,218,0.07396526879900488
LV57,218,-0.21834168721019082
LV57,218,1.4622321597779673
LV57,218,0.2880838518955804
LV57,218,-0.12979186722445674
LV57,218,-0.7929897826879888
LV57,213,0.5301554396496838
LV57,213,-0.24462993145328238
LV57,213,1.225277257329903
LV57,213,-0.8318542570102732
LV57,213,-1.0278262517276449
LV57,213,0.08129842563185692
LV57,213,1.1378862517823207
LV57,213,-1.3628163353825224
LV57,213,0.35067288259409957
LV57,213,-1.8328831492624866
LV57,213,-0.8216115625239788
LV57,213,0.9248771142017094
LV57,213,0.7846127976052832
LV57,213,1.2763767129278596
LV57,213,0.6913393314410895
LV57,213,2.287760610736238
LV57,213,-0.4793946234873631
LV57,213,1.2774418113393655
LV57,213,-0.07225183919707452
LV57,213,-1.255003658072033
LV57,213,-1.621022994489589
LV57,213,-1.3447039084951644
LV57,213,-1.209621612093958
LV57,213,1.1989655183871235
LV57,213,-0.8785956333873651
LV57,213,0.16973574170613998
LV57,213,-0.4679519038686001
LV57,213,-0.09609650523805875
LV57,213,-0.657184867123823
LV57,213,-1.579373208349557
LV57,213,-2.1338866756764716
LV57,213,1.4694630044326231
LV57,213,-0.5469561021054565
LV57,213,0.2026605875781755
LV57,213,-2.4910090100590776
LV57,213,1.5025355090413928
LV57,213,-0.15733118405073812
LV57,213,-1.8013351239880413
LV57,213,0.428518736727036
LV57,213,-1.4512528108173033
LV57,213,-1.0276489747311535
LV57,213,0.9315776639623528
LV57,213,0.005428670123380134
LV57,213,0.5112944273659183
LV57,213,-0.5637304675893772
LV57,213,-0.8604460469693657
LV57,213,-0.009266802031842533
LV57,213,0.8632296895547411
LV57,213,-0.08535234888451268
LV57,213,-0.057321412381616664
LV57,213,1.2736926897419685
LV57,213,-1.4673835892271738
LV57,213,0.9132299559528114
LV57,213,0.6994736367621497
LV57,213,1.2610515446542523
LV57,213,-1.1767245644563455
LV57,213,0.10209266392543867
LV57,213,0.36964938079013027
LV57,213,-1.736128774471557
LV57,213,-2.3554552454816156
LV57,213,0.48120389143513964
LV57,213,-0.30732740461619307
LV57,213,-1.3584360077802584
LV57,213,-1.292942592115911
LV57,213,1.2966445966310538
LV57,213,1.74371452532776
LV57,213,1.044854751048588
LV57,213,-0.48549438533465455
LV57,213,1.596236909681769
LV57,213,1.7057858177042386
LV57,213,-0.03534894029024402
LV57,213,0.2641519634164835
LV57,213,0.39759687362044394
LV57,213,1.6690345440467467
LV57,213,0.13453157935716029
LV57,213,-0.19929280663853552
LV57,213,0.23054171069551935
LV57,213,-0.7037254938907331
LV57,213,-1.4358600649215394
LV57,213,-0.03651625393604557
LV57,213,0.3999847795011091
LV57,213,-1.5230817917902277
LV57,213,-0.4145314181189625
LV57,213,1.1079241296567452
LV57,213,0.8719940011330338
LV57,213,0.2771853525284826
LV57,213,0.6338349577755795
LV57,213,0.7701536267658164
LV57,213,-0.11653171701004324
LV57,213,1.2496682084628858
LV57,213,-1.9219204044490632
LV57,213,-0.5794171190107038
LV57,213,-1.52740147908662
LV57,213,-0.8854258211854903
LV57,213,1.376373458765458
LV57,213,0.2002578929715019
LV57,213,-1.1526462985721866
LV57,213,1.7437680324401847
LV57,213,0.8330818758760995
LV57,213,-1.086814382680892
LV57,213,-2.1363803389035096
LV57,213,-0.1287553499191003
LV57,213,-0.9733177336150215
LV57,213,0.013110646099584351
LV57,213,2.4282749726962116
LV57,213,0.5410535962632013
LV57,213,0.15355018298226483
LV57,213,0.928724941567515
LV57,213,-3.177127142022217
LV57,213,-0.4201432417849874
LV57,213,0.22376782125942912
LV57,213,-0.2982936150272118
LV57,213,2.360316451063277
LV57,213,0.34453960942837913
LV57,213,0.17830992184894037
LV57,213,1.064636018741384
LV57,213,-0.3516385982910239
LV57,213,0.24544678774111992
LV57,213,-1.2463788763280992
LV57,213,0.8391390997322397
LV57,213,0.47204181862573286
LV57,213,0.7244171247333356
LV57,213,0.0805249393507615
LV57,213,-0.3228049490016038
LV57,213,0.304660748743303
LV57,213,-0.03905008830514767
LV57,213,0.32972197521415764
LV57,213,0.49650269790686524
LV57,213,2.0200071760663616
LV57,213,0.9793896396346817
LV57,213,0.7162212486898599
LV57,213,0.017856325423595013
LV57,213,-0.10229374862147181
LV57,213,1.4058776200776648
LV57,213,-0.31403046813379504
LV57,213,1.3951631717609132
LV57,213,0.8126887940178372
LV57,213,0.6676902813962364
LV57,213,-0.857284475253539
LV57,213,-0.14117936516865068
LV57,213,-0.955033098052834
LV57,213,0.06810015691564164
LV57,213,-0.8470398301571327
LV57,213,-1.0241506656828694
LV57,213,-0.022014373712909492
LV57,213,-2.61182050416182
LV57,213,-0.8764063469526997
LV57,213,0.7959982639608276
LV57,213,-0.7074140731208353
LV57,213,1.2453266074085865
LV57,213,-0.16520367505521527
LV57,213,0.038575852901565004
LV57,213,-0.4414953953772819
LV57,213,0.7471165296327555
LV57,213,-0.5776800721438655
LV57,213,1.1279108480116964
LV57,213,0.985946946056369
LV57,213,-0.580573920581945
LV57,213,-1.453431160776879
LV57,213,-1.0154002613833384
LV57,213,0.6207693591121494
LV57,213,1.015942530531081
LV57,213,-0.6902081984024606
LV57,213,-0.4884918772780269
LV57,213,-0.8463101917957304
LV57,213,-0.7703861987162338
LV57,213,0.33050934428937045
LV57,213,0.7909261063709128
LV57,213,1.2735786239391527
LV57,213,1.5858005253248069
LV57,213,-1.0324247620078397
LV57,213,0.3253213661636982
LV57,213,-0.9597343867141709
LV57,213,-0.7400341341230715
LV57,213,1.0397774190368778
LV57,213,0.16048064356612582
LV57,213,-1.1821114803284216
LV57,213,0.13494945880549986
LV57,213,0.22577032249351503
LV57,213,0.9097629056355487
LV57,213,-0.713540000892842
LV57,213,0.5857624858767574
LV57,213,0.37903821406501237
LV57,213,0.7905518667227736
LV57,213,-0.21213560726832065
LV57,213,-0.491577342553441
LV57,213,-1.5606553822739113
LV57,213,0.722540425608909
LV57,213,-0.037053953078947495
LV57,213,-0.8160997015048418
LV57,213,-1.3679217512828632
LV57,213,-0.24091389677378913
LV57,213,0.7738712284626327
LV57,213,-0.23708115194974363
LV57,213,-0.5523328650111087
LV57,213,0.21593810493100588
LV57,213,1.4750029003710983
LV57,213,0.20183790348230388
LV57,213,-1.5709863357464426
LV57,213,-0.2638583929767761
LV246,168,0.2949203891915473
LV246,168,-0.14572316283894346
LV246,168,-0.20890057002091303
LV246,168,0.14967995954524074
LV246,168,0.8874648468249087
LV246,168,0.1871491269880562
LV246,168,-2.5517963198383207
LV246,168,-0.8178210732982182
LV246,168,-1.8675188495043482
LV246,168,0.06261590253377741
LV246,168,0.824312690976477
LV246,168,0.26872633920533134
LV246,168,0.0664525170968023
LV246,168,-0.8203471595321523
LV246,168,0.320979924212334
LV246,168,0.1145504313831032
LV246,168,0.8251937878220561
LV246,168,0.17114232254202685
LV246,168,0.32847798213782964
LV246,168,0.5333528504138009
LV246,168,0.35092895866448687
LV246,168,0.1443044429574016
LV246,168,1.759294294190096
LV246,168,-0.19803376186316246
LV246,168,0.7412955174940711
LV246,168,-0.09410991353515118
LV246,168,0.7905457819446763
LV246,168,-0.10814266718979909
LV246,168,0.7388456617009875
LV246,168,1.4505378219554188
LV246,168,1.072222660571835
LV246,168,-0.600762992438921
LV246,168,-0.23773886342440087
LV246,168,-2.805263488572243
LV246,168,-2.2104338646607453
LV246,168,-0.25851070567773904
LV246,168,-1.3178344808032385
LV246,168,-0.713504161759526
LV246,168,-1.547050522912324
LV246,168,-4.005162866803786
LV246,168,1.2542123564350962
LV246,168,0.23677149127809846
LV246,168,-1.2729260163997633
LV246,168,1.0428231205475402
LV246,168,1.8606331365059285
LV246,168,1.077433646458166
LV246,168,-1.906594255861412
LV246,168,-2.502580359086099
LV246,168,-0.15231264919745546
LV246,168,0.39612535179562663
LV246,168,-0.5319215046877614
LV246,168,-1.2627236835848277
LV246,168,0.8902691741679857
LV246,168,0.7065582584755091
LV246,168,-0.13581479366156596
LV246,168,0.9859020091721609
LV246,168,-0.7060635942915139
LV246,168,0.056331496752116544
LV246,168,0.6425783670900865
LV246,168,-0.9898295046250312
LV246,168,-0.40284034036920535
LV246,168,0.15005698260065828
LV246,168,1.274462020168562
LV246,168,1.0739013184048969
LV246,168,-0.530203619940346
LV246,168,0.6766486097511288
LV246,168,1.8291531406998733
LV246,168,-0.6009016365532354
LV246,168,0.8851674519135462
LV246,168,0.3623520902270842
LV246,168,-0.24196234747478396
LV246,168,-0.3781513651496876
LV246,168,0.526986655721633
LV246,168,-1.2381568358840938
LV246,168,1.1812674475779201
LV246,168,-0.9824570681135384
LV246,168,0.44369203519718947
LV246,168,0.12122250071921747
LV246,168,2.3569088702076173
LV246,168,0.3136004999104233
LV246,168,0.27944545088392214
LV246,168,0.4471225638492321
LV246,168,-0.5943987035077716
LV246,168,-3.0695568092288013
LV246,168,0.647453303782963
LV246,168,-0.9147109165094669
LV246,168,-2.6992618842905953
LV246,168,-0.6563624585459165
LV246,168,-0.23619694394462476
LV246,168,-0.5951910236524459
LV246,168,-0.5773357898290179
LV246,168,1.1781407289953862
LV246,168,0.7929727686054976
LV246,168,0.516478289449342
LV246,168,-0.5567681816318087
LV246,168,0.40875673584582123
LV246,168,0.4662084428522523
LV246,168,-0.8901715435301274
LV246,168,0.24961362073459287
LV246,168,-0.5298375550108024
LV246,168,-0.31226031308658453
LV246,168,-4.274151188550105
LV246,168,1.0026998632555122
LV246,168,-0.09183332318160325
LV246,168,0.9329337637821158
LV246,168,0.029112147336360573
LV246,168,-0.15587197553186172
LV246,168,0.5829547277728667
LV246,168,1.011008504868802
LV246,168,-1.4733239344095093
LV246,168,1.1327318435103573
LV246,168,-0.9014971636537924
LV246,168,0.6782037107446356
LV246,168,-0.4398317970493102
LV246,168,0.31164725367685653
LV246,168,1.811969211196259
LV246,168,-0.03509849994608119
LV246,168,0.3478492488538198
LV246,168,0.15894179929609523
LV246,168,0.41286682711542777
LV246,168,0.32369563366790516
LV246,168,0.4183382670080188
LV246,168,-0.6249093022075797
LV246,168,-0.5408887455473816
LV246,168,-1.2199298198480666
LV246,168,0.5438937734368857
LV246,168,-0.5781736894247875
LV246,168,0.0008304949645575852
LV246,168,0.39508766491944125
LV246,168,-0.4947324841151075
LV246,168,-0.1335485261802158
LV246,168,0.7826397323471698
LV246,168,-0.4589206935072923
LV246,168,0.2612965710497741
LV246,168,1.2816041772233027
LV246,168,0.7733485121139023
LV246,168,0.16180425235032186
LV246,168,0.5574537395447934
LV246,168,1.156755549319975
LV246,168,0.4524120035642701
LV246,168,1.0525151858489814
LV246,168,0.20899343625622008
LV246,168,0.8425708344425163
LV246,168,0.122513336184417
LV246,168,0.7225974608589032
LV246,168,0.35535604151732275
LV246,168,1.2000522163395553
LV246,168,-0.2882810750341288
LV246,168,1.34146381328034
LV246,168,-0.29544086037831335
LV246,168,1.1804413001751197
LV246,168,0.9962688726886149
LV246,168,-0.40363567796883154
LV246,168,-0.12270395190105124
LV246,168,-0.6482467752360536
LV246,168,-0.2834804630210944
LV246,168,-0.5591338663131096
LV246,168,-0.3433480397490539
LV246,168,0.1333469523377076
LV246,168,1.3531731266229925
LV246,168,0.5994589358454979
LV246,168,0.9229286772329013
LV246,168,0.6592694985562412
LV246,168,-0.0493345347763438
LV246,168,0.19148155704349254
LV246,168,0.6310648706923838
LV246,168,0.22348563713044867
LV246,168,-1.1391320638885634
LV246,168,-1.3082208693305144
LV246,168,-0.05221620425419456
LV246,168,-0.9030101790914028
LV246,168,-5.226627360313846
LV246,168,-0.4517658313790781
LV246,168,0.19039892596988808
LV246,168,-0.5333324030973173
LV246,168,-0.30030896809420093
LV246,168,-0.6752039236979499
LV246,168,0.7295379248722098
LV246,168,0.9668018369614667
LV246,168,-0.05321831692464436
LV246,168,1.5498822853622922
LV246,168,1.0090981382582067
LV246,168,-0.41277507257405405
LV246,168,0.3909826556792241
LV246,168,-1.2009832202130268
LV246,168,-1.2463261981293932
LV246,168,-0.5999817892335396
LV246,168,1.2969592113999906
LV246,168,0.03425849616138108
LV246,168,0.15593990806046906
LV246,168,-0.33368964289231967
LV246,168,0.39978155431527895
LV246,168,-0.3612909385794635
LV246,168,0.326243000899921
LV246,168,-0.021502959632437965
LV246,168,0.34894982584370604
LV246,168,-0.474947508444041
LV246,168,-0.7712458620680592
LV246,168,0.720672642227235
LV246,168,-0.06646891449339667
LV246,128,-0.04697441652082931
LV246,128,-1.7641150195284852
LV246,128,-0.4017819316801753
LV246,128,0.7565577543101889
LV246,128,-0.7011590158513409
LV246,128,0.08137415464428628
LV246,128,-0.11184491431963448
LV246,128,0.5324481620970586
LV246,128,-1.552151161703019
LV246,128,0.2606769587926885
LV246,128,1.020969547943063
LV246,128,0.5979924681042841
LV246,128,0.7553709557030611
LV246,128,0.08647444237445595
LV246,128,0.5941920731852091
LV246,128,0.10359187162536529
LV246,128,-0.3528234968200223
LV246,128,-0.9064544588498886
LV246,128,-0.0029181627187650893
LV246,128,-0.05069440253505278
LV246,128,0.5521316175062784
LV246,128,-1.8476721478397116
LV246,128,-0.6925242657061238
LV246,128,1.1732215075011165
LV246,128,-0.38840075436699256
LV246,128,0.7483944090422766
LV246,128,-1.9129281173350825
LV246,128,1.142781826546684
LV246,128,1.306212925660964
LV246,128,0.8158990657355765
LV246,128,0.09717634587325227
LV246,128,0.4719467527314146
LV246,128,-0.5518080684044542
LV246,128,0.1761236193930804
LV246,128,-1.1003965941490566
LV246,128,1.0638769058088038
LV246,128,-0.16690230323207417
LV246,128,1.3659865116759893
LV246,128,2.0318442128999976
LV246,128,-0.42194753361430576
LV246,128,0.22379228928130826
LV246,128,0.71711519160224
LV246,128,0.5255379067471494
LV246,128,0.5832058229293551
LV246,128,0.5211830893600637
LV246,128,-0.22067407037950446
LV246,128,0.14549549924940922
LV246,128,0.058017209209716404
LV246,128,0.36994299300545863
LV246,128,-1.346761499109852
LV246,128,0.4976866559588641
LV246,128,-0.023164480461965224
LV246,128,0.1271127039118197
LV246,128,-1.5307702190695809
LV246,128,1.0760725121317314
LV246,128,0.07375510400522489
LV246,128,-2.336919208706817
LV246,128,0.9247116489677252
LV246,128,0.3767736067110518
LV246,128,0.03901231902426894
LV246,128,-0.16535381800521862
LV246,128,-0.12462946983498716
LV246,128,0.6000580869367822
LV246,128,0.9876621539850053
LV246,128,0.5281594825687392
LV246,128,-0.6396403724584602
LV246,128,0.5180973209102663
LV246,128,-0.9522881484246861
LV246,128,-0.7872390502783944
LV246,128,-0.7532655207173505
LV246,128,0.874509177863975
LV246,128,-1.1675090272530404
LV246,128,1.6724352828152036
LV246,128,0.4527187431802147
LV246,128,1.1191810457117053
LV246,128,-0.3036465461573598
LV246,128,0.057859460442175256
LV246,128,1.5775460231955614
LV246,128,0.6570729109452337
LV246,128,-0.06898267137380484
LV246,128,0.450519467561212
LV246,128,-2.2370129858519294
LV246,128,1.7411586561542012
LV246,128,-0.6939123934796034
LV246,128,-0.7184690274984143
LV246,128,-0.6622028963273373
LV246,128,-0.764542255814586
LV246,128,0.38135522631449786
LV246,128,1.6278715628903389
LV246,128,-0.9072016171661724
LV246,128,0.6948126156051659
LV246,128,-1.9502439872713369
LV246,128,-1.8028108842764676
LV246,128,1.174388203882034
LV246,128,1.4887656920152568
LV246,128,-1.938781421670707
LV246,128,0.6701350613248449
LV246,128,0.256947919104059
LV246,128,-0.18577921435903322
LV246,128,-0.1549060311980903
LV246,128,1.9157579997250123
LV246,128,1.8838418025825963
LV246,128,-0.15140057123154047
LV246,128,-1.4813799699761074
LV246,128,0.4219804444226392
LV246,128,-0.2634707892750137
LV246,128,-1.8505030323372957
LV246,128,-0.1197618155013031
LV246,128,0.07515335961786429
LV246,128,0.15808532403907086
LV246,128,-1.5152859806094228
LV246,128,-1.52168907674074
LV246,128,1.0520486638336202
LV246,128,-0.6621171165986877
LV246,128,-0.6694205162505674
LV246,128,-0.7884932143611609
LV246,128,1.2145127077601447
LV246,128,-0.6966970888925227
LV246,128,-1.0970694455325953
LV246,128,1.3445058251720343
LV246,128,-0.10807306149273961
LV246,128,-0.06157185524597437
LV246,128,-0.6274395487638437
LV246,128,-2.4272045981672856
LV246,128,-1.0784044517674751
LV246,128,0.49861857061377846
LV246,128,0.22808910177137917
LV246,128,0.11153608728234155
LV246,128,-0.31945242023693377
LV246,128,-0.18948538968348896
LV246,128,1.954298877843417
LV246,128,1.6432462365450289
LV246,128,-0.5448709589355549
LV246,128,-1.6197897820870417
LV246,128,-2.2813729213767067
LV246,128,1.0480935891891756
LV246,128,0.5345420161175187
LV246,128,-1.6628165256931824
LV246,128,-1.5051704176171876
LV246,128,0.6467296250239934
LV246,128,0.5661660404453437
LV246,128,0.1898113940190485
LV246,128,0.5955654695562762
LV246,128,-0.0037862412965394775
LV246,128,-0.10733771898881539
LV246,128,0.3254750271962943
LV246,128,-0.21937341030787416
LV246,128,-0.9947635386049976
LV246,128,0.5703839785516538
LV246,128,-0.000631265945803916
LV246,128,-1.7816800685798906
LV246,128,0.2906648767397092
LV246,128,0.26487479467277836
LV246,128,-0.455459479232996
LV246,128,2.0569354740648267
LV246,128,-0.9067114911316193
LV246,128,-0.9088263680909541
LV246,128,-1.6056531600437145
LV246,128,0.9476957057786537
LV246,128,0.032261193510872865
LV246,128,0.17786085071339267
LV246,128,-0.5277730181024295
LV246,128,-2.0035089021044032
LV246,128,-0.2911886901810127
LV246,128,-0.8642905764498334
LV246,128,0.13890780023156074
LV246,128,0.44826341466206704
LV246,128,-2.1182369106670706
LV246,128,0.545055020070759
LV246,128,1.08984760100743
LV246,128,-0.21288023778886314
LV246,128,0.17199100065910244
LV246,128,1.2067840923156057
LV246,128,1.7505002067111624
LV246,128,-0.37382464548492084
LV246,128,-1.019989377268976
LV246,128,-0.21123584499418852
LV246,128,1.050965138495508
LV246,128,-1.9729766895285412
LV246,128,-0.35959395729909316
LV246,128,-1.585312315801677
LV246,128,-1.5440275605312104
LV246,128,-0.8878296695371894
LV246,128,-0.10506770194779363
LV246,128,-0.5937164530438599
LV246,128,-1.2860777886393129
LV246,128,1.1708655572793363
LV246,128,0.5907047205674711
LV246,128,1.3770810991204387
LV246,128,0.16174837932104305
LV246,128,-0.5640655159271136
LV246,128,0.3421716907656976
LV246,128,-1.4582504405663246
LV246,128,-0.48475793685652957
LV246,128,1.4073341823109415
LV246,128,-0.22359380364790993
LV246,128,-1.6393268441847526
LV246,128,-0.9186647965752287
LV246,128,2.040604947226295
LV246,128,0.9400559391049358
LV246,162,0.7524572794226648
LV246,162,0.6837156397559729
LV246,162,1.0929193584777124
LV246,162,0.32345612844570243
LV246,162,0.7262418798196725
LV246,162,-0.6575733150918867
LV246,162,1.537621079491018
LV246,162,1.14337885436832
LV246,162,-0.520528651395393
LV246,162,-0.9788695268584727
LV246,162,-0.9966909813865735
LV246,162,0.31569764368072123
LV246,162,0.7799106190737
LV246,162,-0.1277869124479516
LV246,162,0.3793994884005107
LV246,162,-1.1887384095157423
LV246,162,0.593483132328864
LV246,162,-0.5825045994172311
LV246,162,0.601483128368155
LV246,162,-0.3868277502452408
LV246,162,-0.18496795276124298
LV246,162,-2.064660328644768
LV246,162,0.13898228612740146
LV246,162,-0.029883435631621196
LV246,162,-1.1935182552308303
LV246,162,1.6298729327988555
LV246,162,0.13828424063776734
LV246,162,-0.35125313953868137
LV246,162,0.6716603318245398
LV246,162,1.1870783717839928
LV246,162,0.8153343501561954
LV246,162,-1.0180379811405613
LV246,162,-1.5640744568922824
LV246,162,0.17286631791374243
LV246,162,-0.1858908893944853
LV246,162,0.8195322316070507
LV246,162,0.17656845202840854
LV246,162,0.9210957728321901
LV246,162,1.3682427305755611
LV246,162,-0.42487564415240403
LV246,162,-0.5921081783800672
LV246,162,0.33840983135844666
LV246,162,0.20651507097479488
LV246,162,0.6972971431273614
LV246,162,1.0009793923101564
LV246,162,-0.09290749064606711
LV246,162,0.63895555024965
LV246,162,-1.0234042058421176
LV246,162,0.8306817424150297
LV246,162,-0.4398973857252473
LV246,162,0.15107135369932448
LV246,162,0.8706799047846824
LV246,162,-1.4318075613945473
LV246,162,-0.45735761210003156
LV246,162,0.2996947950171799
LV246,162,0.9162385396335121
LV246,162,0.6724812104676665
LV246,162,0.4390608235320405
LV246,162,-0.9558786923018855
LV246,162,1.1272827771591005
LV246,162,-2.1537460470531826
LV246,162,-0.5965003076085434
LV246,162,0.5001307147408813
LV246,162,-1.0874950654962188
LV246,162,-0.8812771581137777
LV246,162,1.3239235939120173
LV246,162,-0.3328125851418122
LV246,162,-0.41302704909661797
LV246,162,0.31596642235697275
LV246,162,0.27430884381219195
LV246,162,-0.2490845216800264
LV246,162,-0.18961431805159853
LV246,162,-1.0886070561162335
LV246,162,-0.9155143676776276
LV246,162,-0.6703261491338676
LV246,162,0.8635753182871652
LV246,162,1.5223985979020058
LV246,162,0.9482792950488007
LV246,162,0.22114468133880744
LV246,162,-1.0098343885001255
LV246,162,2.989370539282325
LV246,162,0.21797179451129356
LV246,162,0.36972761108804875
LV246,162,-2.039881012210538
LV246,162,0.09324498487349606
LV246,162,-0.15237198110456013
LV246,162,-0.65319391065098
LV246,162,1.2401635886365443
LV246,162,-0.7246459300703834
LV246,162,-1.1752714292324955
LV246,162,-4.866769958685099
LV246,162,0.1265106958596984
LV246,162,1.0018252011493356
LV246,162,-0.9385646711394033
LV246,162,0.6804947103631568
LV246,162,-0.415805467509412
LV246,162,-1.3872315917736917
LV246,162,0.4139571548595198
LV246,162,-1.1108357018662527
LV246,162,-0.0662119250793978
LV246,162,-0.05623880789791076
LV246,162,-0.4677945348040043
LV246,162,0.1342585333534396
LV246,162,-0.7826925156280581
LV246,162,-0.004092628430233109
LV246,162,-0.1585229876028641
LV246,162,1.1642742540083053
LV246,162,0.11296970405690762
LV246,162,0.88725303168306
LV246,162,-1.5695642938159446
LV246,162,0.12715368716636272
LV246,162,0.471838577868318
LV246,162,-1.6193535309979463
LV246,162,-0.6077466826157897
LV246,162,1.0830953030934867
LV246,162,-0.41758460056353036
LV246,162,-0.6411009477359083
LV246,162,-0.1513049167753616
LV246,162,-0.08387393022852407
LV246,162,0.595720357735566
LV246,162,-0.4056401800666336
LV246,162,-0.1493071251266564
LV246,162,0.9228964601183153
LV246,162,-0.7367874549298602
LV246,162,-0.7908979260952965
LV246,162,-0.5666567854104292
LV246,162,-1.1618639178544374
LV246,162,0.9169822904825757
LV246,162,0.7285619461903396
LV246,162,-0.5640469055105738
LV246,162,1.2392897333267936
LV246,162,-1.6237352726447423
LV246,162,-0.536155209912192
LV246,162,0.9993617861513255
LV246,162,0.17643575067230563
LV246,162,0.6832417063413337
LV246,162,0.2003157622216454
LV246,162,0.30350340184416374
LV246,162,-0.24729422197559803
LV246,162,-0.5542083075119759
LV246,162,-1.0555049495416646
LV246,162,0.3324738478011571
LV246,162,-1.768222638622787
LV246,162,-1.017759853640786
LV246,162,-0.044707813152324645
LV246,162,-0.7030249578492792
LV246,162,1.2287343921915306
LV246,162,1.746739719060659
LV246,162,0.5892662935414342
LV246,162,-0.349862761729348
LV246,162,0.6608317972908064
LV246,162,-0.41032549878834373
LV246,162,1.7896438074083438
LV246,162,0.46769549091087276
LV246,162,0.5829898569942052
LV246,162,-0.8911336746907935
LV246,162,-0.14174184938112308
LV246,162,0.7959441111032287
LV246,162,-1.593292906362134
LV246,162,-0.5651487682384351
LV246,162,1.1384486484082543
LV246,162,0.10977240641242775
LV246,162,0.5558616486501076
LV246,162,-1.471454104123967
LV246,162,1.1084591806873811
LV246,162,-1.8055205491318818
LV246,162,1.9690786338483721
LV246,162,-0.25762363320908
LV246,162,1.4073576888119395
LV246,162,-0.8260811846616385
LV246,162,1.1683129457697456
LV246,162,-0.2101957530349726
LV246,162,-2.736200864834313
LV246,162,-0.9260434801691221
LV246,162,0.08864250711576739
LV246,162,-1.752912122278945
LV246,162,-1.1375746355864789
LV246,162,0.353917192375342
LV246,162,0.05686325906955234
LV246,162,-0.9378009241955758
LV246,162,0.6240979324675432
LV246,162,0.4995199249374638
LV246,162,1.2626885401543
LV246,162,0.47617747074062705
LV246,162,0.4225863786597327
LV246,162,-0.9202887599123406
LV246,162,-0.02912903751131751
LV246,162,1.7761126838081633
LV246,162,2.2555276253163203
LV246,162,-0.4332270001423849
LV246,162,-0.28325810730602885
LV246,162,-1.0214526389319283
LV246,162,0.9015024565571818
LV246,162,0.21536347274869763
LV246,162,1.5996845428885995
LV246,162,-0.5276410285791909
LV246,162,0.4625445488398742
LV246,162,1.1322916690504723
LV246,162,0.9313828546702883
LV246,162,-0.19175805522307907
LV57,207,-0.8238404110908685
LV57,207,0.7785367232728557
LV57,207,0.3282897757773706
LV57,207,0.3389139998795948
LV57,207,-0.14353987916900401
LV57,207,0.05744388354326546
LV57,207,0.3482698796607298
LV57,207,-2.2259165820363003
LV57,207,-0.8279142851632304
LV57,207,0.719514655065112
LV57,207,-0.48742783707619497
LV57,207,-0.4359432239612347
LV57,207,-0.3419499277480199
LV57,207,1.7488929489237075
LV57,207,-0.10285089195153446
LV57,207,-0.27062484882511567
LV57,207,-0.1833160295347504
LV57,207,-0.7173544148963007
LV57,207,0.5341539519804538
LV57,207,0.31996819608974797
LV57,207,-1.0442138329366406
LV57,207,-0.8164649364873866
LV57,207,1.8048476780570273
LV57,207,1.3715854223348811
LV57,207,0.4868257519454753
LV57,207,-0.17535986135376527
LV57,207,-1.7070136011383228
LV57,207,1.0734707386570033
LV57,207,0.5322373316992001
LV57,207,0.532071095128894
LV57,207,0.2411419554226534
LV57,207,0.9045839332611049
LV57,207,2.455543634616446
LV57,207,2.0161260961642613
LV57,207,-0.8636828324192343
LV57,207,-1.6985965613351914
LV57,207,-0.0954626169229543
LV57,207,-0.782672506145977
LV57,207,0.1904713560158167
LV57,207,-1.7022370955608526
LV57,207,2.41917625917696
LV57,207,-1.9297112293969751
LV57,207,0.5411763166800494
LV57,207,-1.0678005672170243
LV57,207,0.5409119971541451
LV57,207,-0.4878334842370803
LV57,207,-0.28690071404163514
LV57,207,-1.7194438035067583
LV57,207,1.1500202978081664
LV57,207,-2.3098383493091195
LV57,207,-0.5224957159343956
LV57,207,0.2682883986172426
LV57,207,-0.5360341165135754
LV57,207,0.025100861989828794
LV57,207,1.7898981171002861
LV57,207,0.24340075174374276
LV57,207,0.049730794710776946
LV57,207,1.4631353820947282
LV57,207,2.60146647738819
LV57,207,-2.145189321354616
LV57,207,-0.12725739248808932
LV57,207,-0.7829160360436931
LV57,207,-0.9038309192097541
LV57,207,2.6591793782975075
LV57,207,0.6101054553181903
LV57,207,-0.9920231287422523
LV57,207,-0.797150317935205
LV57,207,-0.8560684943206173
LV57,207,1.3749641472374214
LV57,207,-1.3508491907832536
LV57,207,1.6340296658489517
LV57,207,-0.929605794039259
LV57,207,-1.2781112619231878
LV57,207,0.6176734673025638
LV57,207,0.4396861791678209
LV57,207,-1.0005529104416049
LV57,207,0.8397375750879319
LV57,207,0.5726245957601702
LV57,207,-0.08713060219362809
LV57,207,-1.3141835919892246
LV57,207,-1.4761795850115875
LV57,207,-2.290701223012133
LV57,207,1.4159279936142815
LV57,207,-1.0373272203254564
LV57,207,-0.8107945493074269
LV57,207,0.5194498598921352
LV57,207,1.4025883093766927
LV57,207,-1.7399521441658405
LV57,207,0.6705634399739389
LV57,207,1.8653114796249977
LV57,207,-0.2898244244618595
LV57,207,-0.46145861462340554
LV57,207,-0.20564150759870417
LV57,207,1.8239983610581216
LV57,207,-0.9715368649948405
LV57,207,-0.5719266291686003
LV57,207,-0.5155297020691053
LV57,207,0.6364079071906337
LV57,207,0.5162716374370147
LV57,207,0.9702293404719561
LV57,207,0.2637371435120797
LV57,207,-1.4476908189234583
LV57,207,-0.9017728264740938
LV57,207,-0.9792712422778684
LV57,207,-0.5579087879030837
LV57,207,-1.3552843087820194
LV57,207,0.6088299424372251
LV57,207,-0.47035060571173815
LV57,207,-0.8972735776215266
LV57,207,-0.15311006751287254
LV57,207,-1.056288503699142
LV57,207,-1.685987885157877
LV57,207,1.2795028812175666
LV57,207,1.2649099299666395
LV57,207,0.19059763047961228
LV57,207,-1.3260578890326549
LV57,207,-0.4332507176994112
LV57,207,-0.9669511187379541
LV57,207,-0.046023891487133636
LV57,207,-1.101618686909334
LV57,207,0.5943748753379713
LV57,207,0.5006239182852539
LV57,207,1.7725682885350758
LV57,207,1.8950573182582517
LV57,207,1.1341138507681154
LV57,207,-1.6756316010663426
LV57,207,-0.40663955915759187
LV57,207,-0.7196084563140059
LV57,207,0.6558771204431545
LV57,207,0.157183395978892
LV57,207,-0.19275963768499893
LV57,207,1.0624877647401472
LV57,207,-0.602250795995963
LV57,207,0.28488155507483837
LV57,207,-0.26046765116917503
LV57,207,-0.5702533296014954
LV57,207,0.6140411395090831
LV57,207,-0.8686320190299298
LV57,207,0.4583263738141646
LV57,207,0.7802826658558343
LV57,207,-0.9275275874992681
LV57,207,0.8796196125653712
LV57,207,0.8383273077632514
LV57,207,1.130169195820475
LV57,207,-0.5188957794114616
LV57,207,0.37201568195154366
LV57,207,0.8173656743635079
LV57,207,0.24150200861180784
LV57,207,-0.1537415926967627
LV57,207,-0.37341970446224526
LV57,207,0.06190403116018336
LV57,207,0.7174082328803602
LV57,207,-0.5701387613718387
LV57,207,-0.9752178038307081
LV57,207,0.1951348863769368
LV57,207,2.1344267318585155
LV57,207,0.39929756345919853
LV57,207,-0.24138078524656328
LV57,207,-0.04988431786762105
LV57,207,0.47672764060123146
LV57,207,0.697543324777353
LV57,207,0.267105385099787
LV57,207,0.6942074261870628
LV57,207,-0.9176512268253753
LV57,207,0.5253187300935568
LV57,207,0.8344568566626694
LV57,207,0.9630359199345288
LV57,207,1.9204799360091738
LV57,207,-0.628633212309003
LV57,207,1.3548841099284608
LV57,207,1.00420533743751
LV57,207,0.2919513481251235
LV57,207,0.45968083740001836
LV57,207,0.6345070883140879
LV57,207,1.2283643623115328
LV57,207,-2.146929519435001
LV57,207,-2.0840232583755687
LV57,207,-0.800604155828762
LV57,207,-0.9342949332960971
LV57,207,0.8074997567768398
LV57,207,1.6313501852868344
LV57,207,-0.26387737546699963
LV57,207,-0.5300585707393298
LV57,207,0.5979609735635024
LV57,207,-1.415518201520592
LV57,207,-0.5677899919810702
LV57,207,-0.8990348469233972
LV57,207,-0.8893163635227157
LV57,207,0.25729156226641986
LV57,207,-0.887560042216717
LV57,207,-0.8482017360228227
LV57,207,1.5259252325000607
LV57,207,-0.19609740283633284
LV57,207,-1.0854356670137917
LV57,207,-0.06259529285393009
LV57,207,3.061472095665479
LV57,207,0.5833448753465135
LV57,207,0.026932674426363802
LV57,207,-0.4516232901331752
LV57,207,-0.6201868546246625
LV246,65,1.0087130733631102
LV246,65,0.4250931739225996
LV246,65,2.4612406021876683
LV246,65,0.32443084513677395
LV246,65,-0.6857425528753747
LV246,65,-1.5644677367097948
LV246,65,-0.1676389729910281
LV246,65,-0.5044253308475508
LV246,65,1.8414416090239007
LV246,65,0.06504404250982568
LV246,65,1.1213716365196997
LV246,65,2.182726778328023
LV246,65,-0.057641488510369966
LV246,65,-0.5581780795378665
LV246,65,-1.4148781100812744
LV246,65,-0.05169824479312623
LV246,65,-0.2840978693162765
LV246,65,0.47697290823357275
LV246,65,0.6404151996307363
LV246,65,0.8644372308016787
LV246,65,0.41022856110734646
LV246,65,-0.17315119577774754
LV246,65,0.9906061295797208
LV246,65,-0.5278173619065513
LV246,65,0.02601185361912824
LV246,65,-0.34415220579433553
LV246,65,-1.105123479455282
LV246,65,-1.4665763961242417
LV246,65,0.6123212846449715
LV246,65,0.7921713120756427
LV246,65,0.718643466170327
LV246,65,0.15046162761070586
LV246,65,0.34874410010839685
LV246,65,0.2948201461974594
LV246,65,0.8198486764676706
LV246,65,-0.45682312564301597
LV246,65,-0.4274241163496962
LV246,65,-0.8148000723105875
LV246,65,-0.2347273564390211
LV246,65,1.0683359011464715
LV246,65,0.07941495669982725
LV246,65,-1.3488553287376372
LV246,65,0.3049082471692814
LV246,65,-1.5672073454156978
LV246,65,0.46214065044102565
LV246,65,-0.32540872978046226
LV246,65,0.7242382836883567
LV246,65,0.8348155571687406
LV246,65,1.1291763508644774
LV246,65,0.6043359349724702
LV246,65,0.5842941933493049
LV246,65,0.15930885655620133
LV246,65,-0.7504981229279806
LV246,65,-0.7677413989697777
LV246,65,1.3391541072454292
LV246,65,0.4365092941175498
LV246,65,-0.39502877181359347
LV246,65,-0.19539714364577845
LV246,65,-0.5554259515518284
LV246,65,-0.18715701849302924
LV246,65,-0.02353181553539107
LV246,65,-0.06032370363328698
LV246,65,0.014432332430145332
LV246,65,0.40867779625055733
LV246,65,0.2872841899055642
LV246,65,0.3399960498756954
LV246,65,1.0155463240866405
LV246,65,-0.6511518631433334
LV246,65,0.13889706452267334
LV246,65,-0.007570871473609417
LV246,65,0.6541639706330192
LV246,65,-1.9424761819531373
LV246,65,0.006479988132557269
LV246,65,-0.9411041630553273
LV246,65,0.6506717418262457
LV246,65,0.9648964058143278
LV246,65,1.0780916721364002
LV246,65,-2.308662605925318
LV246,65,0.012580779673897048
LV246,65,1.3422714080002194
LV246,65,0.48053504990346735
LV246,65,-1.7029116270767704
LV246,65,1.585982608599742
LV246,65,-0.3480847230506912
LV246,65,-1.0685045850465853
LV246,65,0.3768007824298452
LV246,65,0.8451751801903383
LV246,65,-0.10969893156410875
LV246,65,0.32117762076903633
LV246,65,-0.06961105844032048
LV246,65,-0.056161286868909
LV246,65,0.4625783374817481
LV246,65,-1.2031702542202243
LV246,65,-0.2420421929778093
LV246,65,0.2569956613701106
LV246,65,0.35907900974582335
LV246,65,-0.16853841010444753
LV246,65,1.7084527104487026
LV246,65,0.09829427503261562
LV246,65,0.9635269266374902
LV246,65,0.33454333431665856
LV246,65,-0.006003360047282127
LV246,65,0.15266420797502778
LV246,65,-0.6923125735398711
LV246,65,-0.6617178916991847
LV246,65,0.7147995594032727
LV246,65,0.6418521528498898
LV246,65,0.09693455113899886
LV246,65,-2.2420939351911824
LV246,65,0.7117045332118486
LV246,65,0.3887339326357614
LV246,65,0.6867301952136247
LV246,65,-0.8973972424428317
LV246,65,-1.7474438446501612
LV246,65,0.9872408820429353
LV246,65,-0.8598361502625815
LV246,65,1.1132736133259433
LV246,65,0.11974744355050149
LV246,65,0.49918942766387625
LV246,65,1.0533591025741262
LV246,65,0.07422002450002871
LV246,65,-0.01800333394329656
LV246,65,0.060784885853458905
LV246,65,0.013315189912740083
LV246,65,-0.17093024296335407
LV246,65,0.4804316439012701
LV246,65,1.0238212430828908
LV246,65,1.027248924432317
LV246,65,-0.2873931226959087
LV246,65,-0.35792081253916896
LV246,65,0.5604018788488766
LV246,65,-0.012282022919441922
LV246,65,0.7994671258121419
LV246,65,-0.48599191025220473
LV246,65,0.6559213849061384
LV246,65,1.6974308662841335
LV246,65,-2.567960554180888
LV246,65,-1.3243811115927973
LV246,65,-2.1884504456729905
LV246,65,0.7757147996259997
LV246,65,-0.0318935565523445
LV246,65,0.29810312417904344
LV246,65,0.37020726779158003
LV246,65,-0.19725910203746513
LV246,65,-0.5844458055037718
LV246,65,-0.4098327392847938
LV246,65,0.5379494441525702
LV246,65,-0.39088684114398353
LV246,65,-0.08710569561324435
LV246,65,-0.011563871485963648
LV246,65,0.765497441151449
LV246,65,-0.025961043646658185
LV246,65,-0.5726654880683957
LV246,65,1.300825436863358
LV246,65,0.4378615389606965
LV246,65,-0.07109581254728316
LV246,65,0.06933344054419172
LV246,65,0.055654419816975456
LV246,65,0.9042801650224722
LV246,65,1.839686633571587
LV246,65,0.3990945311856751
LV246,65,0.007943768380588809
LV246,65,-0.11045854295128621
LV246,65,-0.2344826614181131
LV246,65,0.9347828220247258
LV246,65,0.2673206531362618
LV246,65,0.7621533300616593
LV246,65,0.9054377919652608
LV246,65,1.240960027703775
LV246,65,0.93042318595113
LV246,65,1.0714699484708
LV246,65,1.638929733483669
LV246,65,0.5054843493414009
LV246,65,1.1281044078260116
LV246,65,-1.9767155189009962
LV246,65,0.42065907252038115
LV246,65,1.4105570898761124
LV246,65,-2.7557359362922256
LV246,65,-0.37822529645721537
LV246,65,1.715714868458071
LV246,65,0.12592546441737792
LV246,65,1.5581181053578466
LV246,65,0.6088261292532399
LV246,65,0.627558549279447
LV246,65,0.5989589854464807
LV246,65,0.6979404789325065
LV246,65,-0.15969524586029066
LV246,65,0.7564362463271976
LV246,65,0.47596177312722443
LV246,65,-1.287316319446648
LV246,65,-0.03313101422953959
LV246,65,0.667174754459263
LV246,65,0.6981778574910091
LV246,65,-0.024350446386077727
LV246,65,1.0275419081051973
LV246,65,0.26716017872719744
LV246,65,0.017454193997381687
LV246,65,-0.5991043379608801
LV246,65,-0.22919659861417574
LV246,65,0.5835864475512753
LV246,161,-0.8542657418922189
LV246,161,0.5910501233962915
LV246,161,-0.19020051354110348
LV246,161,-1.1277286046389412
LV246,161,-1.5986309227762556
LV246,161,-0.19363924531716728
LV246,161,0.4074148862167656
LV246,161,0.11178253568873817
LV246,161,0.340706550142998
LV246,161,0.0640202656747153
LV246,161,0.8877594304421976
LV246,161,0.9298478065672273
LV246,161,1.169886830193391
LV246,161,0.9165226870811957
LV246,161,0.11996932811945704
LV246,161,-1.0720219352744154
LV246,161,-0.13255970989456742
LV246,161,-0.7992992516207108
LV246,161,0.16878011747435492
LV246,161,1.0124442642663465
LV246,161,-0.14123656967574533
LV246,161,0.25942497334273823
LV246,161,0.6243361099159206
LV246,161,0.42931476247700445
LV246,161,0.013591807193377381
LV246,161,-0.8308696638759062
LV246,161,-0.9972810446014222
LV246,161,1.6435090966040837
LV246,161,0.49828439578352735
LV246,161,-0.2199831752683186
LV246,161,1.6323710668603155
LV246,161,-0.28722111991010246
LV246,161,0.1702125387048447
LV246,161,0.9101858007224917
LV246,161,0.24008660965539905
LV246,161,-0.2853747346314276
LV246,161,-0.5095177825547849
LV246,161,-1.4684402452377256
LV246,161,-0.44838922685562355
LV246,161,-0.7345333101518041
LV246,161,1.1721335025922526
LV246,161,0.5537616719201727
LV246,161,-0.8224166453023319
LV246,161,-0.5723876413928096
LV246,161,1.091695291213014
LV246,161,-0.41801100939275937
LV246,161,-0.1815969133445137
LV246,161,0.7003161844308782
LV246,161,-1.0768042559566093
LV246,161,1.0947720583502862
LV246,161,-0.3410020507305806
LV246,161,-0.4861554229054944
LV246,161,0.01943510540826524
LV246,161,-0.05708459839422064
LV246,161,-0.09651545262016464
LV246,161,-0.134689654452565
LV246,161,0.6532259797001656
LV246,161,0.7390959627184396
LV246,161,0.3500202672740523
LV246,161,0.11921790957076528
LV246,161,-0.33977437717454856
LV246,161,0.6137378448748182
LV246,161,0.0026369941186224757
LV246,161,0.4830235170339274
LV246,161,0.5579938009348011
LV246,161,-1.7531654488162856
LV246,161,0.6537604632128131
LV246,161,-0.2147023914976946
LV246,161,0.21881275753474982
LV246,161,0.9803197333048584
LV246,161,-0.3535600435130111
LV246,161,1.074725879785669
LV246,161,0.15271893531463954
LV246,161,-0.007039770972247835
LV246,161,1.4460383603187679
LV246,161,-0.6052068519641026
LV246,161,0.5717339677900423
LV246,161,1.136091411959907
LV246,161,1.1521945728094953
LV246,161,1.813898296732684
LV246,161,0.10632801430810483
LV246,161,1.5929770455493548
LV246,161,-1.0023175394800226
LV246,161,0.28116803888403924
LV246,161,-0.9022083848575608
LV246,161,-0.3172100188781957
LV246,161,0.15851307783784546
LV246,161,0.13175342344184762
LV246,161,0.4794886405165485
LV246,161,1.0988308560002842
LV246,161,-2.352933001213242
LV246,161,0.9664138183321832
LV246,161,-1.9823586685462242
LV246,161,-1.0821095498655098
LV246,161,-0.21233046010485984
LV246,161,1.3497878597862105
LV246,161,-0.4289627079195445
LV246,161,0.5829208823952342
LV246,161,0.4250345610917185
LV246,161,-0.0158026193600997
LV246,161,-1.4957980282568173
LV246,161,0.6945139169999507
LV246,161,-0.4661208900419386
LV246,161,-0.5968589155303311
LV246,161,-0.6244543521001452
LV246,161,-0.41585641928135625
LV246,161,-0.6422195982383619
LV246,161,-0.004997710832723329
LV246,161,-0.01992018717591274
LV246,161,1.2065044351223442
LV246,161,1.3271071798943723
LV246,161,-0.39624438161907727
LV246,161,-0.02277351935097714
LV246,161,0.6785789417401036
LV246,161,0.04646518381611257
LV246,161,1.2035381667300225
LV246,161,0.08489464316594383
LV246,161,-0.8285726170492005
LV246,161,0.9561098103655611
LV246,161,1.2053241568613327
LV246,161,0.5027712406550787
LV246,161,-0.1639016768277862
LV246,161,-1.0736863226202304
LV246,161,1.3691329942299886
LV246,161,-1.197907765874254
LV246,161,-0.7747453742547348
LV246,161,-0.2606253178197311
LV246,161,-0.42199695370355644
LV246,161,-0.5792320636535606
LV246,161,-0.07143982076363557
LV246,161,0.8454007657204562
LV246,161,0.33890918514088453
LV246,161,-2.5642480385877064
LV246,161,0.04695254286399777
LV246,161,1.0976851085970696
LV246,161,0.7796175858053898
LV246,161,0.06613680413497286
LV246,161,-0.17653401251582926
LV246,161,-1.4584321193271332
LV246,161,-0.7253537894132104
LV246,161,-0.44517988830743166
LV246,161,1.0244377113775764
LV246,161,0.43324518658507677
LV246,161,-0.9541793570689602
LV246,161,-1.6306487466164001
LV246,161,-0.7661841589933966
LV246,161,1.4078103986803125
LV246,161,0.01475610646921272
LV246,161,2.0103382530589795
LV246,161,1.334410794856263
LV246,161,-0.3899093910721809
LV246,161,0.4936759481264805
LV246,161,-0.441351973451726
LV246,161,1.1381917006047388
LV246,161,0.4270550902257987
LV246,161,1.430504078424495
LV246,161,-1.0242267593841365
LV246,161,-0.9307438732502279
LV246,161,-1.056822534993213
LV246,161,0.5924048163429665
LV246,161,0.7345053898583681
LV246,161,-1.2552766559425288
LV246,161,-0.9586745976784913
LV246,161,0.27183604071062234
LV246,161,-1.3469578437902179
LV246,161,-0.3092274324614353
LV246,161,-1.6544809967619794
LV246,161,-0.6834432133520552
LV246,161,-0.21633265423109993
LV246,161,-0.23670017289591858
LV246,161,-2.383211146896055
LV246,161,0.8002595909359143
LV246,161,-0.23756980885188625
LV246,161,0.5575065773020365
LV246,161,-0.8187038333059496
LV246,161,-1.585070316381559
LV246,161,-0.9930015202917818
LV246,161,0.29597229781994416
LV246,161,1.2325971700099125
LV246,161,0.8707530506847485
LV246,161,-0.8175203050818478
LV246,161,0.35845784852296686
LV246,161,-0.7939674163465972
LV246,161,-0.8116049660185339
LV246,161,-0.2463689484942051
LV246,161,0.2921221748831485
LV246,161,1.2650163642912682
LV246,161,1.459169023680112
LV246,161,1.3425240568721355
LV246,161,1.1542411016482637
LV246,161,-0.10674552392657011
LV246,161,-0.3506487536628977
LV246,161,-0.5892343667136264
LV246,161,1.1873463089711949
LV246,161,-0.08310271954591818
LV246,161,-0.9450411379445938
LV246,161,-3.5603131106532526
LV246,161,0.3006634841205746
LV246,161,0.08244769179185954
LV246,161,0.16453823857046415
LV246,120,-0.8163622616562793
LV246,120,0.371674967085488
LV246,120,-0.5413145652490536
LV246,120,0.9162837184331019
LV246,120,0.5540578896935063
LV246,120,0.8260570120428108
LV246,120,0.05515834919779325
LV246,120,0.17966547903187133
LV246,120,-0.25308178604136733
LV246,120,-0.4934711545972466
LV246,120,0.5251583974212843
LV246,120,-1.0911530068214768
LV246,120,0.8100399227181702
LV246,120,-1.0054969839651422
LV246,120,-0.19710165204525854
LV246,120,-0.744137187118583
LV246,120,-2.844661923272094
LV246,120,0.08862911888204959
LV246,120,0.3171359771894726
LV246,120,-0.7834137087489581
LV246,120,-0.18248235372209706
LV246,120,-1.1231481874779443
LV246,120,0.4711331120499703
LV246,120,0.982429659156224
LV246,120,1.3335877783501404
LV246,120,1.1295918513870162
LV246,120,0.4851389343338123
LV246,120,1.2707824017326783
LV246,120,-1.2505089014058384
LV246,120,0.7891122536480266
LV246,120,1.1991001317447896
LV246,120,-0.11013533622209387
LV246,120,-1.2473094823198716
LV246,120,-1.454230654663099
LV246,120,-0.3231231709405587
LV246,120,0.3078708855250316
LV246,120,-0.4600275053445451
LV246,120,0.45709838770037714
LV246,120,1.2198759659900869
LV246,120,0.3524897362528686
LV246,120,0.8604142437161066
LV246,120,-0.312039822605873
LV246,120,-1.8635961485495984
LV246,120,-1.0227930886786374
LV246,120,0.04053746719980314
LV246,120,-2.361334855391041
LV246,120,0.4496321526894642
LV246,120,-0.729766921663269
LV246,120,-0.2113004846996419
LV246,120,0.4045372097142784
LV246,120,1.7348106101116962
LV246,120,-0.3467571423448402
LV246,120,0.32535524958456985
LV246,120,0.3893089884169533
LV246,120,-0.8240135886635654
LV246,120,-0.6001433343551246
LV246,120,0.21658905577573
LV246,120,-1.2033925954627789
LV246,120,0.27458659355263443
LV246,120,-0.3235335406822494
LV246,120,1.6466987035045573
LV246,120,0.4890038927693016
LV246,120,-0.4274730895118677
LV246,120,0.5272217277722986
LV246,120,0.79858540059395
LV246,120,-0.5911866633648496
LV246,120,0.12518033408025542
LV246,120,-1.1598421313706972
LV246,120,-0.3294774682577594
LV246,120,-1.7125581101188088
LV246,120,0.09158485000273271
LV246,120,0.9413216175788469
LV246,120,0.16922629043642762
LV246,120,0.43349351632120203
LV246,120,0.9120859903228512
LV246,120,-0.14753460929459106
LV246,120,0.10662500991337005
LV246,120,0.8001122610945213
LV246,120,0.26751726704731227
LV246,120,0.7078891346150049
LV246,120,1.2476821287479054
LV246,120,0.878551279767133
LV246,120,0.2540229717352651
LV246,120,0.25374978782617746
LV246,120,0.8917076584611976
LV246,120,1.17039840086762
LV246,120,0.40249149774580956
LV246,120,0.2130859670400958
LV246,120,1.0171689523835248
LV246,120,0.7264228812122545
LV246,120,-2.198840810140886
LV246,120,0.6909151097711432
LV246,120,-1.5653264341546231
LV246,120,-0.24409839053826024
LV246,120,-0.26184505074237807
LV246,120,1.254076413854683
LV246,120,-0.32454154971491045
LV246,120,1.164365193623277
LV246,120,0.3400646194139848
LV246,120,0.6590497904511506
LV246,120,-0.13705444311279483
LV246,120,0.3318811776620313
LV246,120,1.5084723965318247
LV246,120,-0.2810898673406837
LV246,120,0.08362708191481963
LV246,120,-0.8213545986151322
LV246,120,0.8969397241982436
LV246,120,-0.07065847972504942
LV246,120,-0.7427902716711886
LV246,120,1.0035329181737187
LV246,120,1.1944362093548975
LV246,120,-0.5705371271876598
LV246,120,-0.8149757543379934
LV246,120,0.8093379588474259
LV246,120,0.7792984186531736
LV246,120,2.3040615398555953
LV246,120,-1.296394889961246
LV246,120,-1.7150181510160587
LV246,120,2.1111735081871075
LV246,120,-0.31328142367673023
LV246,120,-1.293420748620597
LV246,120,-1.9694675827188897
LV246,120,0.3465954964753124
LV246,120,-0.14488373557969378
LV246,120,0.14288680853544136
LV246,120,1.152197621904487
LV246,120,0.9950608516830514
LV246,120,0.31460130561560795
LV246,120,1.0194607278295265
LV246,120,-0.581180213918153
LV246,120,-0.35434828970838717
LV246,120,-0.4321843241874646
LV246,120,0.15261809447951138
LV246,120,0.6418198041620363
LV246,120,-0.7180404033861045
LV246,120,-0.2999377754333859
LV246,120,1.0724839429488338
LV246,120,-0.36211205762898313
LV246,120,0.24353270962638146
LV246,120,-0.49072684406705835
LV246,120,0.14194927303296193
LV246,120,0.45130292964067587
LV246,120,1.6221194761829831
LV246,120,-0.17777765170519497
LV246,120,0.4476808673330495
LV246,120,-1.0130208251482022
LV246,120,-0.8900852946287833
LV246,120,-0.1836085444893297
LV246,120,2.0833457678596656
LV246,120,0.11194457368506515
LV246,120,1.413744292381603
LV246,120,1.125263470102845
LV246,120,0.39872373735332145
LV246,120,-1.4417031928379926
LV246,120,-0.4634046919307821
LV246,120,-0.06419708639711519
LV246,120,0.6634490411842014
LV246,120,-0.9421060435773485
LV246,120,0.016625956780645816
LV246,120,-0.3081811988697108
LV246,120,0.6642497867727881
LV246,120,2.850723327667806
LV246,120,0.28173648951521313
LV246,120,0.7751454293570107
LV246,120,0.12397674120544856
LV246,120,-1.7618515730416784
LV246,120,0.17296297121027046
LV246,120,0.43250569914270326
LV246,120,0.3605130288870847
LV246,120,-1.4199035128116853
LV246,120,-0.43174861564840283
LV246,120,-0.07572683307600298
LV246,120,-2.0269072710350704
LV246,120,-0.005634176704016527
LV246,120,0.03002147037485064
LV246,120,-1.9934221492976223
LV246,120,-1.379853761942976
LV246,120,1.5185006215075123
LV246,120,1.1900741749804764
LV246,120,0.1202355073664624
LV246,120,-0.060383003515710666
LV246,120,0.20691874131281965
LV246,120,0.47360008152462535
LV246,120,0.6620504583453017
LV246,120,0.16826064470561758
LV246,120,1.4284362417878402
LV246,120,0.3662591950675424
LV246,120,-0.6068408931928718
LV246,120,-0.19810134678502853
LV246,120,-1.8791385313423636
LV246,120,0.20857387947503733
LV246,120,-1.251728726947717
LV246,120,0.7792764451648275
LV246,120,0.8903472817776908
LV246,120,0.3343140981277264
LV246,120,-0.9467064210144767
LV246,120,1.349364545018535
LV246,120,-0.35274125566928216
LV246,120,-1.6394713185113785
LV246,120,0.557122102540409
LV246,159,0.6936270284252629
LV246,159,-0.38563334049484194
LV246,159,0.38705563665018083
LV246,159,-0.0481656578628411
LV246,159,0.6326991812676808
LV246,159,0.13606862884366072
LV246,159,0.8411957067812131
LV246,159,-0.05976365507259909
LV246,159,0.9091226463839424
LV246,159,-0.608795277571253
LV246,159,-1.8316425047061502
LV246,159,-0.3543508224613409
LV246,159,1.4338746490679264
LV246,159,-0.3520528413832983
LV246,159,1.169718722686042
LV246,159,1.0654411515484443
LV246,159,-0.23685042416034663
LV246,159,0.49193091042979553
LV246,159,-0.16879699162615822
LV246,159,-0.07950177060613654
LV246,159,1.7274627812476862
LV246,159,0.5083243786531062
LV246,159,-1.2715180327931996
LV246,159,-0.2320516181904694
LV246,159,-0.20051736980701712
LV246,159,0.8852074784428232
LV246,159,0.24815431359474086
LV246,159,-0.18412476474887465
LV246,159,0.5727004921755022
LV246,159,1.6260798737258637
LV246,159,-1.1595919551280915
LV246,159,-0.16592029753972573
LV246,159,0.3855892759738857
LV246,159,-0.4365565148677899
LV246,159,0.32430384302929116
LV246,159,0.25961769627352427
LV246,159,1.445566299698091
LV246,159,0.7495678211374259
LV246,159,-0.9326531211676673
LV246,159,0.706942920487368
LV246,159,-0.31029573560236
LV246,159,-0.6192846960656225
LV246,159,-1.8751398299293924
LV246,159,0.5052223199890405
LV246,159,1.737477145023036
LV246,159,-1.400737546070517
LV246,159,-0.8713660795970848
LV246,159,0.11142785287698168
LV246,159,-0.013732900855151923
LV246,159,0.9016945608517626
LV246,159,0.3746705505142453
LV246,159,-1.4365605482808608
LV246,159,0.39389771150485076
LV246,159,0.5823880302315348
LV246,159,1.0726065994617633
LV246,159,0.20773181809808808
LV246,159,2.882390562622884
LV246,159,0.8548414848754896
LV246,159,-0.4788176698703389
LV246,159,0.7257527018858921
LV246,159,1.1388914065727653
LV246,159,0.1117185825984823
LV246,159,1.7561347739438347
LV246,159,-0.8861605343521396
LV246,159,0.9110064651218845
LV246,159,0.4274422715577044
LV246,159,0.4417723042191839
LV246,159,0.948176397337507
LV246,159,2.0942915370210025
LV246,159,1.065409214437338
LV246,159,0.2501004371636861
LV246,159,-0.2415224233205167
LV246,159,0.007706787862160889
LV246,159,0.33094378029622085
LV246,159,0.2856252550442826
LV246,159,-0.6496105524527834
LV246,159,-0.3834305822284158
LV246,159,0.09356778856868857
LV246,159,-1.7745938395046457
LV246,159,1.0276533500137663
LV246,159,0.927722757116919
LV246,159,-0.8973138837975521
LV246,159,-0.3585288557384245
LV246,159,1.7375534959053638
LV246,159,0.29427314989379605
LV246,159,-1.2097216060708953
LV246,159,1.471322755875379
LV246,159,-1.0621597545667056
LV246,159,-0.3311545926331526
LV246,159,-0.23391989995544246
LV246,159,0.3193508443731139
LV246,159,-0.6857539851132604
LV246,159,2.4867136107554106
LV246,159,0.4333222311315843
LV246,159,0.5673034342766826
LV246,159,-0.16761720178465378
LV246,159,-1.5706445857849387
LV246,159,-1.8112526602382195
LV246,159,1.0709552860314628
LV246,159,-0.052690605066714635
LV246,159,0.8715518916534926
LV246,159,0.11079060157648993
LV246,159,0.44525384167763205
LV246,159,1.2323224442463454
LV246,159,-0.5942178303856487
LV246,159,-1.8117658119288427
LV246,159,-1.1634466153465262
LV246,159,-0.054933108165514714
LV246,159,0.4015540649884067
LV246,159,0.436185506923178
LV246,159,0.36029790888143687
LV246,159,-0.320592668264922
LV246,159,-0.15522905533585887
LV246,159,-1.79372919110952
LV246,159,-0.8304613494166306
LV246,159,2.0385030144909133
LV246,159,0.26753519645428686
LV246,159,1.4393662627870987
LV246,159,-1.597422833343747
LV246,159,0.03634456782994591
LV246,159,2.4184673785111763
LV246,159,-0.34291207922453903
LV246,159,0.4280870559359985
LV246,159,0.39598143144806425
LV246,159,-0.4657749303481908
LV246,159,0.9401462933374836
LV246,159,1.0833366056285023
LV246,159,0.7118004216884636
LV246,159,1.9474875837665049
LV246,159,-1.2243069394473278
LV246,159,0.11663878097838476
LV246,159,0.49121048139522033
LV246,159,0.022637505008951148
LV246,159,-0.657904196471604
LV246,159,1.0746885146050844
LV246,159,-0.24171859722166472
LV246,159,1.4282608582431264
LV246,159,-1.351168560137195
LV246,159,1.0811870889588446
LV246,159,-0.606807722074385
LV246,159,-0.7863336782142231
LV246,159,0.5513569286697472
LV246,159,0.39747866989640324
LV246,159,0.5588679565273331
LV246,159,-1.3875170729939328
LV246,159,1.143033500791159
LV246,159,1.9936963461818482
LV246,159,-1.0968717847400704
LV246,159,2.25805464556016
LV246,159,-0.9486308576596625
LV246,159,-1.0725769810654522
LV246,159,0.38162381673608253
LV246,159,0.3522317873531677
LV246,159,-1.1564159781380714
LV246,159,-0.42051109837989253
LV246,159,1.7547074126390838
LV246,159,2.0299493615835096
LV246,159,1.0763000047334552
LV246,159,1.0114278066498374
LV246,159,1.0582663657574258
LV246,159,-0.4436298787519124
LV246,159,-0.7182799318017916
LV246,159,0.7881859090913188
LV246,159,-0.27403550100113944
LV246,159,2.431001949159792
LV246,159,0.5265832252676521
LV246,159,0.19881312479543034
LV246,159,-0.226673236047044
LV246,159,-0.6570503691842484
LV246,159,0.2892204948958372
LV246,159,0.3331231153988496
LV246,159,-0.0618072378356348
LV246,159,2.0402342099337605
LV246,159,-0.39330836973378214
LV246,159,0.8433526780591122
LV246,159,1.4315166387761327
LV246,159,-0.872453079183346
LV246,159,-0.5903849062354626
LV246,159,-0.37022980501150077
LV246,159,-1.8853643351876541
LV246,159,-0.9727937932379275
LV246,159,-1.6997691901288874
LV246,159,1.8664660362621697
LV246,159,0.16028700316639027
LV246,159,0.30767449530724134
LV246,159,-1.0889234067872688
LV246,159,1.5251180338654677
LV246,159,0.5752926556357036
LV246,159,0.8936337752536047
LV246,159,-0.3596636825217874
LV246,159,1.0445290921556563
LV246,159,-0.8024837338609874
LV246,159,-0.7059625256617482
LV246,159,-0.6014868973535547
LV246,159,0.6224116649523741
LV246,159,2.695586868628709
LV246,159,-0.5569554610278039
LV246,159,0.7543117768845367
LV246,159,-1.6964544789559706
LV246,159,-2.187021217625956
LV57,210,1.2123923999942052
LV57,210,-0.504378666060043
LV57,210,-0.3586113816877768
LV57,210,-0.44882769192721567
LV57,210,-1.1166189011228769
LV57,210,2.0859306842585776
LV57,210,-0.22566675085559232
LV57,210,-0.4194819068262638
LV57,210,-0.9029045017585846
LV57,210,2.3643836921524914
LV57,210,-0.7662317026938431
LV57,210,-0.2926777783627528
LV57,210,-1.8750978606712974
LV57,210,1.2865511453627563
LV57,210,0.37140702831553535
LV57,210,0.41669260338112357
LV57,210,-0.6690783091734716
LV57,210,0.44027475559876256
LV57,210,-0.6157424498356953
LV57,210,0.548757446470415
LV57,210,-1.0059934321975235
LV57,210,-1.3533235989008368
LV57,210,-0.020886492341678428
LV57,210,0.5160278885497485
LV57,210,-0.8237415486322069
LV57,210,0.011558587596409054
LV57,210,2.501043595222511
LV57,210,-0.11165623227936422
LV57,210,0.7871460802562061
LV57,210,-1.50695992561815
LV57,210,3.3700198979454226
LV57,210,-0.9291506174852602
LV57,210,1.612490031875846
LV57,210,0.3015741869190592
LV57,210,-0.36594555094744546
LV57,210,-0.5122926869107731
LV57,210,0.3706765276719403
LV57,210,-0.5279558130995321
LV57,210,0.9751974330994104
LV57,210,1.224854357243629
LV57,210,0.2805717869393126
LV57,210,-1.16037200640511
LV57,210,-0.47965870405858074
LV57,210,0.1925126148480265
LV57,210,-0.7493876864379023
LV57,210,-0.13079182849245954
LV57,210,1.9523950508431955
LV57,210,0.6760727500329652
LV57,210,0.3874598093256754
LV57,210,0.4436643167197386
LV57,210,0.9571011263777868
LV57,210,-0.9122440960879041
LV57,210,0.6345263665089542
LV57,210,-0.1438650133306649
LV57,210,2.259552142545581
LV57,210,1.2730099082699098
LV57,210,0.2184976781878158
LV57,210,-1.1283621896974594
LV57,210,-0.3348461318817098
LV57,210,1.1377292041707279
LV57,210,-1.0117568948366822
LV57,210,-0.9285857644042315
LV57,210,-0.3404727182204523
LV57,210,1.139228255026506
LV57,210,0.6560496540167661
LV57,210,0.5084002694405456
LV57,210,-0.07673438930479672
LV57,210,-0.5174725525874659
LV57,210,0.63991410029859
LV57,210,-0.05773841032300726
LV57,210,0.06797612150130493
LV57,210,0.42214697073292684
LV57,210,-0.44279377942382947
LV57,210,-0.6263008220688356
LV57,210,0.2655163727975401
LV57,210,0.596834770307591
LV57,210,0.7003041113103085
LV57,210,-0.10481549867780889
LV57,210,-1.6260961211566152
LV57,210,-0.6554847134908327
LV57,210,-0.19109319337280292
LV57,210,0.8650830881998485
LV57,210,0.24804671778511825
LV57,210,0.9146096494531231
LV57,210,-0.944636008776465
LV57,210,1.1166875203522746
LV57,210,0.3728846794810622
LV57,210,-0.09735551898778386
LV57,210,0.021808971129199734
LV57,210,0.35204776533193494
LV57,210,1.0223248796751856
LV57,210,-1.4329258330197032
LV57,210,-0.6803073242053999
LV57,210,-0.1518210504387864
LV57,210,-0.9796836962302199
LV57,210,-1.2135186734137182
LV57,210,0.5935905466215211
LV57,210,-0.18926929964535602
LV57,210,0.9629808827990516
LV57,210,-0.9206696155015666
LV57,210,0.7014009263016705
LV57,210,0.5722482626990336
LV57,210,0.8577110566401647
LV57,210,0.6968087945204053
LV57,210,0.02196654911883237
LV57,210,1.4132897298266909
LV57,210,0.21742382913292926
LV57,210,-0.27405378285908083
LV57,210,-0.9714081789413038
LV57,210,-0.5724911732484046
LV57,210,-0.06539314932606069
LV57,210,1.1706775258302429
LV57,210,-1.803968150377219
LV57,210,0.5990937570213205
LV57,210,-1.3828805208025041
LV57,210,1.3041805064167442
LV57,210,-0.7425036937966268
LV57,210,-1.2947294594286933
LV57,210,2.103375738990639
LV57,210,-0.21948593467107588
LV57,210,0.44363581784823375
LV57,210,-0.567765280634756
LV57,210,-0.25800195521620767
LV57,210,0.4313539448656996
LV57,210,0.7702007431915681
LV57,210,0.16847911132732657
LV57,210,0.19213455365358362
LV57,210,-1.4487560368219294
LV57,210,0.9815381255696474
LV57,210,-0.6170904771017982
LV57,210,0.3590437786270339
LV57,210,-1.2166327965167323
LV57,210,-0.6946729430809755
LV57,210,0.3762056832809225
LV57,210,1.5306327777320563
LV57,210,0.3014412943318649
LV57,210,0.19239058383790447
LV57,210,-0.4478357813840092
LV57,210,-0.6679345578686472
LV57,210,1.051881614308282
LV57,210,0.07251908677067981
LV57,210,-0.16909426072104802
LV57,210,-0.43917571659835386
LV57,210,0.2744922404902468
LV57,210,0.34573322236386717
LV57,210,-1.3103860141930794
LV57,210,0.586705515490901
LV57,210,-1.495101671165868
LV57,210,-1.4992324583121892
LV57,210,-1.736905079231953
LV57,210,-0.8832892085906623
LV57,210,0.42997568223771343
LV57,210,0.49996443323110595
LV57,210,-1.0415469831326882
LV57,210,1.3469423651079746
LV57,210,-0.6291725004710775
LV57,210,-0.22393562316806664
LV57,210,-0.2717957324882027
LV57,210,1.1704933386792238
LV57,210,-0.323067687889172
LV57,210,-0.0791492345421949
LV57,210,-0.4768013091409224
LV57,210,-1.1227311940351088
LV57,210,-0.2194869561360049
LV57,210,-0.095357499538864
LV57,210,1.146705974157456
LV57,210,-1.7692428202304737
LV57,210,1.1493567777933302
LV57,210,-0.03634576817954621
LV57,210,-0.7907703631827107
LV57,210,1.0767603119596292
LV57,210,-0.2085116900167241
LV57,210,-1.9007901040649253
LV57,210,0.9433614186493386
LV57,210,0.09890802031877048
LV57,210,-0.0027830183411403342
LV57,210,0.2505398923581143
LV57,210,-0.6152882214064203
LV57,210,0.2970103156674813
LV57,210,1.1441808447566126
LV57,210,-2.115856701677113
LV57,210,-1.0489967992466747
LV57,210,-0.26019909222851856
LV57,210,-0.2867615556435416
LV57,210,1.8193463157103846
LV57,210,-1.0797892681014054
LV57,210,-0.39351381682870223
LV57,210,-0.4690738929082081
LV57,210,-0.21496397753039717
LV57,210,-0.02345809839676667
LV57,210,-0.9580291675035145
LV57,210,-0.005181775505915551
LV57,210,0.19301914228163894
LV57,210,0.24084243630331273
LV57,210,-0.8827463340300111
LV57,210,0.5611132224405244
LV57,210,-1.7891515632479305
LV57,210,0.18105770284716632
LV57,210,2.255801953231608
LV57,210,-0.8119367848933466
LV57,371,2.1607288132513007
LV57,371,0.5735441904971678
LV57,371,-0.5823347293119197
LV57,371,0.23150346080171127
LV57,371,0.7702121891982423
LV57,371,0.7946806282360672
LV57,371,-1.153088895587858
LV57,371,0.7999285345359999
LV57,371,-0.1152032734848887
LV57,371,-0.9144261257457635
LV57,371,1.5861123835305675
LV57,371,0.11501213416243662
LV57,371,0.73583275855227
LV57,371,-1.8966724568189244
LV57,371,-1.062224806918967
LV57,371,-0.7130956933621289
LV57,371,0.22457073727649457
LV57,371,-1.7285051306359909
LV57,371,0.7096904496001443
LV57,371,0.5864276116223887
LV57,371,0.9661196625663234
LV57,371,-0.6807318190582518
LV57,371,-1.4802675037629744
LV57,371,-0.473574080908405
LV57,371,-0.7258524905903146
LV57,371,-1.0027931067144449
LV57,371,1.3224295344372183
LV57,371,1.062130838014001
LV57,371,1.4770276686569352
LV57,371,0.06747351441458097
LV57,371,1.6256969738335871
LV57,371,-1.0446614364136133
LV57,371,-0.38998153503964883
LV57,371,0.5065785248092374
LV57,371,-0.09711310273602584
LV57,371,0.8094557968291729
LV57,371,0.6562766686980658
LV57,371,-1.2541384145252248
LV57,371,-1.0681890062025168
LV57,371,0.6934352566922122
LV57,371,-0.5483282631251223
LV57,371,-0.9256111237020509
LV57,371,0.6537831840364915
LV57,371,-0.7303836868662121
LV57,371,0.35429684159348657
LV57,371,0.7299820463925758
LV57,371,0.14254462128425063
LV57,371,1.9685094368232818
LV57,371,0.5119998677931693
LV57,371,0.13881982478736993
LV57,371,0.8435306315795612
LV57,371,-0.24584201862748195
LV57,371,0.5910829816828623
LV57,371,0.22286634521657278
LV57,371,-0.20234454659888532
LV57,371,-0.43241774346353856
LV57,371,-0.14428112994208603
LV57,371,-0.9369015546891124
LV57,371,0.6938429137011918
LV57,371,-0.07998381917616777
LV57,371,-0.9262913166244499
LV57,371,-0.13042889785991182
LV57,371,2.89360319357844
LV57,371,-1.413784770879543
LV57,371,-1.505954326383136
LV57,371,1.995360271381232
LV57,371,0.21417431062133802
LV57,371,0.853024217858949
LV57,371,1.4325559902109712
LV57,371,1.9388265589790994
LV57,371,-1.6214697784433698
LV57,371,0.7649446559336193
LV57,371,-0.5138360230459744
LV57,371,0.8862387764212699
LV57,371,0.41393281340794297
LV57,371,-0.356438505017791
LV57,371,-1.2477928578440811
LV57,371,-1.505773252646475
LV57,371,0.847792367615124
LV57,371,-1.1340579337851513
LV57,371,0.31960006925414275
LV57,371,1.1669384124216158
LV57,371,0.2979725356114401
LV57,371,-0.20803433328713247
LV57,371,-0.34914115784176786
LV57,371,0.2085311542648729
LV57,371,-2.144627538808479
LV57,371,0.469520000450479
LV57,371,-0.18741846150437413
LV57,371,-0.5168089738635705
LV57,371,-0.6213201107287867
LV57,371,0.9794565369514686
LV57,371,0.36451563509543383
LV57,371,-2.375616269716637
LV57,371,-0.6152525896815797
LV57,371,-2.7488304057766397
LV57,371,-0.22039069351858176
LV57,371,1.0471905214152113
LV57,371,-0.2698930262715219
LV57,371,-1.6848694618387492
LV57,371,0.13702876651550058
LV57,371,0.7842397867763513
LV57,371,-0.3877374926783261
LV57,371,0.5812281602060678
LV57,371,-1.5333930576058903
LV57,371,-0.5019691379405877
LV57,371,-0.23945527920502105
LV57,371,0.6184925982714075
LV57,371,-0.4696011714276056
LV57,371,1.204387234481938
LV57,371,-1.2335213698162895
LV57,371,-0.6630106508845892
LV57,371,0.1905041130093443
LV57,371,0.1308425192741823
LV57,371,0.09414014743273239
LV57,371,1.6444053027426146
LV57,371,1.151328537431096
LV57,371,0.3676206313355046
LV57,371,1.2340301546410326
LV57,371,-0.653890576429925
LV57,371,-0.4377052946682456
LV57,371,-0.25642165635144476
LV57,371,-0.26300398773013206
LV57,371,0.15708880161561903
LV57,371,-0.7250143957395008
LV57,371,-1.2688041360735285
LV57,371,-0.09578428163789368
LV57,371,-0.8488959392429689
LV57,371,1.1675805504058374
LV57,371,-0.9551273417690317
LV57,371,0.707391540358776
LV57,371,0.3547400252331084
LV57,371,0.27712697881825177
LV57,371,1.658255606012854
LV57,371,-1.1580729456280783
LV57,371,-0.34980229723005235
LV57,371,0.033877363869430445
LV57,371,-0.6582544352379418
LV57,371,-0.3760180704583812
LV57,371,1.3577706863530319
LV57,371,0.4273455109541575
LV57,371,0.4338687007885114
LV57,371,1.6663706130591895
LV57,371,-1.8329519650816957
LV57,371,-0.30421378454363157
LV57,371,-0.9389465384457312
LV57,371,-0.17195674012248827
LV57,371,-0.32740553253562293
LV57,371,-1.9826089262292084
LV57,371,1.1981369454713708
LV57,371,0.23818309292301512
LV57,371,1.450927141941727
LV57,371,0.12176010878230428
LV57,371,-1.0701216236314044
LV57,371,-0.890040052190571
LV57,371,0.23641231324148979
LV57,371,0.5492303170644104
LV57,371,0.36847869199634914
LV57,371,-1.911747581732959
LV57,371,0.8431490395967309
LV57,371,1.4739402663095158
LV57,371,-1.1333318403517028
LV57,371,0.026901163880596858
LV57,371,-0.6554886492481826
LV57,371,1.1897527388349622
LV57,371,-2.0386084098553785
LV57,371,-0.4026916758710272
LV57,371,2.208105621316819
LV57,371,1.160421582453643
LV57,371,-0.24932182994358365
LV57,371,-0.8799940437469693
LV57,371,-1.76717382198514
LV57,371,-1.0911940243471734
LV57,371,-0.29785871412794235
LV57,371,-0.6735206949887325
LV57,371,-0.3126588530160992
LV57,371,0.035122933274041014
LV57,371,-1.3409879939315816
LV57,371,-1.3637736748811895
LV57,371,1.1124064418977206
LV57,371,0.8303022137682249
LV57,371,0.123730285913874
LV57,371,-0.7745602831511358
LV57,371,-0.7255415087633234
LV57,371,-1.1578198020941137
LV57,371,1.3604299185158915
LV57,371,1.6258169772139803
LV57,371,0.7727547543040566
LV57,371,-0.23832053829159874
LV57,371,-1.0202072288800663
LV57,371,-1.3573827129244924
LV57,371,-0.8878136558519513
LV57,371,-0.24490560649803203
LV57,371,-1.0615385929755272
LV57,371,-0.906057636320123
LV57,371,1.4209345333918098
LV57,371,-0.15187775574835866
LV57,371,0.008822904848684181
LV57,371,-0.25885738091507177
LV57,371,1.2525514409224097
LV246,93,1.0834841946645004
LV246,93,0.4738897969432161
LV246,93,0.20661501193005008
LV246,93,0.42222347191185305
LV246,93,-0.2769600870000618
LV246,93,-1.0279592407991598
LV246,93,1.9378124444821239
LV246,93,0.5487427062520926
LV246,93,-0.05562961587679044
LV246,93,0.721087786342661
LV246,93,-0.5782067957176648
LV246,93,0.3024782457925231
LV246,93,0.06459422152647884
LV246,93,0.3879174680538463
LV246,93,-0.44499292681002606
LV246,93,0.5401798291236178
LV246,93,0.48692366165924134
LV246,93,0.02405323948260979
LV246,93,-1.1505761346218253
LV246,93,0.1099935819743253
LV246,93,0.9504693522314136
LV246,93,-0.10706255867314711
LV246,93,-1.0230807228114547
LV246,93,0.8399824112198269
LV246,93,-0.9753013374396136
LV246,93,-2.0434705025965276
LV246,93,-0.9615933890093727
LV246,93,2.26991299547057
LV246,93,-0.010518133008132643
LV246,93,0.8438729049234742
LV246,93,-0.08274104961840607
LV246,93,1.4760473300477157
LV246,93,-0.455194218308846
LV246,93,-0.03776817447304189
LV246,93,-0.4182487443010347
LV246,93,-0.563442111482457
LV246,93,0.3238439747648172
LV246,93,-0.21359621786710298
LV246,93,1.0074205409691612
LV246,93,-1.2662709350490864
LV246,93,0.804960859798749
LV246,93,0.11692041409525546
LV246,93,-0.8176534147446688
LV246,93,-0.29951168204949014
LV246,93,-0.2994346777587798
LV246,93,0.534066873121597
LV246,93,-1.3575553753169696
LV246,93,-0.1992864512879064
LV246,93,-0.16057580200045812
LV246,93,1.2931929412955612
LV246,93,0.6370559655794769
LV246,93,-0.9388818619715229
LV246,93,-0.25904296557073075
LV246,93,-2.413589848937354
LV246,93,-0.847471845475673
LV246,93,0.23541343197926728
LV246,93,-0.9358159065193112
LV246,93,0.9126424752651839
LV246,93,-1.1986741992891092
LV246,93,0.14799579178710343
LV246,93,-0.3181242114580895
LV246,93,-2.829638108309798
LV246,93,0.2575112940541597
LV246,93,-0.8033483868910728
LV246,93,0.598936472308533
LV246,93,0.9943582438996822
LV246,93,0.32945936458064623
LV246,93,-0.06983749985594832
LV246,93,0.8297858584466076
LV246,93,-0.5290685807848662
LV246,93,-1.5001673217370453
LV246,93,0.7372267009968783
LV246,93,0.23040578371946985
LV246,93,-0.2306035039844868
LV246,93,0.054215227818310084
LV246,93,0.18858534576815397
LV246,93,0.37951570759519304
LV246,93,-0.17941815959978838
LV246,93,-0.5637572367336994
LV246,93,2.2416488667308747
LV246,93,0.9421848752309261
LV246,93,1.7504858834610189
LV246,93,-0.5797634670716988
LV246,93,-0.7996960141479573
LV246,93,0.05693407162155018
LV246,93,-1.7338717900389282
LV246,93,0.47487189782027295
LV246,93,-0.8113248467286439
LV246,93,0.2970820220348985
LV246,93,-1.0834591948271126
LV246,93,-0.45279760784524914
LV246,93,-0.14280795042702218
LV246,93,0.06455038831482295
LV246,93,-0.46260676980204135
LV246,93,-1.1550684464745036
LV246,93,1.1897003592444138
LV246,93,1.452053977739694
LV246,93,-3.124590604771831
LV246,93,-1.2902180847827271
LV246,93,1.4085785398785058
LV246,93,-0.7057567028722177
LV246,93,0.5241878149624204
LV246,93,2.4458547682785965
LV246,93,-1.1747945763950525
LV246,93,0.29198078394478844
LV246,93,-0.869402667473743
LV246,93,0.42255992142829824
LV246,93,0.6510446835005054
LV246,93,0.22924953467718956
LV246,93,-0.6990004648722354
LV246,93,1.1132706389977753
LV246,93,-1.0930871005303553
LV246,93,1.4858778162696358
LV246,93,-0.8113438016309715
LV246,93,0.6436889967142926
LV246,93,-2.6356974710562047
LV246,93,0.30576573666573953
LV246,93,1.2047683219169372
LV246,93,0.5283093215382738
LV246,93,0.8313437144820418
LV246,93,-0.17276972760684559
LV246,93,1.7507761304029328
LV246,93,0.6043125564824299
LV246,93,0.009925913838287689
LV246,93,-2.46974611645852
LV246,93,-1.6907647880918395
LV246,93,-0.005146787559761334
LV246,93,-0.29893474220978766
LV246,93,0.0996738223359395
LV246,93,-0.6414936605598381
LV246,93,0.681530089857249
LV246,93,-0.7086023075847498
LV246,93,1.3733176828154958
LV246,93,-0.18362851728027876
LV246,93,-1.1409103191139274
LV246,93,1.211208249984277
LV246,93,-0.6125139842570716
LV246,93,0.40866953206310797
LV246,93,-2.2252717095879158
LV246,93,-2.2026537723803035
LV246,93,0.6413196339227494
LV246,93,-0.8060707847385135
LV246,93,0.837533674774848
LV246,93,-0.6201267469061439
LV246,93,0.27137798979134675
LV246,93,-0.5549965178121479
LV246,93,-1.0850052040486202
LV246,93,0.06641507683169834
LV246,93,-0.25982959401751143
LV246,93,0.8001166975715734
LV246,93,0.867879288726898
LV246,93,0.7394325777557995
LV246,93,0.6963966566924954
LV246,93,-0.8063859099897557
LV246,93,0.467284013480529
LV246,93,0.08359177238870492
LV246,93,1.4069886974454173
LV246,93,0.9148803384217595
LV246,93,1.6939185314954226
LV246,93,-0.968059380067366
LV246,93,-2.2632028385169844
LV246,93,-0.7416418870307866
LV246,93,1.3726127973850262
LV246,93,-0.06884355216488985
LV246,93,0.21073533382442838
LV246,93,-2.0766913382961136
LV246,93,-0.5175973108298008
LV246,93,-0.6380675619634031
LV246,93,-0.4016241102745523
LV246,93,1.0457070743169277
LV246,93,-0.5925307784736632
LV246,93,-0.35724594518981795
LV246,93,-1.6852832672737785
LV246,93,-1.8559164827474168
LV246,93,0.4884045134038902
LV246,93,-0.6420469067716875
LV246,93,-0.8861552470909926
LV246,93,0.5890870311842853
LV246,93,0.94936285980779
LV246,93,-0.2923538370563539
LV246,93,0.8798658950890826
LV246,93,0.6709579930816044
LV246,93,-2.4044180455714477
LV246,93,-1.127824328416445
LV246,93,0.18024992746768465
LV246,93,-0.20232515906798945
LV246,93,0.3421283474267725
LV246,93,0.8705471912301562
LV246,93,0.4137281216229623
LV246,93,-0.7690992477399737
LV246,93,2.3359720147788408
LV246,93,0.395853648723962
LV246,93,-0.4721304235424452
LV246,93,0.5453130536114572
LV246,93,1.611282265416451
LV246,93,1.0858227557397144
LV246,93,2.389218704792091
LV246,93,-0.7474657807722936
LV246,93,-0.1200833918937706
LV246,93,0.12200980537136388
LV246,79,-1.1836603532713044
LV246,79,0.5312303987587345
LV246,79,0.9623884934857558
LV246,79,-2.455776671627946
LV246,79,-0.3118935605139335
LV246,79,0.7396463560466076
LV246,79,-1.7105500440160681
LV246,79,0.8014450837344448
LV246,79,-0.41761340372909833
LV246,79,-0.37442154539741607
LV246,79,0.8157345649265385
LV246,79,-2.725331438073554
LV246,79,-0.043180799082133514
LV246,79,0.00044457088249362503
LV246,79,0.1883589818493601
LV246,79,-0.613264833415409
LV246,79,0.8276702593754932
LV246,79,-0.5851908752189592
LV246,79,-0.07778418970461314
LV246,79,-1.7132342042337314
LV246,79,0.16206115386699924
LV246,79,0.8416807290675372
LV246,79,-1.0002793821288702
LV246,79,1.5121743583485634
LV246,79,1.2821703832957563
LV246,79,-0.5531194642542867
LV246,79,-0.31536794956145753
LV246,79,-0.06739627178807317
LV246,79,-0.7128257131559147
LV246,79,-2.1040555036747053
LV246,79,1.526818237164533
LV246,79,0.5808234502640497
LV246,79,-0.16499889340984042
LV246,79,-1.3568313923071311
LV246,79,-1.8774836683033207
LV246,79,-0.8057647089163354
LV246,79,-0.005973439195684711
LV246,79,0.5768836554542704
LV246,79,-0.8547469671348747
LV246,79,0.8999174209836678
LV246,79,0.2777414922449916
LV246,79,0.08718682726444905
LV246,79,0.40610045118014687
LV246,79,0.6841858616927223
LV246,79,-1.4028158508961335
LV246,79,-1.8103161231287903
LV246,79,0.3275672466314357
LV246,79,0.6461794917356184
LV246,79,1.2061023049961423
LV246,79,0.32933981464406775
LV246,79,0.7459826011750965
LV246,79,0.5772566925043652
LV246,79,-0.4229633332638884
LV246,79,0.2988313816994181
LV246,79,1.0018287737915395
LV246,79,0.46390040062945403
LV246,79,-0.283627326280781
LV246,79,0.7984377572870631
LV246,79,0.7443910427015404
LV246,79,1.1611574293388842
LV246,79,0.483876895024299
LV246,79,0.36073705827281416
LV246,79,-0.8077545712177556
LV246,79,1.168488936985661
LV246,79,0.8870612702469913
LV246,79,0.05402993895858321
LV246,79,-0.5958891602925455
LV246,79,0.9650039777730343
LV246,79,1.631007659224142
LV246,79,1.482994129495446
LV246,79,0.6874177725155913
LV246,79,0.7190447367172681
LV246,79,0.4159900336814412
LV246,79,-0.7210500078977131
LV246,79,-0.2113408976147023
LV246,79,-0.41997655160629577
LV246,79,-1.3043300932600328
LV246,79,0.48332309696081216
LV246,79,0.7778784701657184
LV246,79,0.6424345410612646
LV246,79,0.7880812778694131
LV246,79,1.1159841585790045
LV246,79,0.48189581396367864
LV246,79,0.7183330420032185
LV246,79,-0.5353560910660353
LV246,79,0.08300281455023308
LV246,79,0.8671753220426303
LV246,79,-1.13560608995287
LV246,79,-0.29828346569710856
LV246,79,0.3843498976185667
LV246,79,-2.0593154960220854
LV246,79,-0.32118088244356785
LV246,79,0.6878123484582066
LV246,79,-0.12821485560333595
LV246,79,0.5170267417691495
LV246,79,-0.4759719560717647
LV246,79,-0.454521290167603
LV246,79,0.0719526999514941
LV246,79,-0.160106251131664
LV246,79,-1.1198277742361664
LV246,79,0.5375465133069062
LV246,79,-0.023304626221299956
LV246,79,-1.0649448535694395
LV246,79,-0.8604015891569505
LV246,79,-0.9792036586383732
LV246,79,0.5762601873576633
LV246,79,0.29260490208089207
LV246,79,-1.135198342149057
LV246,79,-1.159242787764186
LV246,79,1.3284046930380102
LV246,79,1.1277493644094583
LV246,79,0.5409758363639234
LV246,79,0.1529260953391144
LV246,79,1.6893012635216658
LV246,79,-2.185505405638418
LV246,79,1.1678259533054685
LV246,79,-0.0028940403002490904
LV246,79,-1.4278070136794814
LV246,79,1.4414402210981392
LV246,79,0.3001535383326665
LV246,79,-0.8656162378783258
LV246,79,-1.3472222296180885
LV246,79,1.2488381186996265
LV246,79,-1.2949610892226062
LV246,79,-1.0308617100432504
LV246,79,0.2259320886992044
LV246,79,0.31072441257279954
LV246,79,-0.4530325384848879
LV246,79,0.26022507074369045
LV246,79,0.5539612204557283
LV246,79,-0.3679820792686105
LV246,79,-0.9995590718578115
LV246,79,0.4163637334666903
LV246,79,0.6714874419228222
LV246,79,0.9422912984508945
LV246,79,-1.4753830307420426
LV246,79,-1.6010567525149069
LV246,79,0.473594393418274
LV246,79,0.683920850472814
LV246,79,0.2603504933716819
LV246,79,-1.076088165299281
LV246,79,0.47331877843589065
LV246,79,0.1021059068533286
LV246,79,1.4195176049220708
LV246,79,1.162699199833961
LV246,79,-1.9192320066265838
LV246,79,-0.7563421460295185
LV246,79,1.9675932817186639
LV246,79,0.8920995485753723
LV246,79,1.2889758449136397
LV246,79,-0.7579015618480831
LV246,79,0.3280531971834812
LV246,79,0.3410058587270309
LV246,79,-0.3278619155361928
LV246,79,-0.6920115215257662
LV246,79,-0.20959508753393233
LV246,79,1.7650531343106834
LV246,79,0.4774394999428511
LV246,79,-1.2608580636417814
LV246,79,-0.7037732479966615
LV246,79,0.4961507500858435
LV246,79,1.378710433360108
LV246,79,-0.4273057396800324
LV246,79,-1.2962923584642303
LV246,79,0.19772815157057588
LV246,79,1.7104160883862791
LV246,79,0.45113512745084006
LV246,79,0.1698738072359518
LV246,79,0.0707191841451612
LV246,79,0.10967749030982687
LV246,79,0.9149249757156735
LV246,79,0.30278459689607623
LV246,79,-1.2035431534836813
LV246,79,0.5429965158500264
LV246,79,1.1862665589797363
LV246,79,0.42490945475842645
LV246,79,0.5709179621190454
LV246,79,0.46433126132178015
LV246,79,0.28591889847460816
LV246,79,-0.06241834377970029
LV246,79,-0.6300421395356415
LV246,79,1.2711906843071854
LV246,79,-1.3560040503086186
LV246,79,-0.5033973450776311
LV246,79,1.4677088058918046
LV246,79,0.7995140391779875
LV246,79,1.736639690031335
LV246,79,-1.1151992319170627
LV246,79,-0.47894854817635546
LV246,79,-0.41166792381608647
LV246,79,-1.80095764001194
LV246,79,-2.8484134511828074
LV246,79,0.21201299361658787
LV246,79,0.23527781416432858
LV246,79,-1.040574342258291
LV246,79,1.0240704141026107
LV246,79,0.2588786414354068
LV246,79,0.8777836408189936
LV246,79,0.24878485366462744
LV246,79,0.9988451401259307
LV57,224,-0.7544342118772608
LV57,224,-0.7544342118772608
LV57,224,-0.7544342118772608
LV57,224,0.41389826079663733
LV57,224,-0.7544342118772608
LV57,224,-0.7544342118772608
LV57,224,-0.7544342118772608
LV57,224,-0.022491365490729002
LV57,224,0.41389826079663733
LV57,224,0.41389826079663733
LV57,224,-0.7544342118772608
LV57,224,-0.7544342118772608
LV57,224,-0.7544342118772608
LV57,224,2.420054389666559
LV57,224,1.4403699998449315
LV57,224,0.9791270550208132
LV57,224,0.3935815675199614
LV57,224,-0.7544342118772608
LV57,224,-0.7544342118772608
LV57,224,-0.7544342118772608
LV57,224,0.4263754644358681
LV57,224,0.3935815675199614
LV57,224,-0.7544342118772608
LV57,224,0.41389826079663733
LV57,224,0.6533129283363396
LV57,224,-0.7544342118772608
LV57,224,-0.7544342118772608
LV57,224,0.3935815675199614
LV57,224,2.368815672731959
LV57,224,-0.7544342118772608
LV57,224,-0.7544342118772608
LV57,224,0.11495263115411854
LV57,224,2.242919044701663
LV57,224,-0.7544342118772608
LV57,224,-0.7544342118772608
LV57,224,-0.7544342118772608
LV57,224,-0.7544342118772608
LV57,224,-0.7544342118772608
LV57,224,1.3794216515512623
LV57,224,-0.7544342118772608
LV57,224,-0.7544342118772608
LV57,224,1.1620289107852124
LV57,224,-0.7544342118772608
LV57,224,-0.7544342118772608
LV57,224,0.8226736750501892
LV57,224,0.3935815675199614
LV57,224,-0.7544342118772608
LV57,224,-0.7544342118772608
LV57,224,0.41389826079663733
LV57,224,0.8226736750501892
LV57,224,1.9539548976265468
LV57,224,0.11495263115411854
LV57,224,0.41389826079663733
LV57,224,-0.7544342118772608
LV57,224,-0.7544342118772608
LV57,224,-0.7544342118772608
LV57,224,-0.7544342118772608
LV57,224,-0.7544342118772608
LV57,224,-0.7544342118772608
LV57,224,-0.7544342118772608
LV57,224,-0.7544342118772608
LV57,224,1.2207998933347373
LV57,224,-0.7544342118772608
LV57,224,2.368815672731959
LV57,224,-0.7544342118772608
LV57,224,0.3935815675199614
LV57,224,0.4263754644358681
LV57,224,2.716817623864082
LV57,224,-0.7544342118772608
LV57,224,-0.7544342118772608
LV57,224,-0.7544342118772608
LV57,224,-0.7544342118772608
LV57,224,0.41389826079663733
LV57,224,-0.7544342118772608
LV57,224,-0.7544342118772608
LV57,224,-0.7544342118772608
LV57,224,0.3711293951882016
LV57,224,-0.7544342118772608
LV57,224,0.8226736750501892
LV57,224,-0.7544342118772608
LV57,224,0.9791270550208132
LV57,224,0.5944011141629648
LV57,224,0.41389826079663733
LV57,224,1.2188318785817838
LV57,224,2.716817623864082
LV57,224,-0.7544342118772608
LV57,224,-0.7544342118772608
LV57,224,1.9111860320181109
LV57,224,0.41389826079663733
LV57,224,0.3754129687775547
LV57,224,-0.7544342118772608
LV57,224,-0.7544342118772608
LV57,224,0.3711293951882016
LV57,224,0.4263754644358681
LV57,224,-0.7544342118772608
LV57,224,0.3935815675199614
LV57,224,1.1620289107852124
LV57,224,-0.7544342118772608
LV57,224,0.6715215997773357
LV57,224,0.3935815675199614
LV57,224,-0.7544342118772608
LV57,224,-0.7544342118772608
LV57,224,0.6533129283363396
LV57,224,0.3935815675199614
LV57,224,-0.7544342118772608
LV57,224,-0.7544342118772608
LV57,224,-0.7544342118772608
LV57,224,0.3935815675199614
LV57,224,-0.7544342118772608
LV57,224,1.3590548261742932
LV57,224,-0.7544342118772608
LV57,224,-0.7544342118772608
LV57,224,0.3935815675199614
LV57,224,-0.7544342118772608
LV57,224,-0.7544342118772608
LV57,224,-0.7544342118772608
LV57,224,-0.7544342118772608
LV57,224,-0.7544342118772608
LV57,224,-0.7544342118772608
LV57,224,-0.7544342118772608
LV57,224,-0.7544342118772608
LV57,224,0.41389826079663733
LV57,224,2.7475039112148703
LV57,224,0.4263754644358681
LV57,224,0.6533129283363396
LV57,224,-0.7544342118772608
LV57,224,0.11495263115411854
LV57,224,-0.7544342118772608
LV57,224,0.9791270550208132
LV57,224,0.3711293951882016
LV57,224,-0.7544342118772608
LV57,224,0.7856224249526487
LV57,224,-0.7544342118772608
LV57,224,0.41389826079663733
LV57,224,-0.7544342118772608
LV57,224,0.8921241142279409
LV57,224,-0.7544342118772608
LV57,224,-0.7544342118772608
LV57,224,0.41389826079663733
LV57,224,-0.7544342118772608
LV57,224,-0.7544342118772608
LV57,224,-0.7544342118772608
LV57,224,1.3386881657055485
LV57,224,0.41389826079663733
LV57,224,-0.7544342118772608
LV57,224,-0.7544342118772608
LV57,224,-0.7544342118772608
LV57,224,-0.7544342118772608
LV57,224,1.2207998933347373
LV57,224,-0.7544342118772608
LV57,224,0.3935815675199614
LV57,224,-0.7544342118772608
LV57,224,-0.7544342118772608
LV57,224,1.715800128923158
LV57,224,0.3935815675199614
LV57,224,0.41389826079663733
LV57,224,-0.7544342118772608
LV57,224,1.2207998933347373
LV57,224,-0.7544342118772608
LV57,224,-0.7544342118772608
LV57,224,0.8612518103997489
LV57,224,-0.7544342118772608
LV57,224,2.867358219439939
LV57,224,1.689249245121876
LV57,224,-0.7544342118772608
LV57,224,-0.7544342118772608
LV57,224,-0.7544342118772608
LV57,224,-0.7544342118772608
LV57,224,-0.7544342118772608
LV57,224,1.8216454010102376
LV57,224,-0.7544342118772608
LV57,224,3.0722494326036225
LV57,224,-0.7544342118772608
LV57,224,-0.7544342118772608
LV57,224,-0.7544342118772608
LV57,224,2.6472447403295285
LV57,224,0.11495263115411854
LV57,224,-0.7544342118772608
LV57,224,-0.7544342118772608
LV57,224,-0.7544342118772608
LV57,224,1.1009455851096683
LV57,224,3.1253111275075964
LV57,224,-0.7544342118772608
LV57,224,-0.7544342118772608
LV57,224,-0.7544342118772608
LV57,224,-0.7544342118772608
LV57,224,-0.7544342118772608
LV57,224,-0.7544342118772608
LV57,224,0.8921241142279409
LV57,224,-0.7544342118772608
LV57,224,0.41389826079663733
LV57,224,1.715800128923158
LV57,224,1.715800128923158
LV57,224,1.2207998933347373
LV57,224,-0.7544342118772608
LV57,224,-0.7544342118772608
LV57,224,0.3711293951882016
LV57,224,-0.7544342118772608
LV57,224,0.3711293951882016
LV57,224,-0.7544342118772608
LV246,57,-0.45205301675284365
LV246,57,0.8922905171009643
LV246,57,-1.3648070321868973
LV246,57,0.9999012175028356
LV246,57,1.064813026225795
LV246,57,-1.3648070321868973
LV246,57,0.45710097796202837
LV246,57,0.6212380748759917
LV246,57,-0.6512419201922738
LV246,57,-0.8904795519346154
LV246,57,-0.6000814008896476
LV246,57,0.8367358280845419
LV246,57,-1.3648070321868973
LV246,57,0.3217634225114465
LV246,57,-1.3648070321868973
LV246,57,0.525360282070409
LV246,57,-1.3648070321868973
LV246,57,0.36661923638601485
LV246,57,0.3192874360652838
LV246,57,0.7358395754940618
LV246,57,0.9445848512210567
LV246,57,-0.5444278139211285
LV246,57,-0.527626503334254
LV246,57,-0.8904795519346154
LV246,57,-1.3648070321868973
LV246,57,0.0496821502492981
LV246,57,0.12654958205141234
LV246,57,-0.022400618399545963
LV246,57,1.9213295874023322
LV246,57,1.6701414829739227
LV246,57,1.3785029716060206
LV246,57,-1.3648070321868973
LV246,57,-0.757176609849927
LV246,57,0.3598481862748439
LV246,57,1.016476066866418
LV246,57,-0.18583864049430687
LV246,57,-1.3648070321868973
LV246,57,-0.26788380408570844
LV246,57,-0.4962649794674157
LV246,57,2.639086495079369
LV246,57,-1.3648070321868973
LV246,57,-0.47088233363569265
LV246,57,-0.3998838007678346
LV246,57,1.9232797655361087
LV246,57,1.5926472639404226
LV246,57,1.4144913693106582
LV246,57,1.7201324988766848
LV246,57,-0.45546122434767916
LV246,57,-0.7380260437013235
LV246,57,0.8496116027043281
LV246,57,0.02518074187710803
LV246,57,-0.3555228928471321
LV246,57,0.7036259216922557
LV246,57,-0.6705146390981229
LV246,57,1.9382699065783715
LV246,57,-0.8489996386437029
LV246,57,-1.3648070321868973
LV246,57,-1.3648070321868973
LV246,57,-1.3648070321868973
LV246,57,0.2428535216933774
LV246,57,-0.6660874860589039
LV246,57,-0.006116428088234325
LV246,57,0.8979353999480402
LV246,57,-0.14874048915202692
LV246,57,0.11061520227660801
LV246,57,-0.6146218970081991
LV246,57,-0.5040557033613864
LV246,57,-1.3648070321868973
LV246,57,0.3483145832837545
LV246,57,0.8714528590593804
LV246,57,-0.765518529852508
LV246,57,-0.19212105356440914
LV246,57,1.1053887073728892
LV246,57,-0.2185681920036198
LV246,57,-0.6392216830907606
LV246,57,-0.5077516566548274
LV246,57,-1.3648070321868973
LV246,57,-0.8489996386437029
LV246,57,-0.9227349031107538
LV246,57,0.7919722010438065
LV246,57,-1.3648070321868973
LV246,57,-0.20449151739581056
LV246,57,0.6430201277226347
LV246,57,0.9077784254265856
LV246,57,-0.6991338127551284
LV246,57,-0.45546122434767916
LV246,57,0.28106329954351283
LV246,57,-1.3648070321868973
LV246,57,1.4367277492565456
LV246,57,0.00738894306825788
LV246,57,2.265190951677185
LV246,57,-1.3648070321868973
LV246,57,0.30871060963233066
LV246,57,-0.061481228874696224
LV246,57,1.8470897404853133
LV246,57,0.42643600574202206
LV246,57,-0.7832103382016368
LV246,57,0.2732367309946265
LV246,57,0.8369033979444606
LV246,57,1.148325765713926
LV246,57,0.30984749387597965
LV246,57,-0.6031492663473874
LV246,57,0.48351536718459254
LV246,57,-0.22844303026370522
LV246,57,1.065366459373827
LV246,57,0.31554185171119037
LV246,57,-0.5040557033613864
LV246,57,1.9313851576380017
LV246,57,-0.6821685219762446
LV246,57,-0.0874944076782322
LV246,57,-0.5048373665545784
LV246,57,0.30628888439818136
LV246,57,-0.4755435954515748
LV246,57,0.3026397008359005
LV246,57,-0.5936730112856142
LV246,57,-1.3648070321868973
LV246,57,-0.5589795472609599
LV246,57,1.8484953816045715
LV246,57,1.0405096218544898
LV246,57,-1.3648070321868973
LV246,57,0.4415282182109098
LV246,57,-0.332225427877062
LV246,57,-0.2679487302531031
LV246,57,-0.332225427877062
LV246,57,0.6091812647811464
LV246,57,-0.7380260437013235
LV246,57,-0.95697266139559
LV246,57,0.5460193931516577
LV246,57,1.2437126584269325
LV246,57,1.3148635180721393
LV246,57,0.23063678929198464
LV246,57,0.019375884699312312
LV246,57,0.11933923982687596
LV246,57,0.007177308734154198
LV246,57,-0.3241412876496733
LV246,57,-0.40783267814648444
LV246,57,1.032413932260786
LV246,57,-1.3648070321868973
LV246,57,-0.6785711544898652
LV246,57,-0.6705146390981229
LV246,57,2.0874436028747847
LV246,57,-1.3648070321868973
LV246,57,-1.3648070321868973
LV246,57,-0.9177064026605459
LV246,57,0.02245529952336753
LV246,57,0.15730814575791155
LV246,57,0.11476465028253187
LV246,57,-0.7195499709503731
LV246,57,-0.5795981835359321
LV246,57,1.0474060502216067
LV246,57,0.6213552853368411
LV246,57,-0.2799091915803083
LV246,57,1.2155478118691712
LV246,57,0.8316551473892246
LV246,57,-0.6506854696422316
LV246,57,0.1581931809820435
LV246,57,0.32138151306044993
LV246,57,1.2717106374511051
LV246,57,-0.7932960044211504
LV246,57,-0.1278662581171113
LV246,57,-1.3648070321868973
LV246,57,-1.3648070321868973
LV246,57,-1.3648070321868973
LV246,57,-1.3648070321868973
LV246,57,0.009320080354866244
LV246,57,0.08342435227811104
LV246,57,-1.3648070321868973
LV246,57,-0.45049707779896747
LV246,57,0.7790075171130613
LV246,57,-0.5757752392371945
LV246,57,-1.3648070321868973
LV246,57,-0.6705146390981229
LV246,57,-0.332225427877062
LV246,57,1.9507469679394136
LV246,57,0.3628266221798984
LV246,57,-0.04916434994106425
LV246,57,-1.3648070321868973
LV246,57,-1.3648070321868973
LV246,57,0.4374488987896399
LV246,57,0.6770651624601044
LV246,57,-1.3648070321868973
LV246,57,0.7124050788533849
LV246,57,0.20271187821821707
LV246,57,-0.1689101568175316
LV246,57,-1.3648070321868973
LV246,57,-0.6199337731265147
LV246,57,-0.527626503334254
LV246,57,1.187195210072526
LV246,57,-0.2345798016626365
LV246,57,0.7620156940061557
LV246,57,0.393632788004319
LV246,57,0.5512376257593078
LV246,57,-1.3648070321868973
LV246,57,1.6340371233885784
LV246,57,-0.8489996386437029
LV246,57,-0.7681993354661647
LV246,57,-0.5077516566548274
LV246,57,0.25519786939013767
LV246,57,0.4037921724763954
LV246,57,3.4199862855628984
LV603,441,2.0410294136162515
LV603,441,-0.4209480953389148
LV603,441,-0.4209480953389148
LV603,441,-0.4209480953389148
LV603,441,2.0410294136162515
LV603,441,-0.4209480953389148
LV603,441,-0.4209480953389148
LV603,441,-0.4209480953389148
LV603,441,-0.4209480953389148
LV603,441,-0.4209480953389148
LV603,441,-0.4209480953389148
LV603,441,-0.4209480953389148
LV603,441,-0.4209480953389148
LV603,441,-0.4209480953389148
LV603,441,-0.4209480953389148
LV603,441,-0.4209480953389148
LV603,441,-0.4209480953389148
LV603,441,-0.4209480953389148
LV603,441,-0.4209480953389148
LV603,441,-0.4209480953389148
LV603,441,-0.4209480953389148
LV603,441,-0.4209480953389148
LV603,441,-0.4209480953389148
LV603,441,-0.4209480953389148
LV603,441,2.0410294136162515
LV603,441,-0.4209480953389148
LV603,441,-0.4209480953389148
LV603,441,-0.4209480953389148
LV603,441,-0.4209480953389148
LV603,441,-0.4209480953389148
LV603,441,-0.4209480953389148
LV603,441,-0.4209480953389148
LV603,441,-0.4209480953389148
LV603,441,2.0410294136162515
LV603,441,-0.4209480953389148
LV603,441,-0.4209480953389148
LV603,441,-0.4209480953389148
LV603,441,-0.4209480953389148
LV603,441,-0.4209480953389148
LV603,441,-0.4209480953389148
LV603,441,-0.4209480953389148
LV603,441,-0.4209480953389148
LV603,441,-0.4209480953389148
LV603,441,-0.4209480953389148
LV603,441,-0.4209480953389148
LV603,441,-0.4209480953389148
LV603,441,-0.4209480953389148
LV603,441,-0.4209480953389148
LV603,441,-0.4209480953389148
LV603,441,-0.4209480953389148
LV603,441,-0.4209480953389148
LV603,441,2.0410294136162515
LV603,441,-0.4209480953389148
LV603,441,-0.4209480953389148
LV603,441,-0.4209480953389148
LV603,441,2.0410294136162515
LV603,441,-0.4209480953389148
LV603,441,-0.4209480953389148
LV603,441,-0.4209480953389148
LV603,441,-0.4209480953389148
LV603,441,-0.4209480953389148
LV603,441,2.0410294136162515
LV603,441,-0.4209480953389148
LV603,441,-0.4209480953389148
LV603,441,2.0410294136162515
LV603,441,6.964984431526585
LV603,441,-0.4209480953389148
LV603,441,2.0410294136162515
LV603,441,-0.4209480953389148
LV603,441,-0.4209480953389148
LV603,441,2.0410294136162515
LV603,441,-0.4209480953389148
LV603,441,-0.4209480953389148
LV603,441,-0.4209480953389148
LV603,441,-0.4209480953389148
LV603,441,-0.4209480953389148
LV603,441,-0.4209480953389148
LV603,441,2.0410294136162515
LV603,441,-0.4209480953389148
LV603,441,-0.4209480953389148
LV603,441,-0.4209480953389148
LV603,441,-0.4209480953389148
LV603,441,2.0410294136162515
LV603,441,-0.4209480953389148
LV603,441,-0.4209480953389148
LV603,441,-0.4209480953389148
LV603,441,-0.4209480953389148
LV603,441,-0.4209480953389148
LV603,441,-0.4209480953389148
LV603,441,2.0410294136162515
LV603,441,-0.4209480953389148
LV603,441,-0.4209480953389148
LV603,441,-0.4209480953389148
LV603,441,-0.4209480953389148
LV603,441,-0.4209480953389148
LV603,441,-0.4209480953389148
LV603,441,-0.4209480953389148
LV603,441,-0.4209480953389148
LV603,441,-0.4209480953389148
LV603,441,2.0410294136162515
LV603,441,-0.4209480953389148
LV603,441,-0.4209480953389148
LV603,441,-0.4209480953389148
LV603,441,-0.4209480953389148
LV603,441,-0.4209480953389148
LV603,441,-0.4209480953389148
LV603,441,-0.4209480953389148
LV603,441,-0.4209480953389148
LV603,441,-0.4209480953389148
LV603,441,-0.4209480953389148
LV603,441,-0.4209480953389148
LV603,441,-0.4209480953389148
LV603,441,-0.4209480953389148
LV603,441,-0.4209480953389148
LV603,441,-0.4209480953389148
LV603,441,-0.4209480953389148
LV603,441,-0.4209480953389148
LV603,441,2.0410294136162515
LV603,441,-0.4209480953389148
LV603,441,-0.4209480953389148
LV603,441,2.0410294136162515
LV603,441,-0.4209480953389148
LV603,441,-0.4209480953389148
LV603,441,-0.4209480953389148
LV603,441,-0.4209480953389148
LV603,441,2.0410294136162515
LV603,441,-0.4209480953389148
LV603,441,-0.4209480953389148
LV603,441,-0.4209480953389148
LV603,441,-0.4209480953389148
LV603,441,-0.4209480953389148
LV603,441,-0.4209480953389148
LV603,441,-0.4209480953389148
LV603,441,-0.4209480953389148
LV603,441,-0.4209480953389148
LV603,441,-0.4209480953389148
LV603,441,-0.4209480953389148
LV603,441,2.0410294136162515
LV603,441,-0.4209480953389148
LV603,441,-0.4209480953389148
LV603,441,-0.4209480953389148
LV603,441,-0.4209480953389148
LV603,441,-0.4209480953389148
LV603,441,-0.4209480953389148
LV603,441,-0.4209480953389148
LV603,441,2.0410294136162515
LV603,441,2.0410294136162515
LV603,441,-0.4209480953389148
LV603,441,-0.4209480953389148
LV603,441,-0.4209480953389148
LV603,441,2.0410294136162515
LV603,441,-0.4209480953389148
LV603,441,2.0410294136162515
LV603,441,-0.4209480953389148
LV603,441,-0.4209480953389148
LV603,441,-0.4209480953389148
LV603,441,-0.4209480953389148
LV603,441,-0.4209480953389148
LV603,441,-0.4209480953389148
LV603,441,-0.4209480953389148
LV603,441,-0.4209480953389148
LV603,441,-0.4209480953389148
LV603,441,-0.4209480953389148
LV603,441,-0.4209480953389148
LV603,441,-0.4209480953389148
LV603,441,-0.4209480953389148
LV603,441,-0.4209480953389148
LV603,441,-0.4209480953389148
LV603,441,-0.4209480953389148
LV603,441,-0.4209480953389148
LV603,441,-0.4209480953389148
LV603,441,-0.4209480953389148
LV603,441,-0.4209480953389148
LV603,441,-0.4209480953389148
LV603,441,2.0410294136162515
LV603,441,-0.4209480953389148
LV603,441,-0.4209480953389148
LV603,441,-0.4209480953389148
LV603,441,-0.4209480953389148
LV603,441,2.0410294136162515
LV603,441,-0.4209480953389148
LV603,441,-0.4209480953389148
LV603,441,-0.4209480953389148
LV603,441,2.0410294136162515
LV603,441,-0.4209480953389148
LV603,441,-0.4209480953389148
LV603,441,-0.4209480953389148
LV603,441,-0.4209480953389148
LV603,441,-0.4209480953389148
LV603,441,-0.4209480953389148
LV603,441,-0.4209480953389148
LV603,441,-0.4209480953389148
LV603,441,-0.4209480953389148
LV603,441,-0.4209480953389148
LV603,441,-0.4209480953389148
LV603,441,-0.4209480953389148
LV603,441,-0.4209480953389148
LV603,441,-0.4209480953389148
LV603,441,-0.4209480953389148
LV603,441,-0.4209480953389148
LV57,339,-0.9886272931454498
LV57,339,0.18283538780094152
LV57,339,0.42987596551526586
LV57,339,-0.2907337311904714
LV57,339,1.0200380988337325
LV57,339,0.6083728673321673
LV57,339,-0.9412606784470203
LV57,339,-0.6624086617960526
LV57,339,-0.11200307483960288
LV57,339,0.04977855184155579
LV57,339,-1.1246063971399414
LV57,339,-1.161494825503902
LV57,339,-0.4675874358577804
LV57,339,-1.0014463323645673
LV57,339,1.7832669259683724
LV57,339,1.3041962304847474
LV57,339,-0.8744346354781373
LV57,339,-0.4608113293468755
LV57,339,-1.406806125809338
LV57,339,1.0876080871500584
LV57,339,-0.005030831884853085
LV57,339,0.00880609028317475
LV57,339,-0.9410194158660607
LV57,339,-1.4769123484166422
LV57,339,0.41138897548689174
LV57,339,-0.3336417672633238
LV57,339,2.464534580570414
LV57,339,-0.3161129481855979
LV57,339,-1.4221670774051054
LV57,339,1.4817849469246518
LV57,339,0.009925630186208
LV57,339,-0.25323397962113026
LV57,339,1.541270770776733
LV57,339,0.9310802593975089
LV57,339,-1.1225821716108828
LV57,339,-0.716304690604843
LV57,339,0.23726524876157407
LV57,339,1.2741323285272772
LV57,339,-1.7798427718774261
LV57,339,-1.187090494488436
LV57,339,0.8208615929836136
LV57,339,1.9653196828877721
LV57,339,-0.8067524148732328
LV57,339,1.0297865470478125
LV57,339,-0.8290163409547524
LV57,339,-1.641887638009126
LV57,339,1.9457316688013184
LV57,339,-1.6543826539458302
LV57,339,1.4011249489679112
LV57,339,-1.1096644666435647
LV57,339,0.7097177750086655
LV57,339,-0.5265976379468835
LV57,339,2.1473823984807017
LV57,339,0.3318889047195621
LV57,339,-0.07804415827448591
LV57,339,-0.0008481489593995214
LV57,339,0.42284088143679355
LV57,339,0.3306184871084752
LV57,339,0.4473834257009097
LV57,339,-0.4408588406229635
LV57,339,0.8100200652262453
LV57,339,-1.490834525959871
LV57,339,-0.19178853147845293
LV57,339,0.03702433009265373
LV57,339,1.4366267631833944
LV57,339,-0.8116155871351014
LV57,339,-0.8760564617227717
LV57,339,-0.0996880077689054
LV57,339,0.21641473354878124
LV57,339,0.608402390975085
LV57,339,1.0293758348537603
LV57,339,0.0670137682411323
LV57,339,0.5313490185356744
LV57,339,1.1675739711677764
LV57,339,-0.01820727816652861
LV57,339,2.776103478595186
LV57,339,1.9863674575197143
LV57,339,-0.997825091182427
LV57,339,0.5192450617292179
LV57,339,-0.06910024034170675
LV57,339,-0.37736666683600295
LV57,339,-0.09563883593827664
LV57,339,-0.5095119177747139
LV57,339,-0.2840213930253502
LV57,339,1.3049459420122793
LV57,339,0.9109541846271477
LV57,339,-0.9856115369113492
LV57,339,1.549376314154518
LV57,339,1.3338563236471044
LV57,339,1.3217835042131325
LV57,339,0.03350233928530715
LV57,339,-1.5485283331602553
LV57,339,1.868900262261027
LV57,339,0.016100992830479652
LV57,339,0.3010545249776539
LV57,339,-0.31213957759739863
LV57,339,-0.7133742618231939
LV57,339,-0.7694881236661361
LV57,339,0.39564481317266553
LV57,339,-0.13553928653430114
LV57,339,1.3822247320502778
LV57,339,0.9501714570048617
LV57,339,0.13081100498917053
LV57,339,-1.3970404271064896
LV57,339,-1.2546484058609073
LV57,339,0.1368324626808413
LV57,339,-1.9605878592597847
LV57,339,-1.3458619389095796
LV57,339,-1.136817857166445
LV57,339,0.35703325398762087
LV57,339,0.28463038587635536
LV57,339,1.8217823220875473
LV57,339,1.4955202301578705
LV57,339,0.323329122496631
LV57,339,0.03371918769959552
LV57,339,0.2338973190742046
LV57,339,-1.6424725949556171
LV57,339,0.9992487611899745
LV57,339,-1.2269347748822323
LV57,339,-1.3723444624090702
LV57,339,0.12451039610820092
LV57,339,-1.0187883111902212
LV57,339,-1.446124706767794
LV57,339,-0.5045618844166619
LV57,339,1.2074286366921716
LV57,339,1.1949339851460155
LV57,339,0.48909175595031623
LV57,339,-0.8080109077035512
LV57,339,-1.1087255843661743
LV57,339,-0.4958642984981712
LV57,339,0.038764367033418845
LV57,339,-0.3620775842681865
LV57,339,-0.01175078220855175
LV57,339,-0.8305969630374963
LV57,339,-0.8995555996824982
LV57,339,1.5868474050058101
LV57,339,1.2749108469295085
LV57,339,0.45815448993672453
LV57,339,0.15626151839853017
LV57,339,0.2578757507324258
LV57,339,-0.7014895039502704
LV57,339,-0.6395414891655699
LV57,339,-0.10578439977384532
LV57,339,0.16067570544600082
LV57,339,-0.6341421782798233
LV57,339,0.09193245164451469
LV57,339,-0.32115577299588494
LV57,339,1.073276314610169
LV57,339,0.7704359997261612
LV57,339,1.9897020474741478
LV57,339,0.33760519934286337
LV57,339,0.552926376765935
LV57,339,0.5575114189328951
LV57,339,-0.41676289501537406
LV57,339,0.4626171969870746
LV57,339,1.047033151653067
LV57,339,2.0777751947129484
LV57,339,-0.7496818516547061
LV57,339,0.024891240061723288
LV57,339,-0.13761980239433888
LV57,339,1.2951502952115899
LV57,339,-0.5706547896214786
LV57,339,-2.032135286524707
LV57,339,-2.165897926952817
LV57,339,1.0287837522701373
LV57,339,0.3376499072600168
LV57,339,0.19919910614434258
LV57,339,-1.856625049762496
LV57,339,-0.5814170604326565
LV57,339,-0.5945735132857287
LV57,339,-0.5896828835954753
LV57,339,0.5398404194687507
LV57,339,0.25562697653608424
LV57,339,0.6756341647991098
LV57,339,1.325307677359472
LV57,339,0.2711073040768738
LV57,339,-0.9255537440329985
LV57,339,-1.0073519739265622
LV57,339,0.17346088837855067
LV57,339,-1.2830568375146356
LV57,339,-1.1953467954455228
LV57,339,0.0069249821447998445
LV57,339,0.5028396306788766
LV57,339,-0.4664997260697006
LV57,339,0.16155582073797758
LV57,339,0.7447714689367642
LV57,339,-2.580067975072455
LV57,339,-1.7214630495253351
LV57,339,-0.6696476283921964
LV57,339,0.6107926247853342
LV57,339,-0.4022489312061102
LV57,339,-0.7757391634197934
LV57,339,1.498894881048906
LV57,339,-0.8448098601688291
LV57,339,-0.17201319262062886
LV57,339,-0.22901079363956256
LV57,339,-1.7229442490487414
LV57,339,0.6771642727416934
LV57,339,1.7834327036459499
LV57,339,2.42441414019324
LV57,301,-0.13745663404471037
LV57,301,-1.075960890051244
LV57,301,0.3925485024126965
LV57,301,1.4512765018161642
LV57,301,-0.7173999081856077
LV57,301,0.7140896582780006
LV57,301,0.17483574035057156
LV57,301,0.6987809155804121
LV57,301,0.5921796356881106
LV57,301,1.1197280773546905
LV57,301,-0.45836910241173356
LV57,301,-1.4268100777483852
LV57,301,-2.4205792656430094
LV57,301,-0.29259511337485483
LV57,301,1.280273006297289
LV57,301,0.9209037154766215
LV57,301,0.055332144334908524
LV57,301,-0.39022355380310547
LV57,301,0.6644068047689936
LV57,301,-0.4054400678388621
LV57,301,1.704537349581473
LV57,301,-0.20035829256718482
LV57,301,-0.5839886565139086
LV57,301,-0.40866482229239526
LV57,301,-0.4209794193900074
LV57,301,1.2529535821382143
LV57,301,1.2504677729486275
LV57,301,-0.17831450162068152
LV57,301,-1.678693819412176
LV57,301,0.8916735535017776
LV57,301,-0.3216634102042891
LV57,301,-0.22794567335199137
LV57,301,-0.854480243682726
LV57,301,0.9871174964482282
LV57,301,-3.0986197865104295
LV57,301,1.1514015176895869
LV57,301,-1.1512595042047922
LV57,301,-0.8049001337461772
LV57,301,-0.6641638332626029
LV57,301,0.879550407135368
LV57,301,1.7366747355484078
LV57,301,1.343551738442554
LV57,301,-0.9978312106096878
LV57,301,-0.8031015632435201
LV57,301,0.937056949333492
LV57,301,0.8941258836127216
LV57,301,-1.2551714717079927
LV57,301,-1.1720491192666922
LV57,301,1.5096323214418508
LV57,301,0.22361232760037072
LV57,301,-1.9119564231367543
LV57,301,1.5732773395067878
LV57,301,-2.470762544580119
LV57,301,1.5483645899151164
LV57,301,-0.665128080326157
LV57,301,0.6812949911996906
LV57,301,-0.1340782974178173
LV57,301,-1.2346338425113463
LV57,301,-1.4195257494158662
LV57,301,-0.10182973611046894
LV57,301,0.5463065525327764
LV57,301,0.5489849532221727
LV57,301,-0.8082318972547802
LV57,301,-1.8081180848072513
LV57,301,-0.31666674451442606
LV57,301,0.445811087806123
LV57,301,-0.08796870317135815
LV57,301,-0.13964911690674958
LV57,301,-2.456544649461991
LV57,301,-0.3917607394991718
LV57,301,-2.0349916651601783
LV57,301,-0.2016486010574054
LV57,301,1.4318611657335851
LV57,301,-0.3877434236572291
LV57,301,1.576024855894094
LV57,301,-1.8220253932728425
LV57,301,0.2723375802629168
LV57,301,1.4843446557680118
LV57,301,0.8518185207274115
LV57,301,1.6856698800213987
LV57,301,0.2773245246203145
LV57,301,0.4134259070585934
LV57,301,0.19467410319129413
LV57,301,2.0935220349752366
LV57,301,-0.47497303906509286
LV57,301,-0.9300254374503103
LV57,301,-0.7163640406930744
LV57,301,1.5119006654161624
LV57,301,-0.4273075108385274
LV57,301,-0.5421413457677893
LV57,301,1.218246441291909
LV57,301,-1.4868645514264667
LV57,301,-0.9268582174134081
LV57,301,0.1211142683858778
LV57,301,-1.1657981040970036
LV57,301,-0.9597099725206337
LV57,301,1.1723367543439254
LV57,301,0.7073548580222611
LV57,301,-0.006953573538486452
LV57,301,-0.8361043957930376
LV57,301,0.14920634008139827
LV57,301,0.043888003282015066
LV57,301,0.2782668490871877
LV57,301,0.06891559851309156
LV57,301,0.9265312262053893
LV57,301,-0.14036177489413104
LV57,301,2.5787917073695996
LV57,301,0.3719050049295854
LV57,301,-0.18555587753526673
LV57,301,1.2783382131435306
LV57,301,0.2549314352866354
LV57,301,0.6570750849407067
LV57,301,2.1301909010341196
LV57,301,2.1259998659729957
LV57,301,-0.36730893482212024
LV57,301,-0.43946800497711147
LV57,301,-0.042823802376169305
LV57,301,-2.587644827935302
LV57,301,-0.1369321780779377
LV57,301,1.1005466236355799
LV57,301,-1.050359909799941
LV57,301,0.28438211279280823
LV57,301,-0.1482199594339096
LV57,301,0.954102214641319
LV57,301,0.8505896153473542
LV57,301,-0.8289025003919331
LV57,301,-1.5089745565507309
LV57,301,0.433276371966262
LV57,301,0.7340039566289485
LV57,301,0.4549668470361523
LV57,301,-0.009439407527391
LV57,301,-0.0854036849616337
LV57,301,-0.37014101688214684
LV57,301,-0.7337274564452796
LV57,301,-1.521692812139508
LV57,301,1.5120715823124653
LV57,301,0.9477980297348813
LV57,301,0.9244988725365336
LV57,301,1.3886605066321263
LV57,301,1.4458028956518836
LV57,301,-0.9620403147887298
LV57,301,-2.6235358138017433
LV57,301,-0.35408985701616075
LV57,301,0.7473990351913011
LV57,301,-0.06454661575609733
LV57,301,-0.07665860242962513
LV57,301,-0.8042263362893387
LV57,301,1.1523370471434604
LV57,301,-2.1885334404322245
LV57,301,0.16025371685339518
LV57,301,0.6115234505389807
LV57,301,1.276696051936431
LV57,301,-0.2196317269549529
LV57,301,-3.3643726704901584
LV57,301,-0.40958666252300147
LV57,301,0.20180346058867113
LV57,301,-1.4982332529554847
LV57,301,0.9068490990650011
LV57,301,-0.9560914545036242
LV57,301,-1.602475299374787
LV57,301,-0.48632971292511595
LV57,301,-0.8531403117581617
LV57,301,-1.1593061387583548
LV57,301,1.1274962403718947
LV57,301,0.7083428628319937
LV57,301,-0.8668279230699018
LV57,301,0.11699691209708572
LV57,301,0.06794631718808226
LV57,301,0.7320211519964853
LV57,301,-1.3887656679449878
LV57,301,1.3536183766048493
LV57,301,-0.4906863826279115
LV57,301,-1.6567700571624377
LV57,301,-0.2776240629838459
LV57,301,-0.37047737002558034
LV57,301,1.0738652115181722
LV57,301,-0.6408262123227915
LV57,301,0.10341400350388764
LV57,301,1.3274352571742376
LV57,301,-0.8146932850349349
LV57,301,-0.5755371731019406
LV57,301,-0.24756964609281004
LV57,301,1.2898647375292034
LV57,301,-1.0602397595027262
LV57,301,0.39122605400697824
LV57,301,1.266398532128086
LV57,301,0.9814975743106195
LV57,301,1.5063208189756563
LV57,301,-0.3214871862540391
LV57,301,-0.8993439698159492
LV57,301,0.9628045431499346
LV57,301,0.057683962811971023
LV57,301,-0.5448873741960443
LV57,301,1.148178499188279
LV57,301,-0.3450740155355416
LV57,301,-0.4119618419571622
LV57,301,0.9937589520728476
LV57,301,0.5937455141945391
LV57,301,0.04048809124888508
LV57,301,0.2664697145488093
LV246,173,1.461936953182964
LV246,173,-0.533887968975625
LV246,173,-0.168697683665177
LV246,173,1.0068705203684798
LV246,173,-0.41257600457163657
LV246,173,1.0548491716310646
LV246,173,-0.3278392947625775
LV246,173,1.172459509891616
LV246,173,-0.6637184744213479
LV246,173,1.0659882103957163
LV246,173,0.9907576138178098
LV246,173,-0.2504615211309075
LV246,173,-1.3741127874239705
LV246,173,0.7193580656808729
LV246,173,0.13527605143361363
LV246,173,-1.1819950668719266
LV246,173,0.8883981722286534
LV246,173,1.051962161749824
LV246,173,0.232134755935342
LV246,173,0.33245134797843434
LV246,173,-0.31261732666263
LV246,173,0.4665426626988361
LV246,173,0.8156471235255133
LV246,173,-0.10689025199396854
LV246,173,0.6792766066752367
LV246,173,1.1290663449556995
LV246,173,0.29474634034289104
LV246,173,-0.6913514151777671
LV246,173,-1.227710211293396
LV246,173,-0.3434225622549757
LV246,173,-0.7334575664346271
LV246,173,-0.31446229246990276
LV246,173,0.020221583236335036
LV246,173,-0.4778391695288798
LV246,173,0.21768739649876478
LV246,173,0.6153059949107345
LV246,173,-1.850859645791507
LV246,173,0.28081630993417156
LV246,173,0.0516770961849338
LV246,173,0.2506231906038208
LV246,173,-0.5918925245033008
LV246,173,-0.49273122881391485
LV246,173,0.7044420018365423
LV246,173,1.3129988185392762
LV246,173,0.43342314138994154
LV246,173,-0.690939644660654
LV246,173,-1.9616185288782135
LV246,173,-0.812014333228538
LV246,173,-0.20781526728993946
LV246,173,-1.7666027194175702
LV246,173,1.0672201366887102
LV246,173,1.9542849285869872
LV246,173,-0.05224602701668706
LV246,173,0.16150841848046646
LV246,173,-0.07647801412237303
LV246,173,0.26042536006626665
LV246,173,0.8174579289984056
LV246,173,-1.0735907848513466
LV246,173,1.0742159269690903
LV246,173,-0.18295485313195706
LV246,173,-0.3471063388543044
LV246,173,0.917714509643254
LV246,173,0.16294930753962028
LV246,173,-0.7162478361746881
LV246,173,-3.9774472504484026
LV246,173,-0.42096313603877267
LV246,173,0.4969681338531101
LV246,173,-0.9123567763354842
LV246,173,1.1789709004754736
LV246,173,0.3645682173106549
LV246,173,-1.026429827358552
LV246,173,-0.6025511643313175
LV246,173,-0.866574234497538
LV246,173,-1.3944852722462642
LV246,173,-0.10878507342439075
LV246,173,1.2093459005050853
LV246,173,0.3018944672495521
LV246,173,0.5825477729943003
LV246,173,1.1292426861412759
LV246,173,-0.9344926730136015
LV246,173,0.6285362000908127
LV246,173,-0.8923412823950021
LV246,173,-0.08218586747140291
LV246,173,-0.8376278134966759
LV246,173,-0.0027024631385924778
LV246,173,-0.3689058639515507
LV246,173,0.6858861697515866
LV246,173,0.48736384812946537
LV246,173,-0.7379381097520636
LV246,173,-0.12030910839003735
LV246,173,0.756257381826269
LV246,173,-0.7282876614143858
LV246,173,-0.6832966545316244
LV246,173,0.5562030769199828
LV246,173,-0.18065010768898
LV246,173,0.08615164409089415
LV246,173,0.8366147983179875
LV246,173,0.7616334798558283
LV246,173,0.7579016941379083
LV246,173,-0.23814472020704067
LV246,173,-0.7269806439359113
LV246,173,-1.3335764727947819
LV246,173,-0.19047289645235663
LV246,173,-4.487669390003591
LV246,173,0.5054223549859812
LV246,173,-0.9664578212210638
LV246,173,0.06977868814787919
LV246,173,-0.48207720524729847
LV246,173,-0.8855590711421921
LV246,173,-5.603300671486404
LV246,173,0.7178285444027889
LV246,173,-4.306239545601782
LV246,173,-0.5346813504353581
LV246,173,-2.7118111701871155
LV246,173,1.4844997001654505
LV246,173,0.9369227733397919
LV246,173,-1.3998296719475238
LV246,173,-0.30512944291672334
LV246,173,-1.7881594291650276
LV246,173,-0.5334263428353526
LV246,173,0.4593212911112428
LV246,173,-1.2832407584599994
LV246,173,0.09762736218718814
LV246,173,-0.6751504919096993
LV246,173,1.4078928421880248
LV246,173,0.9230564473384328
LV246,173,2.072303344355545
LV246,173,0.04348446319822419
LV246,173,-0.7080090405739454
LV246,173,-0.8731862595799688
LV246,173,-0.18909878930816668
LV246,173,1.2858388907012497
LV246,173,-0.2099756776263911
LV246,173,0.48091216119308067
LV246,173,-1.319519649072874
LV246,173,-0.10451318512235298
LV246,173,1.3716502661648502
LV246,173,-1.763072510447558
LV246,173,-0.31201628942800375
LV246,173,0.6061679515887624
LV246,173,0.06416654528526079
LV246,173,-0.13755761524575716
LV246,173,0.808535926710065
LV246,173,0.22354297021268493
LV246,173,0.23454906064894143
LV246,173,0.537615854257489
LV246,173,-0.2786896518575171
LV246,173,0.26576514350612596
LV246,173,0.5536105845162389
LV246,173,-0.4835913389873748
LV246,173,-0.5610469735613677
LV246,173,1.1272678495132114
LV246,173,0.35843905317094016
LV246,173,0.6355113710702524
LV246,173,-0.04917621318390177
LV246,173,-0.16748360691627184
LV246,173,0.8242247527132078
LV246,173,0.7284921082429673
LV246,173,-0.21895769131295617
LV246,173,-1.8836591063098125
LV246,173,1.0323990614268037
LV246,173,-1.0006812445067088
LV246,173,0.47741518930517457
LV246,173,0.02529116150875479
LV246,173,-0.17342750509835117
LV246,173,-0.7895048271275656
LV246,173,0.727891071008341
LV246,173,0.0991079510944067
LV246,173,0.6314404440146093
LV246,173,-0.36100590193776966
LV246,173,1.3554314933526839
LV246,173,0.8806856304278273
LV246,173,-1.3266176126056342
LV246,173,0.33773112002005945
LV246,173,-1.1132663206043154
LV246,173,-1.0251815902752761
LV246,173,0.9237898173999416
LV246,173,-1.1963790296519048
LV246,173,-1.3570107699300957
LV246,173,-1.2734382812467924
LV246,173,-0.49964977365348506
LV246,173,-0.44703362618577275
LV246,173,-4.7966988545905895
LV246,173,0.32952802350750376
LV246,173,0.08010926566554169
LV246,173,1.5534977283482174
LV246,173,1.2934809575779953
LV246,173,-0.5081230753334803
LV246,173,-0.8338184745871846
LV246,173,0.9319726023623277
LV246,173,-0.30134441631728903
LV246,173,-0.6622108034472302
LV246,173,-0.34413038900338216
LV246,173,1.2458811475011982
LV246,173,1.1538769034905227
LV246,173,0.47976794386674293
LV246,173,0.44907503730186177
LV246,173,0.5055248359891126
LV246,173,-0.9195532201114979
LV246,173,0.32970805770220646
