lv_id,feature_idx,z_draw
LV57,217,-0.48713264035541315
LV57,217,0.04377190736527453
LV57,217,-0.6163614234708532
LV57,217,-0.6541407952730864
LV57,217,-1.3618472358273763
LV57,217,-0.6460345595315481
LV57,217,1.2840449185328
LV57,217,1.3236772077423284
LV57,217,-0.3987586628468799
LV57,217,1.9644259187392086
LV57,217,3.1795681317147704
LV57,217,1.7227925046214692
LV57,217,0.9179211117925112
LV57,217,0.34449146481072357
LV57,217,-1.3618472358273763
LV57,217,0.3595320671948835
LV57,217,-0.4134171204698618
LV57,217,0.5667392808270862
LV57,217,-1.3618472358273763
LV57,217,-0.5393066502707294
LV57,217,-0.6417003691642224
LV57,217,-0.5054818141964295
LV57,217,-0.42250250767069075
LV57,217,0.06600607139006749
LV57,217,-1.3618472358273763
LV57,217,0.07411230713160594
LV57,217,-1.3618472358273763
LV57,217,0.2707974666920341
LV57,217,-0.5970102424098707
LV57,217,-1.3618472358273763
LV57,217,1.1762060147574318
LV57,217,1.119333812029479
LV57,217,-0.5183618801998443
LV57,217,-0.4775012050201569
LV57,217,-1.3618472358273763
LV57,217,-1.3618472358273763
LV57,217,-0.4775012050201569
LV57,217,-0.572555823547937
LV57,217,-1.3618472358273763
LV57,217,0.3052438549506194
LV57,217,3.8840901956362637
LV57,217,-0.39641634757578126
LV57,217,-1.3618472358273763
LV57,217,-1.3618472358273763
LV57,217,2.6959012387345473
LV57,217,-0.42250250767069075
LV57,217,-0.5970102424098707
LV57,217,-0.39641634757578126
LV57,217,0.27276715302449267
LV57,217,2.3042368753691718
LV57,217,0.1162297378832248
LV57,217,-0.42250250767069075
LV57,217,0.34906946478074186
LV57,217,-0.4134171204698618
LV57,217,0.20222462635786032
LV57,217,0.28683296166248684
LV57,217,0.24587752845556285
LV57,217,0.45221208780127237
LV57,217,-0.27287855993562954
LV57,217,-1.3618472358273763
LV57,217,-0.6417003691642224
LV57,217,2.8027026955209644
LV57,217,-1.3618472358273763
LV57,217,0.4395556880939627
LV57,217,-0.572555823547937
LV57,217,1.2474961560237485
LV57,217,-0.48713264035541315
LV57,217,0.07411230713160594
LV57,217,-1.3618472358273763
LV57,217,0.18188820193250452
LV57,217,-0.46993514784026535
LV57,217,0.3014914192854689
LV57,217,0.40324339822162814
LV57,217,2.725553475558827
LV57,217,0.3350129940994435
LV57,217,-0.37560871206894947
LV57,217,-0.6163614234708532
LV57,217,0.3320977284853403
LV57,217,0.23026246386874263
LV57,217,1.8808032714635599
LV57,217,1.2223495722383222
LV57,217,-1.3618472358273763
LV57,217,-0.6417003691642224
LV57,217,1.257896238594486
LV57,217,-0.48713264035541315
LV57,217,1.3223822110144028
LV57,217,0.3996488184911046
LV57,217,2.035000772522594
LV57,217,1.2459010551541903
LV57,217,-0.43733438448945994
LV57,217,-0.4442444724446714
LV57,217,0.20178498646330975
LV57,217,-0.3006012636412442
LV57,217,-1.3618472358273763
LV57,217,0.566672225404715
LV57,217,-0.4727186593320306
LV57,217,-0.42250250767069075
LV57,217,0.20782940136632014
LV57,217,0.5428840919862878
LV57,217,-1.3618472358273763
LV57,217,0.2330142263077407
LV57,217,2.0667373302143934
LV57,217,2.103406152166682
LV57,217,-1.3618472358273763
LV57,217,-0.4442444724446714
LV57,217,0.22712393215667864
LV57,217,0.8643079004180032
LV57,217,0.32298330468583214
LV57,217,-1.3618472358273763
LV57,217,-1.3618472358273763
LV57,217,0.26346196810961836
LV57,217,1.0026026833575123
LV57,217,-0.6615971536950276
LV57,217,0.9064788243215531
LV57,217,-0.6163614234708532
LV57,217,2.1538449918619964
LV57,217,-0.6417003691642224
LV57,217,-0.5183618801998443
LV57,217,-0.42250250767069075
LV57,217,-0.6541407952730864
LV57,217,0.2845246187671783
LV57,217,0.35942054531205414
LV57,217,-0.5302231306612397
LV57,217,-1.3618472358273763
LV57,217,0.2933101686251374
LV57,217,1.868320913482484
LV57,217,0.24836498225359743
LV57,217,-0.7017139049912485
LV57,217,1.2192527500661678
LV57,217,0.2560056096876774
LV57,217,1.8987725683328818
LV57,217,-0.4134171204698618
LV57,217,1.2499215346429835
LV57,217,-0.48713264035541315
LV57,217,-1.3618472358273763
LV57,217,-0.48713264035541315
LV57,217,2.8270544413257
LV57,217,-0.4298708669673851
LV57,217,-0.6163614234708532
LV57,217,-1.3618472358273763
LV57,217,-0.6615971536950276
LV57,217,1.6176153187026716
LV57,217,-0.3652370880329051
LV57,217,1.4153006607817689
LV57,217,-0.43733438448945994
LV57,217,0.030762221629623963
LV57,217,0.4209828479568412
LV57,217,1.256618272520916
LV57,217,0.1765060260250988
LV57,217,1.8838396637159514
LV57,217,-0.4134171204698618
LV57,217,-0.572555823547937
LV57,217,0.30672974619329224
LV57,217,-1.3618472358273763
LV57,217,-0.7017139049912485
LV57,217,0.43006823515767006
LV57,217,2.1388369833933525
LV57,217,-1.3618472358273763
LV57,217,-0.4442444724446714
LV57,217,0.0784464974989316
LV57,217,0.6215548652923852
LV57,217,-1.3618472358273763
LV57,217,0.27156820385115676
LV57,217,0.5020103436672254
LV57,217,1.9797632013475461
LV57,217,-1.3618472358273763
LV57,217,0.415211412654584
LV57,217,-1.3618472358273763
LV57,217,1.2840449185328
LV57,217,0.27092953207959497
LV57,217,1.0567558954278253
LV57,217,1.0069798283256408
LV57,217,0.15999100474506403
LV57,217,0.7915950992157854
LV57,217,0.6387434645154413
LV57,217,-1.3618472358273763
LV57,217,1.6517008171681773
LV57,217,1.5007957907073142
LV57,217,-1.3618472358273763
LV57,217,-0.7017139049912485
LV57,217,1.090201565993798
LV57,217,-0.4134171204698618
LV57,217,0.04377190736527453
LV57,217,-0.4775012050201569
LV57,217,0.5405860653098056
LV57,217,-0.5517548580101739
LV57,217,-0.4727186593320306
LV57,217,-1.3618472358273763
LV57,217,-0.7017139049912485
LV57,217,0.16405781828565436
LV57,217,0.0705834043631789
LV57,217,-0.4134171204698618
LV57,217,-1.3618472358273763
LV57,217,-0.6417003691642224
LV57,217,1.4380381406724887
LV57,217,-0.4134171204698618
LV57,217,0.4573557011483195
LV57,217,-0.7147235907268992
LV57,217,-0.572555823547937
LV57,217,0.3246413700633994
LV246,24,0.35173422019287076
LV246,24,-0.2538786871783673
LV246,24,2.913197386967581
LV246,24,-0.2834115360225003
LV246,24,0.8720430935575774
LV246,24,0.3929167314540147
LV246,24,0.25888350102329716
LV246,24,0.18319825469810141
LV246,24,-2.1696912253775755
LV246,24,-1.6227040164574615
LV246,24,0.5129873750078863
LV246,24,0.30539027401501345
LV246,24,-1.526171727166866
LV246,24,-0.6315576496120223
LV246,24,1.1181494863819246
LV246,24,1.4288585222923667
LV246,24,-0.3481103077908164
LV246,24,0.23366231121249287
LV246,24,-0.8227306274936613
LV246,24,-0.09525889965936903
LV246,24,1.623949056622025
LV246,24,-0.47643847184564875
LV246,24,1.3686156859533756
LV246,24,-1.1083704202744338
LV246,24,-0.4098670666589652
LV246,24,1.3553510533377768
LV246,24,-0.3429661310156643
LV246,24,0.13658968368297472
LV246,24,-0.5364644141978232
LV246,24,0.4289731578082137
LV246,24,0.16119437432579384
LV246,24,-0.4476477230886394
LV246,24,-2.2963185870756697
LV246,24,-0.6254143348249508
LV246,24,-1.512487563303271
LV246,24,-0.9016018768218182
LV246,24,-0.8295309605636878
LV246,24,-0.22827677609491379
LV246,24,-1.052721542810924
LV246,24,-0.418014785360719
LV246,24,-0.41524452014951746
LV246,24,-1.732085659121553
LV246,24,0.07125828013608378
LV246,24,-0.25574089901366664
LV246,24,-0.8023721066561695
LV246,24,1.9128891980151825
LV246,24,-0.8952030248179136
LV246,24,1.7670020838256475
LV246,24,0.45001454245466965
LV246,24,0.41768841754392044
LV246,24,0.46564199806983453
LV246,24,-0.3660936247880576
LV246,24,0.22110176074898377
LV246,24,-0.0201262473547835
LV246,24,0.8030467527362425
LV246,24,-0.33318022282824594
LV246,24,-2.1091599613055876
LV246,24,0.7425369571253747
LV246,24,0.8711035670008092
LV246,24,-1.0864514549609665
LV246,24,0.5806276594403819
LV246,24,1.5110140709949837
LV246,24,1.0883894887132366
LV246,24,-1.465640463094878
LV246,24,0.2554360413443205
LV246,24,0.5559998745694839
LV246,24,-0.5682030953141814
LV246,24,-0.3939804054297268
LV246,24,1.146264541379121
LV246,24,1.619206027422336
LV246,24,0.2786935547870739
LV246,24,-1.4050993193621424
LV246,24,-0.3575051564951816
LV246,24,-1.0241929593975794
LV246,24,0.30728120773324896
LV246,24,-0.41600867230641386
LV246,24,-0.9654540825543341
LV246,24,0.132048249586158
LV246,24,0.35285808371095106
LV246,24,1.419079992585761
LV246,24,-2.3370753141389775
LV246,24,-0.35612317120766696
LV246,24,-2.1091599613055876
LV246,24,1.0834436138207066
LV246,24,-0.1891488590925083
LV246,24,0.4775023015238215
LV246,24,0.4308144014183801
LV246,24,-0.8975655976994852
LV246,24,-0.27031260657768624
LV246,24,0.07531640289652806
LV246,24,-0.9817989599479175
LV246,24,-1.0049538416406145
LV246,24,0.14730878210465592
LV246,24,0.8403876600467681
LV246,24,-0.8091610593574848
LV246,24,-1.3792155669861905
LV246,24,1.5091803309246268
LV246,24,-2.1696912253775755
LV246,24,0.09783406731409965
LV246,24,-0.10721875007482387
LV246,24,0.769562373083287
LV246,24,1.066425919024238
LV246,24,-1.5267912694371073
LV246,24,-0.22579197888711722
LV246,24,1.8075129032148778
LV246,24,-1.4050993193621424
LV246,24,-1.231147757382791
LV246,24,-0.9235258861814902
LV246,24,-0.82211108522342
LV246,24,-0.30062694909294113
LV246,24,1.6726049267877436
LV246,24,0.5636208864629685
LV246,24,0.43189999688343317
LV246,24,1.3425095786810803
LV246,24,-1.063935249565024
LV246,24,0.35352852499289783
LV246,24,1.2657885103715647
LV246,24,0.32634991176388173
LV246,24,1.045267812647417
LV246,24,-2.1091599613055876
LV246,24,-0.9509596197640163
LV246,24,-0.07386405660157035
LV246,24,0.4327900000774613
LV246,24,-0.31249717389400844
LV246,24,1.4052778980881653
LV246,24,-1.296598592271644
LV246,24,-0.005150557544706781
LV246,24,-1.5215141966346688
LV246,24,-0.07386405660157035
LV246,24,-1.465640463094878
LV246,24,1.0013885708652006
LV246,24,-2.216548205246717
LV246,24,0.43992619992661064
LV246,24,0.21304921194380932
LV246,24,-0.5413508443805315
LV246,24,-0.7173835548122799
LV246,24,0.3515432551047282
LV246,24,1.8014604229458289
LV246,24,-1.4050993193621424
LV246,24,-0.9301188714347907
LV246,24,1.250555699264028
LV246,24,-0.2748096030443001
LV246,24,-2.1091599613055876
LV246,24,-1.4768376203750664
LV246,24,-1.587322533509095
LV246,24,0.7595562360024704
LV246,24,-0.6684184554337607
LV246,24,0.90260496951387
LV246,24,-1.4799342895679657
LV246,24,0.19267347465108872
LV246,24,-0.836339755959165
LV246,24,-1.587322533509095
LV246,24,0.15448800224871148
LV246,24,-0.4710178730011943
LV246,24,1.0658062933813313
LV246,24,1.3729463956405528
LV246,24,0.26081937260772337
LV246,24,-0.8227306274936613
LV246,24,-0.258981511111905
LV246,24,-0.1949038656944571
LV246,24,-0.8227306274936613
LV246,24,0.20502780282884267
LV246,24,-0.8832618915656492
LV246,24,0.9403472745178522
LV246,24,-0.23618217214716417
LV246,24,-0.0269786883401514
LV246,24,-0.06117327803604104
LV246,24,0.4407970690941268
LV246,24,0.5833975911609259
LV246,24,2.114406055641714
LV246,24,-0.5215946493580521
LV246,24,0.29490611976202297
LV246,24,-1.5267912694371073
LV246,24,0.45401188654265984
LV246,24,-0.6214448788932521
LV246,24,-0.06746753903227248
LV246,24,-0.8708226066427225
LV246,24,2.423807432995084
LV246,24,-1.4799342895679657
LV246,24,-2.1091599613055876
LV246,24,-0.41616878950867425
LV246,24,-1.0047963089909548
LV246,24,-1.4254372054651594
LV246,24,-1.5621264805566506
LV246,24,2.0327388623216756
LV246,24,0.637006464581992
LV246,24,-0.21877825348218552
LV246,24,-0.08604976356528017
LV246,24,-0.8711668106883005
LV246,24,0.5570878878418085
LV246,24,-1.0047963089909548
LV246,24,0.9029124479007153
LV246,24,-0.9329008088190286
LV246,24,-1.0608325775402774
LV246,24,-0.644764088107769
LV246,24,1.6746706512971994
LV246,24,1.5407861993863634
LV246,24,0.09081892457387067
LV246,24,-1.5267912694371073
LV246,24,1.5282344864252975
LV246,7,0.4665636839326776
LV246,7,0.29287898453230854
LV246,7,0.4610607937229828
LV246,7,-0.7902927073213037
LV246,7,0.058116748015425344
LV246,7,-0.6932843772961055
LV246,7,0.2456572773399674
LV246,7,-1.4070377831083252
LV246,7,-0.2571343367183783
LV246,7,-0.43471645156885336
LV246,7,2.1951375475772354
LV246,7,1.049148685610315
LV246,7,-1.7426699036280635
LV246,7,2.00786958302245
LV246,7,-1.822718130371009
LV246,7,0.14591269352811245
LV246,7,-0.1073432808913596
LV246,7,1.497657017353034
LV246,7,0.9116620408438507
LV246,7,1.8036848770965443
LV246,7,-2.395259780966224
LV246,7,0.12842993272380135
LV246,7,-2.1034276147746627
LV246,7,-1.4421467799053291
LV246,7,-0.7387718717305435
LV246,7,-0.778265871089158
LV246,7,0.3082716426229777
LV246,7,0.11080144073978603
LV246,7,0.611460293339485
LV246,7,1.290360625526134
LV246,7,-1.2854248792573642
LV246,7,0.10677783626857341
LV246,7,-1.1167267996369454
LV246,7,-0.007162646185351749
LV246,7,-0.40377711270723915
LV246,7,0.7826689104199762
LV246,7,1.970473157517573
LV246,7,1.5136815581040677
LV246,7,3.577073012206658
LV246,7,-1.0337392212911583
LV246,7,-2.113852462779264
LV246,7,0.2433977115898548
LV246,7,0.4874951523026652
LV246,7,1.5861290570962865
LV246,7,-1.8337792851228545
LV246,7,1.0616413986998103
LV246,7,-0.34004474258179057
LV246,7,0.9086509955947025
LV246,7,0.14188961643149478
LV246,7,1.4780602168881916
LV246,7,-0.6967666903429076
LV246,7,-0.6739790391906688
LV246,7,-0.33514461223539166
LV246,7,1.046395585135211
LV246,7,-1.0308918086593477
LV246,7,1.0811273626039748
LV246,7,0.6059037574140617
LV246,7,-1.3946013819061205
LV246,7,-0.20942050113330019
LV246,7,-0.6690510458865111
LV246,7,-0.5519415108951092
LV246,7,-0.4894211061857447
LV246,7,-0.28716544863194027
LV246,7,2.17610011576597
LV246,7,-0.2883939384519939
LV246,7,0.8059815043841854
LV246,7,-0.7669077751418384
LV246,7,1.4726172715907757
LV246,7,-0.5889740186309699
LV246,7,-0.7029890952914737
LV246,7,-1.1082126590879813
LV246,7,0.8269855453581398
LV246,7,-1.1654902571586665
LV246,7,-0.9113784416675599
LV246,7,1.168897027282685
LV246,7,-0.6563644054390625
LV246,7,0.9415408293952745
LV246,7,1.0287141799001829
LV246,7,-1.8917515234306885
LV246,7,0.6575709101562975
LV246,7,-1.7170072991707293
LV246,7,-0.7097233172843168
LV246,7,0.5768056297559215
LV246,7,-0.6631069775296575
LV246,7,-0.5690479313288368
LV246,7,1.2991579369339292
LV246,7,-0.3565083812801921
LV246,7,0.8042681522213672
LV246,7,0.07868447440792847
LV246,7,-2.040326687830751
LV246,7,0.32266117563711383
LV246,7,-1.1940666648495826
LV246,7,-0.228299075997169
LV246,7,-1.5939906706412892
LV246,7,-1.2637398218899611
LV246,7,0.5668145766541535
LV246,7,1.5386295992840053
LV246,7,1.9327394466607164
LV246,7,-0.2845167683266127
LV246,7,-0.233631477719792
LV246,7,2.8888549084842996
LV246,7,0.5109925324651831
LV246,7,-0.634137236286769
LV246,7,0.11903607275349279
LV246,7,-1.666505234102816
LV246,7,-0.16312254914097224
LV246,7,-0.1732786118937436
LV246,7,0.892274022121382
LV246,7,-0.2549991141782892
LV246,7,0.34316327319114853
LV246,7,-1.0433202992426291
LV246,7,-0.8321399693163781
LV246,7,-0.9902119782256815
LV246,7,-0.7581344299795184
LV246,7,1.0414553450210176
LV246,7,1.0400543451112785
LV246,7,0.46331183358381406
LV246,7,-0.06248679015962959
LV246,7,-1.4804471840629134
LV246,7,0.9043339657586471
LV246,7,-2.032646853890799
LV246,7,-0.24048087246442842
LV246,7,-0.03553516499818937
LV246,7,-1.5772271315899642
LV246,7,-0.6159527449868653
LV246,7,0.13052847343096038
LV246,7,1.4745589183559764
LV246,7,0.1425417151179955
LV246,7,0.21537961780332696
LV246,7,-0.0681891158619327
LV246,7,0.8905437060757634
LV246,7,-1.2294944888877468
LV246,7,0.028095070247394795
LV246,7,0.14993793872028544
LV246,7,1.07801336211448
LV246,7,-2.2506528174063294
LV246,7,-1.2676566623043097
LV246,7,-0.18308168525104648
LV246,7,0.278256557037381
LV246,7,-0.8984054368151219
LV246,7,-0.24500170328279328
LV246,7,-1.755719934469934
LV246,7,1.6973536775812197
LV246,7,0.9094606913892888
LV246,7,0.34595314339494687
LV246,7,-0.2703203130113588
LV246,7,0.8514508629922793
LV246,7,0.8897594707546719
LV246,7,-0.8822437493708454
LV246,7,0.27744721282585744
LV246,7,-0.34196901528394896
LV246,7,1.041497622884369
LV246,7,0.17129335766733675
LV246,7,1.7376581930949024
LV246,7,-0.0055020021834269826
LV246,7,-1.3328515300769717
LV246,7,-0.7284012261148552
LV246,7,0.4754160766870444
LV246,7,0.2706584075624498
LV246,7,0.7410268850380544
LV246,7,0.6574850652916949
LV246,7,0.16209708737855516
LV246,7,0.048849663037995816
LV246,7,-0.30138566510254927
LV246,7,0.4863600956816605
LV246,7,0.7423734188715847
LV246,7,-2.4617027979118924
LV246,7,-0.16481518720165012
LV246,7,0.29631219314461466
LV246,7,0.6365889603181493
LV246,7,-0.48182383566847103
LV246,7,0.2235637097516955
LV246,7,-1.2680812867489093
LV246,7,0.382804703047605
LV246,7,0.7098508721777181
LV246,7,-2.3840511664179487
LV246,7,-0.8938168969584985
LV246,7,-1.5340425941153575
LV246,7,-1.303564309327998
LV246,7,0.7462534309600616
LV246,7,-1.396752718669941
LV246,7,1.3970469532338956
LV246,7,-1.6288738925145327
LV246,7,0.5446935855869488
LV246,7,1.1961237954896793
LV246,7,0.9249295844074987
LV246,7,0.4342302889268209
LV246,7,-0.6692162606276335
LV246,7,0.17839032548565287
LV246,7,1.4911572719647679
LV246,7,-1.4417731936020732
LV246,7,-1.062346392500105
LV246,7,0.5228046100428797
LV246,7,1.8840768641795498
LV246,7,-0.872897939085843
LV246,7,-1.870327106307483
LV246,7,0.3632859540227961
LV246,7,-0.7203761083082361
LV246,7,-1.4123737592587569
LV246,7,-0.9855660131353998
LV246,56,0.7333687325729059
LV246,56,1.5093776458847734
LV246,56,-0.5205298842648824
LV246,56,0.15980153225392402
LV246,56,0.5328323447645046
LV246,56,1.4448083722613365
LV246,56,-0.5148307142257348
LV246,56,-0.2692582292191732
LV246,56,-2.15819165226521
LV246,56,-1.3041434033629755
LV246,56,1.548252338478416
LV246,56,0.19125468307655663
LV246,56,1.1238015445851366
LV246,56,0.7264903571861623
LV246,56,-2.5403957879287002
LV246,56,0.09293852705285699
LV246,56,0.854183326155554
LV246,56,0.9223045889590138
LV246,56,1.2589408489872702
LV246,56,0.141643174045893
LV246,56,-1.2861835326520394
LV246,56,0.17946569771258494
LV246,56,0.8241412857216859
LV246,56,-0.09239450900058067
LV246,56,-0.8180871320255605
LV246,56,0.8642465952691911
LV246,56,0.4883884208204551
LV246,56,0.22419490079011498
LV246,56,-0.4772160482359907
LV246,56,0.769489919041266
LV246,56,1.8706179251550632
LV246,56,-0.850642647192875
LV246,56,0.6400637432057882
LV246,56,-1.1658705339182691
LV246,56,-0.997449290464799
LV246,56,-0.41422652059800125
LV246,56,-1.2689068834914734
LV246,56,-0.6275043905187254
LV246,56,-0.23042798278836665
LV246,56,-0.04232198159308144
LV246,56,0.38362464127670703
LV246,56,-0.7327765368702414
LV246,56,1.3636104015601795
LV246,56,0.5812465714634336
LV246,56,0.23201432969671767
LV246,56,-1.54388337984188
LV246,56,1.2567179051105253
LV246,56,-1.383850161075928
LV246,56,0.7098498299108711
LV246,56,-0.9420507141326615
LV246,56,0.039621706164772945
LV246,56,0.8180285562992299
LV246,56,-0.743634474629122
LV246,56,-0.5522266597636599
LV246,56,-0.2968492351446245
LV246,56,-0.29051126207729516
LV246,56,0.18107289086202238
LV246,56,1.0538472368930987
LV246,56,-0.4186781299657374
LV246,56,0.8524686385239821
LV246,56,0.37155698289425276
LV246,56,1.6570722449907298
LV246,56,0.3717137053714191
LV246,56,-0.26443363694017036
LV246,56,1.593912837926874
LV246,56,0.609825398886058
LV246,56,-1.1410041219997376
LV246,56,-0.1663715261171113
LV246,56,-2.8502038133683447
LV246,56,0.6217697799760669
LV246,56,0.1839576624271754
LV246,56,-0.8956903258227698
LV246,56,-2.0698253281335792
LV246,56,-0.9124315203400089
LV246,56,0.16873930180005994
LV246,56,-2.397576031800774
LV246,56,-0.4811362937763819
LV246,56,-1.1912848111313177
LV246,56,0.8569999082407828
LV246,56,-0.28095760360061045
LV246,56,1.0948366602244914
LV246,56,1.349052348385802
LV246,56,-1.762494568177806
LV246,56,-0.2101805996457188
LV246,56,0.932618724598711
LV246,56,0.9940698290208054
LV246,56,-0.6372313005803983
LV246,56,-1.46480356731889
LV246,56,-0.6005408549555582
LV246,56,0.1818360215272931
LV246,56,-0.5050502365872108
LV246,56,-0.5785842293890996
LV246,56,-0.4846830312331845
LV246,56,0.061815350292378474
LV246,56,-0.14675161333674844
LV246,56,-0.9875084694241508
LV246,56,-0.5779489920045779
LV246,56,-1.2868595123524944
LV246,56,1.1377860543025122
LV246,56,2.0344627893533316
LV246,56,1.1772471708953716
LV246,56,-0.6926799617676722
LV246,56,1.2917503540739288
LV246,56,-0.9812242850588617
LV246,56,-1.5588546607117844
LV246,56,1.652890049024218
LV246,56,-0.9222438123649914
LV246,56,1.082590056283453
LV246,56,-0.2193110797934067
LV246,56,0.7216554273046092
LV246,56,0.10346295274657205
LV246,56,2.7001969029768484
LV246,56,0.7170087855208442
LV246,56,0.14928056164127587
LV246,56,0.8682478555504243
LV246,56,1.5963056888701344
LV246,56,0.3058217990751643
LV246,56,-0.6123252519718743
LV246,56,-0.31214631633875406
LV246,56,1.9753628537765144
LV246,56,-1.5128850558908125
LV246,56,-0.12023088096303496
LV246,56,0.023184144171638117
LV246,56,1.010790210129701
LV246,56,0.5113755726860663
LV246,56,0.40080247511877787
LV246,56,-0.31634034250283727
LV246,56,-1.117226613430054
LV246,56,-1.343392073931232
LV246,56,-1.978525280848248
LV246,56,-0.7390572661544645
LV246,56,0.8488832594405347
LV246,56,-0.5939563273033399
LV246,56,2.198752557430343
LV246,56,1.1806400881431038
LV246,56,-2.673363283653869
LV246,56,0.2813149090720646
LV246,56,0.6467706912903468
LV246,56,-0.2300633749936047
LV246,56,-0.08052691363218856
LV246,56,-0.5384144618492219
LV246,56,1.900794216218843
LV246,56,-0.4204644621582995
LV246,56,-1.1061887626898903
LV246,56,-0.5851058192846147
LV246,56,-1.248287457219609
LV246,56,1.3326037577739034
LV246,56,0.48998574625836727
LV246,56,0.8872018221857492
LV246,56,0.22264763256669023
LV246,56,0.0342674637786339
LV246,56,0.1871645581102987
LV246,56,-1.538432091138752
LV246,56,-1.7845137445318888
LV246,56,-0.42206775797629453
LV246,56,0.19113709975770957
LV246,56,-0.8602284793844492
LV246,56,0.9896344723544056
LV246,56,-0.05389901846412422
LV246,56,-1.1296042340451253
LV246,56,-0.4806336209422114
LV246,56,0.13845999403920858
LV246,56,1.8816941411153874
LV246,56,0.09581942892721537
LV246,56,-1.2814886026552916
LV246,56,-0.23308634980140813
LV246,56,2.0155540704596513
LV246,56,-0.7171236099669343
LV246,56,-0.34825658475094506
LV246,56,1.516211215780249
LV246,56,0.5499570256394516
LV246,56,1.8048597166757483
LV246,56,-0.26818148775567885
LV246,56,-1.775835962925829
LV246,56,0.18519137513367293
LV246,56,1.273598878387381
LV246,56,0.2207074801650577
LV246,56,1.388208146374997
LV246,56,0.15979672278108023
LV246,56,2.716241995401503
LV246,56,-0.11234226751316075
LV246,56,0.6747165478616293
LV246,56,-0.02806217101634509
LV246,56,-0.4504946723945964
LV246,56,-0.06758644649109674
LV246,56,0.5097957161380247
LV246,56,1.6439120899751198
LV246,56,0.5865406954390195
LV246,56,-1.1499253900787003
LV246,56,0.9313843208760002
LV246,56,1.2754694869173118
LV246,56,0.026350048772991564
LV246,56,0.7464380327767973
LV246,56,0.048556905130594734
LV246,56,-0.07450373991097058
LV246,56,1.4810141114735502
LV246,56,-0.2959982072170276
LV246,56,-0.6049479628791607
LV246,56,-0.8751750218739187
LV246,56,-0.18722443294711075
LV57,362,-0.4430323902449209
LV57,362,-1.3862220676904473
LV57,362,0.1539409558133143
LV57,362,1.1092012288546615
LV57,362,0.9723423287176216
LV57,362,-0.0478820268732933
LV57,362,1.5196880018370078
LV57,362,1.0183731747201554
LV57,362,0.28913246955615185
LV57,362,-0.5792677971453254
LV57,362,0.6472899096886983
LV57,362,-1.3862220676904473
LV57,362,-0.48124808872644925
LV57,362,1.3965830803960706
LV57,362,1.8798652422838478
LV57,362,1.0325075075290644
LV57,362,1.423591248809131
LV57,362,0.24316885295349439
LV57,362,-0.5616133243120185
LV57,362,1.3155184212629123
LV57,362,1.1333355565947079
LV57,362,-0.1701986241534606
LV57,362,0.5459851479732878
LV57,362,0.5688463865068314
LV57,362,-0.48124808872644925
LV57,362,-0.42009019540831033
LV57,362,-0.5616133243120185
LV57,362,0.3172318186869814
LV57,362,2.229709042946465
LV57,362,-1.3862220676904473
LV57,362,-0.5555754324536627
LV57,362,-0.4035120955310636
LV57,362,1.029028115870829
LV57,362,-1.3862220676904473
LV57,362,-0.4816525459842268
LV57,362,-0.492987455229149
LV57,362,-0.5792677971453254
LV57,362,-0.6234425928991808
LV57,362,1.2804245664415626
LV57,362,-1.3862220676904473
LV57,362,-0.4816525459842268
LV57,362,1.8401997342279746
LV57,362,0.39352043423968974
LV57,362,-1.3862220676904473
LV57,362,1.25576299591599
LV57,362,0.19578817678961496
LV57,362,0.21754185959882805
LV57,362,0.846951391509182
LV57,362,0.24014585380487044
LV57,362,-0.49025839555474376
LV57,362,-1.3862220676904473
LV57,362,-0.6234425928991808
LV57,362,-1.3862220676904473
LV57,362,-1.3862220676904473
LV57,362,-0.5616133243120185
LV57,362,-1.3862220676904473
LV57,362,0.2736456044396007
LV57,362,1.5539668893350964
LV57,362,1.3840039408671008
LV57,362,0.1884740612350518
LV57,362,-1.3862220676904473
LV57,362,-0.4430323902449209
LV57,362,-1.3862220676904473
LV57,362,0.6227660405384349
LV57,362,-1.3862220676904473
LV57,362,1.182905457645721
LV57,362,0.39352043423968974
LV57,362,1.394751889893327
LV57,362,-0.6273601646009835
LV57,362,1.3235404451044381
LV57,362,0.12500712986295748
LV57,362,1.2063986201123482
LV57,362,-0.46597231527864175
LV57,362,-1.3862220676904473
LV57,362,-0.6873039295448268
LV57,362,-1.3862220676904473
LV57,362,-1.3862220676904473
LV57,362,0.9127122829588931
LV57,362,1.2178684205004304
LV57,362,0.435007945500896
LV57,362,0.13178540980676898
LV57,362,0.5295315089544939
LV57,362,2.271049179148618
LV57,362,1.8602862468146892
LV57,362,-1.3862220676904473
LV57,362,-1.3862220676904473
LV57,362,-0.7550035569199133
LV57,362,-0.4035120955310636
LV57,362,-0.5616133243120185
LV57,362,0.018556995211184035
LV57,362,-1.3862220676904473
LV57,362,1.0781643224411281
LV57,362,-1.3862220676904473
LV57,362,1.9294179576844102
LV57,362,0.4133211137910778
LV57,362,0.2636265863985298
LV57,362,-1.3862220676904473
LV57,362,0.39999445251042726
LV57,362,2.0471422573323426
LV57,362,-0.7056395053738271
LV57,362,-0.6813272142786415
LV57,362,-1.3862220676904473
LV57,362,-0.4924437293512094
LV57,362,1.2449126895880227
LV57,362,-1.3862220676904473
LV57,362,-0.5104440769105686
LV57,362,1.963953873338297
LV57,362,0.27067113583847596
LV57,362,0.10316200642304418
LV57,362,-0.5616133243120185
LV57,362,-1.3862220676904473
LV57,362,1.9320226105432887
LV57,362,-0.6588918340015495
LV57,362,-1.3862220676904473
LV57,362,-0.424167950342616
LV57,362,-0.27115610602674417
LV57,362,-0.4982557758220382
LV57,362,1.4383815006102423
LV57,362,0.45581582306313356
LV57,362,0.3723323106504983
LV57,362,-1.3862220676904473
LV57,362,-0.5163718292858472
LV57,362,0.8188018365001488
LV57,362,-0.47552883395946927
LV57,362,-0.6122612196068703
LV57,362,-0.8103232469910657
LV57,362,2.8893748312050676
LV57,362,1.4101721200821873
LV57,362,-1.3862220676904473
LV57,362,-1.3862220676904473
LV57,362,-0.6273601646009835
LV57,362,-1.3862220676904473
LV57,362,-0.7056395053738271
LV57,362,0.524497572531431
LV57,362,0.26753491675999586
LV57,362,-1.3862220676904473
LV57,362,0.29288958781082197
LV57,362,2.186716003854264
LV57,362,-0.503289712245101
LV57,362,-0.6146040344895417
LV57,362,1.2549275463237957
LV57,362,-0.5424365703406736
LV57,362,0.6720335714187823
LV57,362,-0.503289712245101
LV57,362,0.9078609035396747
LV57,362,0.3586051912885905
LV57,362,0.3223394696610342
LV57,362,0.4334250281999469
LV57,362,1.0399888318965034
LV57,362,1.2999707038117458
LV57,362,2.651638162510514
LV57,362,-0.492987455229149
LV57,362,1.4835513887595355
LV57,362,0.5589215112427582
LV57,362,0.20234147603271474
LV57,362,-0.6146040344895417
LV57,362,1.2827413326339279
LV57,362,-1.3862220676904473
LV57,362,-0.6301517519407079
LV57,362,0.5439003880620068
LV57,362,2.109215421644298
LV57,362,-0.5104440769105686
LV57,362,0.15873699527636412
LV57,362,1.613093741410345
LV57,362,-1.3862220676904473
LV57,362,0.0008056774545823995
LV57,362,0.8274779418743954
LV57,362,1.4040983437210037
LV57,362,-1.3862220676904473
LV57,362,-0.8040850720491552
LV57,362,0.5793159063785854
LV57,362,0.3690772511778637
LV57,362,2.371807674968569
LV57,362,0.15859669984060906
LV57,362,1.2901407819685593
LV57,362,-0.6122612196068703
LV57,362,0.6168101858416648
LV57,362,0.7789383692065368
LV57,362,0.2770704667855564
LV57,362,0.285534453675466
LV57,362,1.11528413847033
LV57,362,-0.5171727994912881
LV57,362,-1.3862220676904473
LV57,362,-0.7042208245248269
LV57,362,1.2825205672814397
LV57,362,-1.3862220676904473
LV57,362,-0.7042208245248269
LV57,362,-0.6431583169709821
LV57,362,1.3341799299782913
LV57,362,0.25484039558413224
LV57,362,0.29500769220741113
LV57,362,-0.46905481568873175
LV57,362,-0.4035120955310636
LV57,362,-0.41974194279351634
LV57,362,-0.5424365703406736
LV57,362,0.32214777940270484
LV57,362,0.9128028589027779
LV57,362,-1.3862220676904473
LV57,362,0.35119347420976926
LV57,362,0.20034869718139356
LV57,315,-0.9597231695841894
LV57,315,-1.4116943395435364
LV57,315,-1.127077891679956
LV57,315,0.5564495939079339
LV57,315,-0.2603720084772338
LV57,315,0.4449025601903794
LV57,315,-0.16944780037110846
LV57,315,1.3952228414139984
LV57,315,-1.2318399342653765
LV57,315,-0.946891575856917
LV57,315,0.12958854618136467
LV57,315,-0.44314530422141646
LV57,315,-0.550546746861716
LV57,315,-0.5524919275534088
LV57,315,-1.3666911143158362
LV57,315,-0.2773567494240158
LV57,315,-1.1243161844131837
LV57,315,-0.7065593327268265
LV57,315,0.3513387590244638
LV57,315,-0.14720550915523326
LV57,315,1.6322510141778441
LV57,315,0.26901342150143526
LV57,315,-0.4323391715784265
LV57,315,-0.7359311867418553
LV57,315,-1.0135149023699652
LV57,315,1.3768226217528603
LV57,315,-0.008979850547118175
LV57,315,-0.7820976525661602
LV57,315,1.0130479890488657
LV57,315,0.24612188106655894
LV57,315,-2.0126639205546857
LV57,315,-0.7038066194888931
LV57,315,-0.5173845852089961
LV57,315,-0.7233242989818279
LV57,315,-0.15611136369899808
LV57,315,-1.5332488515837277
LV57,315,0.1647873632031884
LV57,315,-1.175056905221341
LV57,315,1.0002013891897858
LV57,315,-0.05346784916578672
LV57,315,-1.7114603604612868
LV57,315,-0.6365108831675627
LV57,315,1.4036777110332472
LV57,315,0.5887287194933591
LV57,315,0.507190050685727
LV57,315,-0.07123869911372332
LV57,315,-0.05388080247265607
LV57,315,-0.3183886284078147
LV57,315,0.8022439146109546
LV57,315,-0.2374496258576349
LV57,315,0.47063399418133933
LV57,315,-0.07527943062301085
LV57,315,2.175181760393198
LV57,315,0.44378284220113023
LV57,315,-0.5509009301732863
LV57,315,0.8769166653274071
LV57,315,-1.7951061410806606
LV57,315,0.4928412743064182
LV57,315,0.9035848872532818
LV57,315,0.3698822751815288
LV57,315,-0.31869620103345697
LV57,315,-1.5199770908571828
LV57,315,0.6960876817528198
LV57,315,0.5439871703235443
LV57,315,-0.36177691399622314
LV57,315,-0.7713335563927166
LV57,315,0.6985164555486861
LV57,315,-0.9907083033962768
LV57,315,-2.3296488359768417
LV57,315,0.9927131074636651
LV57,315,1.5823008607842808
LV57,315,0.9475385324762723
LV57,315,1.3058201682206447
LV57,315,0.31722041244330446
LV57,315,0.5802846388486167
LV57,315,0.15446585624064607
LV57,315,-1.075473830955637
LV57,315,0.012287765869874945
LV57,315,0.2521562375001145
LV57,315,0.17533630715246276
LV57,315,-0.2757762515110337
LV57,315,-0.8577447982243739
LV57,315,0.9735344410963216
LV57,315,-1.16494007031632
LV57,315,-0.7109332872143856
LV57,315,-0.8583052362337313
LV57,315,0.6017652844357635
LV57,315,-0.9716835584451925
LV57,315,-0.5409667744162111
LV57,315,-0.8663504915310644
LV57,315,-0.6826280941386644
LV57,315,2.122518093059057
LV57,315,0.9019566206249107
LV57,315,1.741582544525822
LV57,315,-0.2749082698267687
LV57,315,0.9582832702571756
LV57,315,0.0706936767052745
LV57,315,0.4732501178439903
LV57,315,-0.053606484593120104
LV57,315,-0.1828677985192947
LV57,315,1.7933531781382956
LV57,315,0.01986888295802901
LV57,315,-0.32904083963454306
LV57,315,0.7509969805230918
LV57,315,0.41795274409983507
LV57,315,-0.4714712549752775
LV57,315,-2.306230604441239
LV57,315,0.5930689367225324
LV57,315,-0.9581037136299883
LV57,315,0.15067541349951588
LV57,315,-1.390445560405824
LV57,315,-0.04124623780843827
LV57,315,-0.983378304997393
LV57,315,-1.0782384815472952
LV57,315,0.5930826593716796
LV57,315,0.9742249354647312
LV57,315,1.2495108021781316
LV57,315,-2.9613677470504665
LV57,315,0.6356286425791898
LV57,315,-1.0611085237057272
LV57,315,-0.24658796446654319
LV57,315,-0.28866050662818227
LV57,315,-1.1647882526535864
LV57,315,0.7243436682265652
LV57,315,-1.7141919782624848
LV57,315,2.7554497697893647
LV57,315,-0.6020062565581901
LV57,315,0.0008273851806996746
LV57,315,0.5316038980530181
LV57,315,-0.06472889438322303
LV57,315,0.32232093391707617
LV57,315,-1.6323322071849722
LV57,315,0.6491536353987802
LV57,315,-0.7976316914023835
LV57,315,0.7453100908302123
LV57,315,1.783105119194509
LV57,315,-0.31608561661173973
LV57,315,0.4385134800315016
LV57,315,0.9622207055382718
LV57,315,0.1910434134920842
LV57,315,1.197161163483896
LV57,315,0.6502488031633936
LV57,315,-0.20622094879901928
LV57,315,-0.048968808195624665
LV57,315,-0.047666140851551124
LV57,315,-0.6409700493231809
LV57,315,0.01187869196171106
LV57,315,1.0337801905431694
LV57,315,-0.22993812564075836
LV57,315,1.8344551565056495
LV57,315,-0.32066108752652805
LV57,315,0.8428290065270436
LV57,315,1.4107632687127656
LV57,315,0.11143400247101523
LV57,315,-0.4499056293259653
LV57,315,1.246450371560872
LV57,315,0.5108149917159588
LV57,315,0.042586197860043896
LV57,315,-3.106316673820283
LV57,315,0.7790939985021643
LV57,315,-1.5353837368021166
LV57,315,-0.3059220166168614
LV57,315,-0.8564898513444645
LV57,315,0.4262604860756787
LV57,315,-0.6563328542026585
LV57,315,1.0407894244307632
LV57,315,-0.3209009540295095
LV57,315,1.2617571085137975
LV57,315,1.1267930012901062
LV57,315,1.5660572393939811
LV57,315,-0.07797908681100271
LV57,315,1.6854447887996302
LV57,315,0.43217340381944325
LV57,315,-1.4429438128812766
LV57,315,-0.7893710812257251
LV57,315,-1.213512091445738
LV57,315,1.0863921711622317
LV57,315,0.41134514378109965
LV57,315,-0.17766311229523157
LV57,315,0.016359397465359655
LV57,315,-1.0053408741962353
LV57,315,-0.4486896597877648
LV57,315,-0.20248590811749723
LV57,315,1.356746675555813
LV57,315,-0.17600879000391834
LV57,315,0.5154476885867624
LV57,315,-0.9297700137289637
LV57,315,1.4137769631909056
LV57,315,0.597038372217817
LV57,315,1.0785608039069026
LV57,315,-1.500125850627383
LV57,315,-0.23830033360239292
LV57,315,-0.40199596244898406
LV57,315,-0.41340633556580314
LV57,315,-0.28546071681517315
LV57,315,-0.9930446278399304
LV57,315,-0.3386980912462795
LV57,315,-1.291801445380282
LV57,315,0.043088570342025886
LV57,315,-0.2927500876803601
LV246,139,-0.4417911326029046
LV246,139,-0.677320742814743
LV246,139,0.11475413118169292
LV246,139,0.4850046117285986
LV246,139,-2.030715653022232
LV246,139,0.15340541016864487
LV246,139,0.3279766806911638
LV246,139,-1.9749541119348868
LV246,139,0.2913083786694534
LV246,139,0.5010954322879375
LV246,139,1.2469085146015966
LV246,139,1.0597679888279232
LV246,139,0.5779837649398242
LV246,139,0.39072609634909916
LV246,139,-2.678785340850479
LV246,139,1.9907689132645459
LV246,139,-1.2364646009216704
LV246,139,0.2111953031858793
LV246,139,1.011944336255851
LV246,139,1.2895587711322485
LV246,139,0.8600996823409681
LV246,139,1.9360165425944542
LV246,139,0.4507129697465125
LV246,139,-0.03530906781727017
LV246,139,-1.725726462967273
LV246,139,-2.790616556739307
LV246,139,0.5166017088900419
LV246,139,2.0315464448930793
LV246,139,0.9041738546677942
LV246,139,-0.24911902159692778
LV246,139,0.5945150736946861
LV246,139,-0.13483495733242543
LV246,139,-0.2826981856240399
LV246,139,-1.7462559691804962
LV246,139,-0.36314019709777196
LV246,139,-1.1326091076877296
LV246,139,-0.5197089178912111
LV246,139,-0.3575731179819686
LV246,139,-1.4861622513139676
LV246,139,0.19362973126826585
LV246,139,-0.3858867058818722
LV246,139,-2.1720892212548746
LV246,139,0.11406284554544141
LV246,139,0.8192467424617232
LV246,139,-1.4709906313279422
LV246,139,-0.5678492851162614
LV246,139,-0.5816600462054099
LV246,139,1.9882598987435034
LV246,139,0.16596413426756318
LV246,139,1.093014966509223
LV246,139,0.6723698020837121
LV246,139,-0.14294329449716608
LV246,139,0.8386771084137197
LV246,139,-2.089191111049814
LV246,139,-1.860288585933149
LV246,139,-0.03682334350007045
LV246,139,0.2851194415137374
LV246,139,0.6691290675023197
LV246,139,-0.8991351523930929
LV246,139,-0.9711610830306324
LV246,139,2.0714303887506844
LV246,139,0.818311680152906
LV246,139,1.2398291100163725
LV246,139,1.998494878592495
LV246,139,-1.9481460887646767
LV246,139,0.7970841275637202
LV246,139,-1.1806847278285386
LV246,139,0.5943151118160909
LV246,139,0.6762543671090949
LV246,139,0.7475618391372879
LV246,139,0.6167368450652274
LV246,139,-0.04807074412198643
LV246,139,-0.8228435850356046
LV246,139,0.3646452427413424
LV246,139,-0.49183152771740235
LV246,139,1.241513054263269
LV246,139,0.016543335556097792
LV246,139,-1.2706569120355884
LV246,139,0.5288327971410443
LV246,139,2.2144745097650023
LV246,139,0.6480966662653973
LV246,139,-0.17576070517786463
LV246,139,0.7944479591302603
LV246,139,0.03647646651757563
LV246,139,0.6039520262284256
LV246,139,0.6392111040614249
LV246,139,0.4117986719816518
LV246,139,-0.9035725379047188
LV246,139,-0.6971330905608618
LV246,139,0.4522277654862161
LV246,139,-1.8802371885874616
LV246,139,-0.1378277547860416
LV246,139,-0.5722429858481674
LV246,139,1.2454504050641646
LV246,139,0.9305992459727611
LV246,139,0.2841100110680156
LV246,139,0.23040477496899323
LV246,139,-0.16569500385028374
LV246,139,0.7536562559511671
LV246,139,0.7303405448884329
LV246,139,-0.20528524557281183
LV246,139,0.5373190856589143
LV246,139,0.626246865593613
LV246,139,0.4660463274288825
LV246,139,1.0989906803353404
LV246,139,-0.0649675228643458
LV246,139,0.9370814952208847
LV246,139,0.489520265803888
LV246,139,0.07603940525277465
LV246,139,-0.10853932022435979
LV246,139,-0.00014373024075252052
LV246,139,1.3468393984287421
LV246,139,1.307735539923321
LV246,139,-1.5691368098835465
LV246,139,-0.1911170753781355
LV246,139,-1.5906765266278302
LV246,139,0.42198671669530186
LV246,139,-0.15090263535964593
LV246,139,0.6957776932322344
LV246,139,0.4207121872440743
LV246,139,-0.5885742027102
LV246,139,1.084537778987113
LV246,139,-1.6705230729494058
LV246,139,0.06572888713883776
LV246,139,-0.6683159575661217
LV246,139,0.7397240615755222
LV246,139,-0.26076023530746056
LV246,139,-0.19870691581212485
LV246,139,1.0329338327984083
LV246,139,-0.6606999842728277
LV246,139,-0.3103177575889574
LV246,139,0.698914416433328
LV246,139,0.8724333518157603
LV246,139,0.7675933908673779
LV246,139,-0.03810346356300124
LV246,139,1.2377750152698643
LV246,139,-0.1603598701125352
LV246,139,-1.3368983797725151
LV246,139,0.708848933407515
LV246,139,-0.015623223912431209
LV246,139,-0.5782043981094909
LV246,139,-1.2126297430570476
LV246,139,-0.027235834493376476
LV246,139,0.3844690317392863
LV246,139,0.6458595114895718
LV246,139,0.27463639452273547
LV246,139,0.5863902247233206
LV246,139,-1.7421420590615593
LV246,139,0.7942715298264528
LV246,139,0.8084307290395704
LV246,139,-0.28156966214788687
LV246,139,-2.2535207709978478
LV246,139,1.4853149495780567
LV246,139,-0.5991850536847237
LV246,139,0.13474342828853908
LV246,139,-0.10211011678018417
LV246,139,-0.7455727505326921
LV246,139,-0.11094406333666822
LV246,139,-0.801825485363476
LV246,139,-1.179415528960546
LV246,139,-1.364385207213345
LV246,139,1.1290828628382115
LV246,139,1.0614766357776322
LV246,139,2.108611726905693
LV246,139,0.3907756317689575
LV246,139,-0.7625965531732347
LV246,139,-0.3770887732658078
LV246,139,1.439094372404717
LV246,139,-0.43952069418539386
LV246,139,-0.02943931558483119
LV246,139,-0.3860988890976641
LV246,139,-1.201642240871653
LV246,139,0.28568682359320957
LV246,139,0.03442263179951918
LV246,139,-0.5060441627771373
LV246,139,-0.8450666565484043
LV246,139,-0.43174142302504526
LV246,139,0.22721279572212047
LV246,139,0.3510166315819222
LV246,139,1.333863718709105
LV246,139,2.093298651442473
LV246,139,-0.10385347752807063
LV246,139,0.6679110942391132
LV246,139,-1.035089597698386
LV246,139,0.11202396246329974
LV246,139,1.453369414292628
LV246,139,-0.13338854907525383
LV246,139,-2.0325220706694322
LV246,139,0.34342614107679537
LV246,139,0.8279144008239665
LV246,139,0.5667566465370745
LV246,139,0.5396943155420625
LV246,139,0.8922259373996327
LV246,139,1.7965510631332455
LV246,139,-0.9325346367607267
LV246,139,1.2997192528301178
LV246,139,0.16449744379124176
LV246,139,1.900744723367355
LV246,139,2.0242389953565594
LV246,139,-1.1403687467000494
LV246,146,-0.25299382105205265
LV246,146,-0.022224197690777915
LV246,146,-1.1430721728895386
LV246,146,1.3459591364401426
LV246,146,0.3972585871439808
LV246,146,-0.3065566556247111
LV246,146,1.4087890163492154
LV246,146,-3.247885012468615
LV246,146,0.7195927309501676
LV246,146,0.25758196823299867
LV246,146,-0.6448263213695078
LV246,146,-0.7508966839167259
LV246,146,-0.12051071666041088
LV246,146,-0.027447488978242614
LV246,146,-0.996453022715459
LV246,146,-0.19775732887407974
LV246,146,-0.04156569411984239
LV246,146,1.5680681094406503
LV246,146,0.43933102154268316
LV246,146,0.406897203523699
LV246,146,1.1537140885188435
LV246,146,1.4213331352108407
LV246,146,-1.0857673806583124
LV246,146,-0.9970928572168742
LV246,146,-0.013376454117408303
LV246,146,-0.39476339933138815
LV246,146,-0.373784673830672
LV246,146,-0.6681567422340399
LV246,146,-0.02779552158441509
LV246,146,0.14841032318709416
LV246,146,-0.4886077855442624
LV246,146,0.44932971996662724
LV246,146,0.0838623241803457
LV246,146,-1.2071862987197781
LV246,146,0.38436335326180304
LV246,146,-0.6029836669523398
LV246,146,0.984206517021936
LV246,146,-0.38035395273352707
LV246,146,-0.9924038510897125
LV246,146,0.9227407455885761
LV246,146,0.10699621777612321
LV246,146,-1.5210615501977556
LV246,146,-0.6990575728315279
LV246,146,-0.11759260430147497
LV246,146,-0.5528290486260499
LV246,146,1.341027273421933
LV246,146,-0.7242464093515604
LV246,146,1.4632466851588932
LV246,146,-0.030978441361094657
LV246,146,1.6187253481249109
LV246,146,-2.798193725988849
LV246,146,2.7052401776037023
LV246,146,-1.1413605922466283
LV246,146,1.54980237563243
LV246,146,-0.24336052884263437
LV246,146,-0.3082121923696911
LV246,146,-0.3998707731566315
LV246,146,-0.7250159854766974
LV246,146,-0.8343072842446936
LV246,146,-0.42879633657142874
LV246,146,0.036860081706359744
LV246,146,0.9833131772888611
LV246,146,-0.9827317951842266
LV246,146,0.4869138787992654
LV246,146,-0.09928044746446425
LV246,146,-0.6711924533721473
LV246,146,-0.43977094607139805
LV246,146,-0.446211697634991
LV246,146,-0.10370025606855145
LV246,146,-0.8413798373509975
LV246,146,0.4616587236666788
LV246,146,-0.41900920386218177
LV246,146,0.011207201711430612
LV246,146,2.1663757638038827
LV246,146,1.2290920103623937
LV246,146,1.1626895187730089
LV246,146,0.33460066859507115
LV246,146,1.8341118555682132
LV246,146,-0.7298513595839651
LV246,146,1.0286159819644933
LV246,146,1.4977228362250976
LV246,146,-0.4814561171353757
LV246,146,0.6989427029108296
LV246,146,-2.168423027325352
LV246,146,0.8158723179347772
LV246,146,-0.40946651595443
LV246,146,0.6003213216510405
LV246,146,-0.3401418955267543
LV246,146,-0.4465082632615581
LV246,146,-0.5350112923753175
LV246,146,0.20778229459362846
LV246,146,-1.0819280000238276
LV246,146,-0.22032910217358304
LV246,146,1.7057268678065127
LV246,146,2.1288039346287886
LV246,146,1.2763469174095672
LV246,146,1.5178167219839278
LV246,146,-0.7204471935106028
LV246,146,-1.0331345011653734
LV246,146,1.4159954209650873
LV246,146,0.5141755922908936
LV246,146,1.1817258561778206
LV246,146,0.5793567939377947
LV246,146,-0.08101051036390079
LV246,146,-0.694780489354185
LV246,146,-0.6455037052825368
LV246,146,1.8247796124972018
LV246,146,1.0248948539546527
LV246,146,-0.9382764676518603
LV246,146,-1.2534783716004398
LV246,146,0.18764263965148048
LV246,146,-1.110605475783774
LV246,146,1.7622601223761847
LV246,146,-1.148440804685649
LV246,146,-0.34851466706513073
LV246,146,0.7367110593546783
LV246,146,-0.13481115787679201
LV246,146,0.6666128463225163
LV246,146,-0.889684446606473
LV246,146,-1.0690752660975877
LV246,146,-0.05817813293900862
LV246,146,-0.9579277000235141
LV246,146,1.8622873648156555
LV246,146,-0.22258804488631542
LV246,146,0.7259694990636173
LV246,146,-0.8105360781229054
LV246,146,-0.5454813199808872
LV246,146,-0.6835398581520182
LV246,146,0.5310729209245553
LV246,146,-0.5760267388589769
LV246,146,-2.305528071979626
LV246,146,-0.24359946266083002
LV246,146,1.5397191443291003
LV246,146,0.44127611842698605
LV246,146,-1.480985119223986
LV246,146,0.20501550075911074
LV246,146,-0.33269366149129453
LV246,146,-0.13157079310473474
LV246,146,-0.430551257828737
LV246,146,0.3539599122584825
LV246,146,0.5855575842117321
LV246,146,1.4849469758455147
LV246,146,0.15264686824493404
LV246,146,0.2489419607079708
LV246,146,0.49021393032262606
LV246,146,-0.9655687250678641
LV246,146,0.35890223680431
LV246,146,0.2940572985450068
LV246,146,-0.8471349852298574
LV246,146,-0.21226709404924998
LV246,146,0.7089982858911819
LV246,146,0.909287781515461
LV246,146,-0.4040722907782622
LV246,146,-0.4783703401151165
LV246,146,-0.7218143844007079
LV246,146,0.02519641248128968
LV246,146,-0.6594415424792874
LV246,146,-0.5868295738117827
LV246,146,-0.3178498746844402
LV246,146,-0.27671692282811217
LV246,146,2.1631457671529404
LV246,146,-1.1115708319256903
LV246,146,-0.8316539793034954
LV246,146,-0.8851057535517479
LV246,146,-1.1170500570137223
LV246,146,-0.87334129871689
LV246,146,-0.8380292529130005
LV246,146,0.8283092995448429
LV246,146,0.8203498517537329
LV246,146,-0.2736675743415098
LV246,146,-1.2750780634902732
LV246,146,-1.485910350380939
LV246,146,-0.19868037187305787
LV246,146,-0.2568618774809748
LV246,146,-0.9799687376095733
LV246,146,-0.9779853440616812
LV246,146,0.6605838305957483
LV246,146,0.6045369436536505
LV246,146,-0.02728440123525581
LV246,146,2.109252086769475
LV246,146,-0.5133208093708356
LV246,146,0.5329187267030149
LV246,146,1.611041636311635
LV246,146,0.4325818417274575
LV246,146,-1.6976543780845048
LV246,146,-0.11023787016907405
LV246,146,-0.36291841586670426
LV246,146,-0.5653907279090222
LV246,146,-0.36702942259317123
LV246,146,0.09011383418191313
LV246,146,-1.8744789474892056
LV246,146,-0.3866553418042525
LV246,146,-0.12282859887247143
LV246,146,0.15002335997613617
LV246,146,0.07417485620292957
LV246,146,-0.6752827238563782
LV246,146,-0.06241402415137018
LV246,146,1.6366245548406426
LV246,146,-0.6686198516439733
LV246,146,0.28769239305662264
LV57,242,0.8021696637614725
LV57,242,-0.6191035362260225
LV57,242,-0.6191035362260225
LV57,242,-0.6191035362260225
LV57,242,1.3274582901406435
LV57,242,-0.6191035362260225
LV57,242,-0.6191035362260225
LV57,242,2.224681375177111
LV57,242,-0.6191035362260225
LV57,242,-0.6191035362260225
LV57,242,-0.6191035362260225
LV57,242,-0.6191035362260225
LV57,242,-0.6191035362260225
LV57,242,1.102856042862973
LV57,242,-0.6191035362260225
LV57,242,0.8761534189970408
LV57,242,-0.6191035362260225
LV57,242,-0.6191035362260225
LV57,242,1.3274582901406435
LV57,242,1.0539298978524347
LV57,242,-0.6191035362260225
LV57,242,-0.6191035362260225
LV57,242,2.9767227143389876
LV57,242,1.3274582901406435
LV57,242,2.792596509209239
LV57,242,-0.6191035362260225
LV57,242,-0.6191035362260225
LV57,242,-0.6191035362260225
LV57,242,-0.6191035362260225
LV57,242,0.8460346828425728
LV57,242,-0.6191035362260225
LV57,242,0.8460346828425728
LV57,242,0.7348968906189963
LV57,242,-0.6191035362260225
LV57,242,1.0121785004735289
LV57,242,0.8303955612044389
LV57,242,-0.6191035362260225
LV57,242,1.102856042862973
LV57,242,-0.6191035362260225
LV57,242,-0.6191035362260225
LV57,242,1.3274582901406435
LV57,242,1.954467992390049
LV57,242,-0.6191035362260225
LV57,242,-0.6191035362260225
LV57,242,-0.6191035362260225
LV57,242,-0.6191035362260225
LV57,242,-0.6191035362260225
LV57,242,-0.6191035362260225
LV57,242,-0.6191035362260225
LV57,242,-0.6191035362260225
LV57,242,-0.6191035362260225
LV57,242,0.8460346828425728
LV57,242,-0.6191035362260225
LV57,242,-0.6191035362260225
LV57,242,-0.6191035362260225
LV57,242,-0.6191035362260225
LV57,242,-0.6191035362260225
LV57,242,-0.6191035362260225
LV57,242,1.0842181154999695
LV57,242,-0.6191035362260225
LV57,242,1.0085237817826471
LV57,242,-0.6191035362260225
LV57,242,1.954467992390049
LV57,242,1.954467992390049
LV57,242,-0.6191035362260225
LV57,242,0.7226431081714823
LV57,242,1.345440677639436
LV57,242,-0.6191035362260225
LV57,242,0.7796405644412561
LV57,242,-0.6191035362260225
LV57,242,0.8303955612044389
LV57,242,-0.6191035362260225
LV57,242,-0.6191035362260225
LV57,242,-0.6191035362260225
LV57,242,-0.6191035362260225
LV57,242,0.7595431561085157
LV57,242,-0.6191035362260225
LV57,242,-0.6191035362260225
LV57,242,-0.6191035362260225
LV57,242,-0.6191035362260225
LV57,242,-0.6191035362260225
LV57,242,-0.6191035362260225
LV57,242,1.3274582901406435
LV57,242,0.7348968906189963
LV57,242,-0.6191035362260225
LV57,242,-0.6191035362260225
LV57,242,-0.6191035362260225
LV57,242,-0.6191035362260225
LV57,242,0.8761534189970408
LV57,242,-0.6191035362260225
LV57,242,1.0539298978524347
LV57,242,-0.6191035362260225
LV57,242,-0.6191035362260225
LV57,242,-0.6191035362260225
LV57,242,0.8761534189970408
LV57,242,-0.6191035362260225
LV57,242,-0.6191035362260225
LV57,242,-0.6191035362260225
LV57,242,1.0539298978524347
LV57,242,-0.6191035362260225
LV57,242,-0.6191035362260225
LV57,242,1.0919892663603674
LV57,242,-0.6191035362260225
LV57,242,-0.6191035362260225
LV57,242,-0.6191035362260225
LV57,242,-0.6191035362260225
LV57,242,-0.6191035362260225
LV57,242,-0.6191035362260225
LV57,242,-0.6191035362260225
LV57,242,-0.6191035362260225
LV57,242,-0.6191035362260225
LV57,242,0.8460346828425728
LV57,242,-0.6191035362260225
LV57,242,-0.6191035362260225
LV57,242,-0.6191035362260225
LV57,242,-0.6191035362260225
LV57,242,-0.6191035362260225
LV57,242,-0.6191035362260225
LV57,242,1.954467992390049
LV57,242,0.8021696637614725
LV57,242,2.178140190153484
LV57,242,-0.6191035362260225
LV57,242,-0.6191035362260225
LV57,242,-0.6191035362260225
LV57,242,-0.6191035362260225
LV57,242,-0.6191035362260225
LV57,242,-0.6191035362260225
LV57,242,0.8460346828425728
LV57,242,2.470635958694906
LV57,242,2.2009137644287513
LV57,242,-0.6191035362260225
LV57,242,1.3274582901406435
LV57,242,-0.6191035362260225
LV57,242,1.0539298978524347
LV57,242,0.7595431561085157
LV57,242,0.7348968906189963
LV57,242,-0.6191035362260225
LV57,242,-0.6191035362260225
LV57,242,1.954467992390049
LV57,242,-0.6191035362260225
LV57,242,-0.6191035362260225
LV57,242,-0.6191035362260225
LV57,242,-0.6191035362260225
LV57,242,0.7595431561085157
LV57,242,2.267307882830068
LV57,242,-0.6191035362260225
LV57,242,-0.6191035362260225
LV57,242,1.102856042862973
LV57,242,-0.6191035362260225
LV57,242,-0.6191035362260225
LV57,242,-0.6191035362260225
LV57,242,-0.6191035362260225
LV57,242,-0.6191035362260225
LV57,242,-0.6191035362260225
LV57,242,1.345440677639436
LV57,242,-0.6191035362260225
LV57,242,-0.6191035362260225
LV57,242,-0.6191035362260225
LV57,242,-0.6191035362260225
LV57,242,-0.6191035362260225
LV57,242,-0.6191035362260225
LV57,242,1.0121785004735289
LV57,242,-0.6191035362260225
LV57,242,-0.6191035362260225
LV57,242,-0.6191035362260225
LV57,242,-0.6191035362260225
LV57,242,1.0919892663603674
LV57,242,-0.6191035362260225
LV57,242,-0.6191035362260225
LV57,242,2.7487314901281388
LV57,242,-0.6191035362260225
LV57,242,-0.6191035362260225
LV57,242,0.8460346828425728
LV57,242,-0.6191035362260225
LV57,242,0.7226431081714823
LV57,242,-0.6191035362260225
LV57,242,1.0539298978524347
LV57,242,0.7130019710848887
LV57,242,-0.6191035362260225
LV57,242,-0.6191035362260225
LV57,242,-0.6191035362260225
LV57,242,-0.6191035362260225
LV57,242,-0.6191035362260225
LV57,242,-0.6191035362260225
LV57,242,2.5074354556965925
LV57,242,-0.6191035362260225
LV57,242,-0.6191035362260225
LV57,242,-0.6191035362260225
LV57,242,-0.6191035362260225
LV57,242,1.3274582901406435
LV57,242,-0.6191035362260225
LV57,242,-0.6191035362260225
LV57,242,-0.6191035362260225
LV57,242,-0.6191035362260225
LV57,242,-0.6191035362260225
LV57,242,-0.6191035362260225
LV57,242,-0.6191035362260225
LV57,242,-0.6191035362260225
LV57,242,-0.6191035362260225
LV57,242,-0.6191035362260225
LV246,47,0.740932306133252
LV246,47,-1.4096173224089845
LV246,47,-0.37124398866654884
LV246,47,0.5342922013814503
LV246,47,-1.2778584185866826
LV246,47,-0.06599464729033656
LV246,47,0.30180707367665954
LV246,47,-0.42930399616829484
LV246,47,-0.7738374499789354
LV246,47,-0.9051619364531311
LV246,47,-0.4307427983679672
LV246,47,0.9765325902917846
LV246,47,0.5097862858502779
LV246,47,0.46824308106398793
LV246,47,-0.6164037616046028
LV246,47,1.1852255171900792
LV246,47,-1.1722048081298024
LV246,47,-0.8348403398383017
LV246,47,-0.7815009737100405
LV246,47,0.30243908916873435
LV246,47,-1.0904671958880217
LV246,47,0.0527621629458401
LV246,47,0.6451261403225634
LV246,47,-0.590443735446121
LV246,47,0.37456186886512105
LV246,47,-0.6423267109684884
LV246,47,-0.3944853846467329
LV246,47,1.5777245904615185
LV246,47,0.43224679274715555
LV246,47,-0.5082788036467076
LV246,47,-0.704593414671186
LV246,47,-0.6508877862689263
LV246,47,0.07149574269633828
LV246,47,-1.116185842885197
LV246,47,0.26014822783372465
LV246,47,-1.3924617049796046
LV246,47,-1.1297575782635565
LV246,47,-0.2633810518189284
LV246,47,0.22026165820101073
LV246,47,-1.9827948185750097
LV246,47,1.509995438067389
LV246,47,-1.3128098931459815
LV246,47,1.4024668709361898
LV246,47,-1.4653489560667698
LV246,47,1.0135581396550934
LV246,47,0.06803687947102048
LV246,47,-0.36637153871899664
LV246,47,0.8913638002789235
LV246,47,-0.32660868506708024
LV246,47,-0.39608386677510937
LV246,47,0.43431899471161456
LV246,47,-0.29770276372213467
LV246,47,0.5574917977542563
LV246,47,-0.07322739078202879
LV246,47,-0.24410551573043357
LV246,47,0.5967318306027223
LV246,47,-0.5969103247056989
LV246,47,-1.2339799593067762
LV246,47,-0.20511980906452038
LV246,47,0.006928730600348164
LV246,47,1.367474899614418
LV246,47,-0.30765888734750935
LV246,47,1.431614687151883
LV246,47,0.5630063330992967
LV246,47,-1.8317596186713518
LV246,47,-0.15318998541076703
LV246,47,-2.421979466187804
LV246,47,0.5443139558189283
LV246,47,-1.3403887312418832
LV246,47,-0.830832164629793
LV246,47,-0.8605985064642708
LV246,47,-0.5080848290401323
LV246,47,0.1663660587259991
LV246,47,0.45014923887588815
LV246,47,-0.6500759781799222
LV246,47,0.46518067625760867
LV246,47,-0.19290433523256312
LV246,47,-0.18097204016929044
LV246,47,-1.4201252551369519
LV246,47,0.31311525174509636
LV246,47,-0.051033509248296804
LV246,47,0.5352373067898261
LV246,47,-0.9258048354123255
LV246,47,0.6282437674694649
LV246,47,-0.9500279793138464
LV246,47,-0.6222190098393447
LV246,47,-1.6082910462744073
LV246,47,1.7065869986333484
LV246,47,0.17133331778301342
LV246,47,-0.9232501465512759
LV246,47,0.4524283217542654
LV246,47,-0.13809139723121944
LV246,47,1.7515934230326082
LV246,47,1.3232718690974823
LV246,47,0.7649488134042745
LV246,47,-0.2781357703712868
LV246,47,-0.19809090651530054
LV246,47,-0.13647996808159696
LV246,47,-0.7019407681588202
LV246,47,-0.21277166147668172
LV246,47,0.27177782859733596
LV246,47,-0.638830146668724
LV246,47,1.064136506003033
LV246,47,-0.5694475755193792
LV246,47,1.018478822006744
LV246,47,-2.131787727661826
LV246,47,-1.655466680298365
LV246,47,-0.31450753587556224
LV246,47,-0.12809846823727083
LV246,47,-0.9888566931686726
LV246,47,-0.4785555235506098
LV246,47,-0.5769653706193071
LV246,47,1.3354471718781928
LV246,47,-0.761268308040398
LV246,47,0.3032465815839894
LV246,47,1.8150783138643491
LV246,47,0.24819848007724146
LV246,47,0.6143346495458413
LV246,47,-0.8237527496978913
LV246,47,-1.1695116377123616
LV246,47,1.7915120209359099
LV246,47,-1.3035212332511463
LV246,47,-0.2608189258848776
LV246,47,-0.41163565498348087
LV246,47,-0.7288014130006828
LV246,47,-0.39726652423788245
LV246,47,0.7373776566647934
LV246,47,1.2655532341035234
LV246,47,-0.8121553943456855
LV246,47,-0.7993386575899393
LV246,47,-1.9947099866562985
LV246,47,-1.527326455343096
LV246,47,0.32245673114379986
LV246,47,-1.5738000731039226
LV246,47,0.47454376116765873
LV246,47,1.393922379765692
LV246,47,0.9796730707933733
LV246,47,0.3875727023691524
LV246,47,-1.7801932344609686
LV246,47,1.5757076508351253
LV246,47,-0.6458832604191004
LV246,47,-0.4580346848734795
LV246,47,1.2492141204333265
LV246,47,-0.6595001610875096
LV246,47,-1.2801103045776623
LV246,47,0.4982541813137451
LV246,47,0.009621059597120807
LV246,47,-0.7362395174205711
LV246,47,-0.9139804593353738
LV246,47,-0.46401137730606795
LV246,47,-0.5314370754076744
LV246,47,1.676746991776517
LV246,47,0.8398875023652203
LV246,47,0.08768828631469032
LV246,47,0.07650482850333248
LV246,47,-0.30608654354504494
LV246,47,-0.42611852680357054
LV246,47,6.146224719038433e-05
LV246,47,-0.9576722317973936
LV246,47,0.3718051847585478
LV246,47,0.8310796465256398
LV246,47,-0.05299895935832883
LV246,47,-0.6605115487304416
LV246,47,0.7333890241298645
LV246,47,-1.2841213569020034
LV246,47,-0.045122094773983545
LV246,47,-1.2495226818860148
LV246,47,2.0522326205688652
LV246,47,-1.2702862025693566
LV246,47,0.02216414463755256
LV246,47,0.47101636287180243
LV246,47,-1.6863808284943995
LV246,47,1.6258863152231637
LV246,47,-1.0865364585235706
LV246,47,0.8180984256006014
LV246,47,0.9577360397041977
LV246,47,0.08275568836067726
LV246,47,-0.09649644507384784
LV246,47,-0.20247215679095829
LV246,47,-0.41071128652318073
LV246,47,-0.8506473770776999
LV246,47,-0.2798589184715377
LV246,47,-1.759955493124716
LV246,47,-0.84893896741044
LV246,47,-1.044646004856119
LV246,47,0.31287494471657656
LV246,47,0.10384302028818698
LV246,47,2.3619563927740663
LV246,47,0.9983562467315978
LV246,47,0.3951155772335076
LV246,47,-0.20607419724284615
LV246,47,0.2880288645234149
LV246,47,0.6473331053069126
LV246,47,1.6231605193978869
LV246,47,-0.44167844422129876
LV246,47,-1.1314449524141164
LV246,47,-1.442112907179218
LV246,47,-0.21414616285175805
LV246,47,-0.3995315472483235
LV246,47,-2.006394605474556
LV246,2,-1.2706961574923208
LV246,2,-0.17521019589046344
LV246,2,-0.6246283490938314
LV246,2,-0.9254090904520756
LV246,2,-0.5299564245093983
LV246,2,0.8603440771541635
LV246,2,0.15189199001770493
LV246,2,0.4978761914084722
LV246,2,-0.04735994015867083
LV246,2,1.1725180048943447
LV246,2,1.4324893247063173
LV246,2,-0.41453905039716715
LV246,2,-0.0016759770694281578
LV246,2,-0.7107894307727054
LV246,2,-0.005576150194881981
LV246,2,0.5209982414482256
LV246,2,0.3087810970524024
LV246,2,0.8693086985082009
LV246,2,-0.4762579133852576
LV246,2,-0.6646195657160077
LV246,2,-1.3597039498366468
LV246,2,0.9033034799336642
LV246,2,-1.4399711756230378
LV246,2,0.16126503896994376
LV246,2,0.4566969444758653
LV246,2,-2.9072758014159774
LV246,2,0.611505041362168
LV246,2,0.040318640359128584
LV246,2,0.14961068028049174
LV246,2,-1.674377168335553
LV246,2,0.9807281792104239
LV246,2,0.6575823150995084
LV246,2,-0.585215355812929
LV246,2,-0.6208408782302749
LV246,2,-1.2496310924481229
LV246,2,0.5758827582912669
LV246,2,-0.08107735254437831
LV246,2,-0.3034489032506611
LV246,2,-1.7658851962479978
LV246,2,-0.7139777575158326
LV246,2,-0.973784275577186
LV246,2,-1.2300240032518457
LV246,2,1.3649643381254255
LV246,2,0.5321140587904237
LV246,2,0.8455146190529016
LV246,2,-0.8504288829899174
LV246,2,1.0861797039701155
LV246,2,0.06000090938759074
LV246,2,-0.022436678520107653
LV246,2,-1.1332045944304103
LV246,2,0.102513147384246
LV246,2,1.4567236853332393
LV246,2,1.178507016588792
LV246,2,-0.7573968100592777
LV246,2,-2.007038747615274
LV246,2,0.25876342830452825
LV246,2,-1.136349122510094
LV246,2,0.5476166260893685
LV246,2,0.028931527751764892
LV246,2,-0.5453336021062054
LV246,2,0.6320022759682807
LV246,2,-0.5427636531030348
LV246,2,0.6643861573988288
LV246,2,-0.5737167556985998
LV246,2,0.23459898357179954
LV246,2,0.027527406038574502
LV246,2,-1.078073009934201
LV246,2,-1.6827086324314493
LV246,2,3.135777639905574
LV246,2,-0.23109074428041246
LV246,2,0.7104184852041915
LV246,2,-1.0267717501556155
LV246,2,-2.551667636695884
LV246,2,-0.8406966715000534
LV246,2,0.6648295429441354
LV246,2,0.07582390203951667
LV246,2,-0.1383211933849634
LV246,2,0.01453803169352698
LV246,2,-0.5070118636605385
LV246,2,0.6621510758349225
LV246,2,-1.008204896088006
LV246,2,0.32677593652610604
LV246,2,-0.8722915021245766
LV246,2,0.19620557458594778
LV246,2,-1.006801584211431
LV246,2,0.6304195852820429
LV246,2,-0.5630416244463234
LV246,2,-0.41814646758722307
LV246,2,-0.36319189987721073
LV246,2,0.4618813834958681
LV246,2,-0.30993259014253877
LV246,2,-1.1870983436645357
LV246,2,0.4023045383476471
LV246,2,0.15939431639523988
LV246,2,-0.41727953749362834
LV246,2,0.2267908089003101
LV246,2,-1.5817221418343905
LV246,2,-0.09736775589445028
LV246,2,-0.6431327107695132
LV246,2,-0.1623165847248376
LV246,2,-1.2536511888786155
LV246,2,0.006854301914816082
LV246,2,-0.9572304053825303
LV246,2,1.610228485164607
LV246,2,0.47866187296923307
LV246,2,0.26571641551328706
LV246,2,-1.1288315442096946
LV246,2,-0.054664126511712346
LV246,2,2.511338812779051
LV246,2,0.15665018503401773
LV246,2,0.7007563245812986
LV246,2,-0.009294515000860683
LV246,2,0.14612986754750515
LV246,2,-0.8160548280843062
LV246,2,-1.8084435949315796
LV246,2,1.2563286707784276
LV246,2,-1.4096529174452423
LV246,2,-0.5403058664707016
LV246,2,0.5658656192866038
LV246,2,0.1343281185945891
LV246,2,-0.20465963435587764
LV246,2,-0.7787286487808674
LV246,2,-0.6435647586022549
LV246,2,-0.11291418934323587
LV246,2,-1.4742812534362681
LV246,2,-1.3705523861239788
LV246,2,1.4789013309101444
LV246,2,0.34359624296625174
LV246,2,-1.4010793122022343
LV246,2,0.4458057218208464
LV246,2,0.18214168202898234
LV246,2,-0.5044807193283921
LV246,2,-0.5074591634161446
LV246,2,0.5431012470840054
LV246,2,0.18379671811924278
LV246,2,1.74583022700503
LV246,2,1.1322021787633663
LV246,2,0.4289072661476093
LV246,2,0.4445589783560267
LV246,2,0.4776792712128178
LV246,2,-1.6925246620106955
LV246,2,1.0976896417970268
LV246,2,0.7985492244972555
LV246,2,0.2943167402905951
LV246,2,2.304755431750367
LV246,2,0.053103800905075375
LV246,2,-2.653038732197463
LV246,2,-0.08851826631213945
LV246,2,0.12175500026832481
LV246,2,-0.1333328697979411
LV246,2,-0.5030846959813391
LV246,2,0.8854627793618525
LV246,2,-0.6063866444261179
LV246,2,-0.31726674045023207
LV246,2,1.415868777963913
LV246,2,0.20882080441606135
LV246,2,0.4506477349265586
LV246,2,0.19165793708884726
LV246,2,-0.9899021837288178
LV246,2,-1.7299959370405467
LV246,2,0.6798142197294431
LV246,2,0.2768638164833679
LV246,2,1.7902970056657885
LV246,2,-1.1481537058911555
LV246,2,0.36148607362586205
LV246,2,0.509192173366711
LV246,2,0.4289715131855286
LV246,2,0.489515438221762
LV246,2,-1.4054182817988576
LV246,2,1.480524243481445
LV246,2,0.5103580681430716
LV246,2,1.8711470438675906
LV246,2,-0.836971018164587
LV246,2,-1.6362827240324673
LV246,2,-0.5430636300815571
LV246,2,-0.21149991930275627
LV246,2,0.3461025523089433
LV246,2,0.7389884411085144
LV246,2,1.0950776487764042
LV246,2,0.1101620541886466
LV246,2,-2.585343072550486
LV246,2,-0.026960020918830263
LV246,2,0.5353971364172161
LV246,2,0.5560468902519898
LV246,2,-1.4694486884243687
LV246,2,0.1608447337681004
LV246,2,1.099614353479239
LV246,2,-0.4901302795833967
LV246,2,0.054509542291479564
LV246,2,-0.23964329377148744
LV246,2,0.9750142420186636
LV246,2,-0.17439968441418918
LV246,2,1.570168027512075
LV246,2,0.449215403904708
LV246,2,-0.7661660583305698
LV246,2,-1.7218871780130605
LV246,2,-0.024647937390349806
LV246,2,-1.6704660624158336
LV246,2,-0.3504267153010261
LV246,2,2.7013386296039834
LV57,324,-0.21586646479379404
LV57,324,1.1144410060205552
LV57,324,0.927521367869675
LV57,324,-0.7303637045451037
LV57,324,0.6532459131131721
LV57,324,0.2505557734984998
LV57,324,0.6023535072199756
LV57,324,-0.9987892816224904
LV57,324,-1.4076299833932588
LV57,324,2.727267067680043
LV57,324,0.5062808150081654
LV57,324,-0.37548142156910125
LV57,324,-0.9436352088240076
LV57,324,-1.2555369029199983
LV57,324,0.44580829157269436
LV57,324,0.2721558965317292
LV57,324,0.44421436108039186
LV57,324,1.3602551471361028
LV57,324,0.12632159882180038
LV57,324,-0.9483434137121567
LV57,324,0.3994639110571267
LV57,324,-0.5980247045438833
LV57,324,2.1249447478687693
LV57,324,1.5119333699637296
LV57,324,1.79756351642091
LV57,324,0.11010319738700122
LV57,324,2.4844365075847064
LV57,324,0.5893635225322275
LV57,324,0.6945963329205775
LV57,324,-1.2161242897634301
LV57,324,-1.2711834160570665
LV57,324,0.965204527721683
LV57,324,-0.5655687099369192
LV57,324,0.9741493921827732
LV57,324,-1.018702032234898
LV57,324,-1.45637182170935
LV57,324,0.5900542552389981
LV57,324,-0.18422751882186134
LV57,324,0.0975692246506674
LV57,324,0.36857530832533786
LV57,324,-0.9698599098318517
LV57,324,-0.4382435033841586
LV57,324,-0.09521703258710967
LV57,324,-0.12048076884431175
LV57,324,1.9259021253253
LV57,324,0.26743869294856965
LV57,324,-0.4030470787966305
LV57,324,0.6350849029842007
LV57,324,-0.7793434836975205
LV57,324,-0.6405183749956285
LV57,324,0.4037661035922424
LV57,324,-0.45120210084285545
LV57,324,-0.7685933604868059
LV57,324,-1.3015927471968511
LV57,324,-0.7338471391040352
LV57,324,2.455853102060454
LV57,324,-0.48783050406645184
LV57,324,0.4243861708077973
LV57,324,1.1043117489363232
LV57,324,-0.9872385183560791
LV57,324,-0.37677036889275184
LV57,324,-0.8453629314860748
LV57,324,1.6798622224291406
LV57,324,-1.314797959576425
LV57,324,-1.1063198957700258
LV57,324,0.49237939537327263
LV57,324,0.3031558995466241
LV57,324,0.03470625198733197
LV57,324,0.18701600240901586
LV57,324,0.13378213333469166
LV57,324,0.28366956928658954
LV57,324,-1.1323121756890164
LV57,324,2.644976590472353
LV57,324,-0.8069313404454052
LV57,324,0.5669988425666966
LV57,324,-1.2527187958479893
LV57,324,0.15930247073580345
LV57,324,-0.664003707512807
LV57,324,1.582533990377699
LV57,324,-0.09002826177411248
LV57,324,0.8469842391314095
LV57,324,1.6522987950152308
LV57,324,0.7341568588734325
LV57,324,0.0833656803366949
LV57,324,2.8494375423191074
LV57,324,-0.015898976374219356
LV57,324,0.6189605865353494
LV57,324,0.4356145287745768
LV57,324,-0.028340844659305583
LV57,324,-0.7629745643647741
LV57,324,1.3271006949152344
LV57,324,0.3200914983434453
LV57,324,0.2870125475021473
LV57,324,1.3347766036740412
LV57,324,1.0359128462159244
LV57,324,0.5701070603066318
LV57,324,-0.7812025894327844
LV57,324,0.3935719956386995
LV57,324,0.2857949186030341
LV57,324,0.11947347686680555
LV57,324,-0.9161165119095895
LV57,324,-0.5532266860765208
LV57,324,-0.8505492862110965
LV57,324,1.2378163716799508
LV57,324,-0.46638639333985027
LV57,324,1.166741517299586
LV57,324,-1.2540753094005939
LV57,324,-1.418626635235994
LV57,324,0.1618801900660626
LV57,324,0.13884247345761788
LV57,324,0.8266546777319554
LV57,324,0.3881759918648931
LV57,324,0.9516095814502932
LV57,324,0.7862402810867372
LV57,324,0.23809823830734328
LV57,324,0.08331265788901464
LV57,324,-1.6448118318418936
LV57,324,-0.9790257422482062
LV57,324,0.5205873594535698
LV57,324,-0.8297420488786469
LV57,324,-0.48384486836404295
LV57,324,-0.09801922621345968
LV57,324,1.2361231994152895
LV57,324,1.33945843156546
LV57,324,-0.9162852682584897
LV57,324,-0.9760405148914045
LV57,324,-0.47611824641171063
LV57,324,-0.5255011725792668
LV57,324,0.5464979799819144
LV57,324,-0.9757249414777259
LV57,324,1.4393896929753351
LV57,324,0.752098733658087
LV57,324,-0.568965118760144
LV57,324,1.272880064831238
LV57,324,-1.682136156060952
LV57,324,0.4684612694553367
LV57,324,1.043784811474157
LV57,324,0.02818103662913412
LV57,324,-0.4704035600860706
LV57,324,-0.03864190422603073
LV57,324,2.012475586894768
LV57,324,-0.390260801553564
LV57,324,0.09518976834915843
LV57,324,1.178693518268984
LV57,324,0.4703885954342981
LV57,324,-0.03212914048675906
LV57,324,-1.8921255219314561
LV57,324,-0.5656912291555042
LV57,324,-1.3918157206106136
LV57,324,0.16679469380391077
LV57,324,-0.3065134205573238
LV57,324,-1.339843096028085
LV57,324,-0.1316357100607152
LV57,324,-0.6069104405934651
LV57,324,-0.47998130810895895
LV57,324,2.296615734362859
LV57,324,-0.955874494158872
LV57,324,-1.8084062382304138
LV57,324,-1.1889460147139668
LV57,324,1.8256358330494897
LV57,324,-0.16860687179670758
LV57,324,0.6237697466460027
LV57,324,-0.7406995946771453
LV57,324,1.7767441438620075
LV57,324,0.029378106865825367
LV57,324,1.7121361338527363
LV57,324,-0.9408662295589987
LV57,324,0.5325980998497911
LV57,324,0.6835902769621737
LV57,324,-1.4399073902003656
LV57,324,0.9527443319574586
LV57,324,1.2440905837125813
LV57,324,-0.23286836630417396
LV57,324,0.6890696604250935
LV57,324,-0.5736731140896418
LV57,324,-1.2156509721025082
LV57,324,-0.10184676018622009
LV57,324,-0.3478964404315933
LV57,324,-0.589260624824324
LV57,324,-0.6476153499031055
LV57,324,0.5347728584392674
LV57,324,-0.667215941675147
LV57,324,-0.5204463412464977
LV57,324,0.5163455198099235
LV57,324,0.8448414649446563
LV57,324,-0.10053314109799906
LV57,324,0.581801652030133
LV57,324,-0.1542297512848627
LV57,324,-1.4904452091595355
LV57,324,0.06506416455643196
LV57,324,-1.2118540884793592
LV57,324,-1.0366428167667017
LV57,324,0.9894902523853043
LV57,324,0.735090959026823
LV57,324,0.15069047033159036
LV57,324,-1.276929455370148
LV57,324,-0.695024358218309
LV57,324,-0.3620902621829283
LV57,324,-0.8848947027048265
LV57,324,0.8387965497964159
LV246,158,-1.4578961621198547
LV246,158,-0.21973622858996378
LV246,158,0.43275685049194623
LV246,158,-0.2739045053654216
LV246,158,0.29212976645750344
LV246,158,1.4431398629023209
LV246,158,-0.1982267910283085
LV246,158,-0.8301794157574752
LV246,158,-0.5094554846976926
LV246,158,-0.5054853702143441
LV246,158,0.21081766101033328
LV246,158,1.2077350482397988
LV246,158,-0.69441457544159
LV246,158,-1.1427617451342746
LV246,158,-0.5064524402731249
LV246,158,1.3163713650849942
LV246,158,1.2485598408046397
LV246,158,-0.5913438309632905
LV246,158,0.614336006236145
LV246,158,-2.3639647731461295
LV246,158,0.9745940914539737
LV246,158,1.3074336196417724
LV246,158,0.9700846326189428
LV246,158,0.4668214724195029
LV246,158,0.6845924543874161
LV246,158,0.047773267686544385
LV246,158,1.324008988362936
LV246,158,-0.2538024356990572
LV246,158,-0.054603440586897305
LV246,158,0.8659959829499019
LV246,158,-0.6569442729797582
LV246,158,0.5005700966074168
LV246,158,1.313329183074962
LV246,158,-1.0855777424819795
LV246,158,-0.33352219896431423
LV246,158,0.38736370139886134
LV246,158,1.3906408916053337
LV246,158,1.1122474295915223
LV246,158,0.24765066583395212
LV246,158,2.0930659318044618
LV246,158,1.340525104091574
LV246,158,0.0942500796733303
LV246,158,-0.8039796993430135
LV246,158,0.1823547973177963
LV246,158,1.014663435694859
LV246,158,1.4867132782554713
LV246,158,-0.015573428818186266
LV246,158,-1.0693753287128331
LV246,158,0.6846683244553319
LV246,158,0.9337339329424919
LV246,158,-0.6378378066397907
LV246,158,1.6385941126161645
LV246,158,0.6434182386171303
LV246,158,0.5870667295774948
LV246,158,-0.5667597425008666
LV246,158,1.3677796221635226
LV246,158,-1.0420312205534796
LV246,158,2.491936032818839
LV246,158,-0.2784264270069993
LV246,158,0.00981281616202181
LV246,158,-1.6833080470516377
LV246,158,0.37121469184899253
LV246,158,0.5456713536524629
LV246,158,0.11642026462762044
LV246,158,0.668739272508703
LV246,158,-0.9955761638167174
LV246,158,-0.2726182125424957
LV246,158,-0.4539932624987943
LV246,158,1.032691377315752
LV246,158,1.7390521499573608
LV246,158,-1.2784003722031716
LV246,158,-0.2935052203754941
LV246,158,-0.35473313044463206
LV246,158,1.535978260576776
LV246,158,0.27136640278417645
LV246,158,-0.06820254898527885
LV246,158,-0.3516886526544453
LV246,158,1.3214071041894107
LV246,158,-0.48521636453398703
LV246,158,0.14283305130486124
LV246,158,-0.4324106332794014
LV246,158,0.6970167246231583
LV246,158,0.724123492843828
LV246,158,-0.170875959512795
LV246,158,1.3608006691437973
LV246,158,-0.051551856810523544
LV246,158,-1.010822494474958
LV246,158,-1.314441059566804
LV246,158,-0.9188608661732642
LV246,158,0.30589231253821314
LV246,158,0.3538968842247444
LV246,158,0.8419513481620251
LV246,158,-0.23379826465779102
LV246,158,0.3102199674496917
LV246,158,-1.8047102134225008
LV246,158,1.1255567230762902
LV246,158,0.621933234715677
LV246,158,-0.900014697573514
LV246,158,0.8447920481329062
LV246,158,0.028988647859471344
LV246,158,0.9600831757047809
LV246,158,-0.5129931179293394
LV246,158,-1.9791329304765628
LV246,158,1.7993342532648502
LV246,158,-0.17175726578442635
LV246,158,0.9948429270658438
LV246,158,1.473602132462487
LV246,158,-0.30420743685067736
LV246,158,1.965579784043558
LV246,158,-0.0028818095174686005
LV246,158,0.02460922857168438
LV246,158,0.1704779613257069
LV246,158,-1.5214276689269104
LV246,158,0.44127239103272325
LV246,158,-0.26410037622156396
LV246,158,-0.20120802554142012
LV246,158,-2.407735516269584
LV246,158,0.8016013721281383
LV246,158,-0.30030368134604163
LV246,158,1.2001341027828762
LV246,158,-0.1215800934822869
LV246,158,-0.990131502537886
LV246,158,0.9945510896792374
LV246,158,0.25917438897392026
LV246,158,0.4742484851991142
LV246,158,-0.44556140861074156
LV246,158,1.0578463497762507
LV246,158,0.47601842237429703
LV246,158,-1.3003810459719694
LV246,158,0.5886516924660589
LV246,158,-1.3572481216402708
LV246,158,0.1427464675962325
LV246,158,-0.9418421721202243
LV246,158,0.482042713480356
LV246,158,-2.0771367788340838
LV246,158,1.5528611545155884
LV246,158,0.20702372032302194
LV246,158,-1.69060316179531
LV246,158,0.7547745629908721
LV246,158,-0.689962347126089
LV246,158,-0.6351024939102252
LV246,158,0.9883124710974538
LV246,158,0.10654791801635463
LV246,158,-1.3832655968397207
LV246,158,-0.4298310509702205
LV246,158,0.7036885897166941
LV246,158,-0.12385154929806241
LV246,158,-0.17900684755506174
LV246,158,-1.1021972229789403
LV246,158,-0.5273458981551281
LV246,158,0.6786552936043101
LV246,158,0.5681753559733026
LV246,158,-0.6225127635191587
LV246,158,0.40669630208391144
LV246,158,-2.0282122279126273
LV246,158,0.6796914010519818
LV246,158,0.1364846179057566
LV246,158,0.8086370637145083
LV246,158,1.036635691603095
LV246,158,0.3403524645892937
LV246,158,1.2389989003727107
LV246,158,1.1039686823751083
LV246,158,1.047651500714905
LV246,158,-0.16600343944497695
LV246,158,1.6475384174312524
LV246,158,-1.3932839441364384
LV246,158,0.9837147887108251
LV246,158,0.5114407796166937
LV246,158,-0.9673456658725348
LV246,158,0.3927355536499822
LV246,158,0.09185476105215022
LV246,158,-0.038834546636661686
LV246,158,2.3846499626722664
LV246,158,-0.4684179771693818
LV246,158,0.45438452073148405
LV246,158,1.0737387785632964
LV246,158,-0.18787063608049195
LV246,158,-0.4095964273307278
LV246,158,1.1348843138540812
LV246,158,-0.32111279663813147
LV246,158,-0.5560781333856296
LV246,158,1.228890279720688
LV246,158,1.349899102425317
LV246,158,-0.0066736184089224585
LV246,158,-0.6852725055647418
LV246,158,1.1121586594256
LV246,158,-0.5144596841557167
LV246,158,1.2255265245049236
LV246,158,-0.654253782624608
LV246,158,-1.8996085818314823
LV246,158,-0.6057512726212989
LV246,158,0.2634471638074528
LV246,158,-1.408560447905261
LV246,158,-1.8462558536246996
LV246,158,-1.8238482740702897
LV246,158,-0.5225278755352326
LV246,158,0.21616846861004835
LV246,158,0.37026686261435116
LV246,158,0.5815222018620049
LV246,158,-1.7026600525451245
LV246,127,-0.21504333653267368
LV246,127,1.3624805465245116
LV246,127,-0.5486869167037547
LV246,127,0.5072995679472041
LV246,127,1.642947296188242
LV246,127,0.1607076683892161
LV246,127,-0.712745283666342
LV246,127,-0.487563102557999
LV246,127,-0.5394224740254424
LV246,127,-0.6708859320824933
LV246,127,1.2570768505708008
LV246,127,0.07499524655069742
LV246,127,1.1317182904859882
LV246,127,0.1874542965771609
LV246,127,-1.1655625847156537
LV246,127,-0.17576086215703499
LV246,127,-0.028444094895664376
LV246,127,0.3103795594102558
LV246,127,-0.08364636522702062
LV246,127,0.6609633156656025
LV246,127,-0.2505918481683707
LV246,127,-1.21644439470093
LV246,127,0.06936145189670583
LV246,127,-0.17186416891921183
LV246,127,-0.6678121228771237
LV246,127,-0.3994566666295968
LV246,127,0.05735799075973166
LV246,127,-0.7714027044965384
LV246,127,-0.4080248152644548
LV246,127,-2.120391490375207
LV246,127,1.5059872399198955
LV246,127,1.5956233621700033
LV246,127,0.17750878208061074
LV246,127,-0.2519990692330662
LV246,127,-1.10366165142098
LV246,127,0.9280320519473577
LV246,127,0.42389002326312375
LV246,127,0.4155850718125373
LV246,127,-0.7795078028613116
LV246,127,-0.9005031821615496
LV246,127,-0.8443064585884507
LV246,127,0.4807993433918477
LV246,127,-0.19704094375249087
LV246,127,1.5180504114628575
LV246,127,-0.5651198489608853
LV246,127,0.11949187320406618
LV246,127,0.31946663861289976
LV246,127,-0.1551187391097148
LV246,127,0.3265522407202507
LV246,127,-0.47393783608483064
LV246,127,-0.24912786293483577
LV246,127,0.5282112716925923
LV246,127,0.2787397223767414
LV246,127,0.3319356052175699
LV246,127,0.7445159492666565
LV246,127,-0.6469400951251896
LV246,127,1.0699081012951461
LV246,127,-1.4477840150104693
LV246,127,-0.12990366319365093
LV246,127,-0.5625609437992115
LV246,127,0.4737671663845745
LV246,127,0.9907144255387604
LV246,127,-3.0654120779808935
LV246,127,0.8920683172911091
LV246,127,0.5718780415522876
LV246,127,0.619938829478573
LV246,127,0.7630883407250155
LV246,127,-1.7044942725569179
LV246,127,-1.1166630030763636
LV246,127,-0.33160040600134766
LV246,127,-1.1062746691380725
LV246,127,1.2003124853092382
LV246,127,-0.8241178596444669
LV246,127,-0.06052498362864329
LV246,127,-0.3367896134713154
LV246,127,-1.256432885702575
LV246,127,-0.21558397104737131
LV246,127,1.70574820672047
LV246,127,0.6434530426952682
LV246,127,-0.40237884283029995
LV246,127,-1.2724477469099231
LV246,127,-0.7322229555890847
LV246,127,-1.1274543822550493
LV246,127,0.06632407782393956
LV246,127,-1.8690865958966978
LV246,127,-0.027585463185942103
LV246,127,0.12115050650447726
LV246,127,0.5047427251515403
LV246,127,-1.4965069206294193
LV246,127,0.0008120398779481561
LV246,127,1.3837419686181027
LV246,127,1.072500691768085
LV246,127,0.20737282378355829
LV246,127,1.7461475995948676
LV246,127,1.5077900424242285
LV246,127,0.4507590185001801
LV246,127,1.3384452421661404
LV246,127,0.528377046635527
LV246,127,1.2127070103222348
LV246,127,-0.1460300885805979
LV246,127,1.2834959553969725
LV246,127,-0.7254505384894286
LV246,127,0.6424282432109976
LV246,127,0.25730447229204734
LV246,127,0.4831887417102114
LV246,127,-1.2408115435688731
LV246,127,0.5705942678236456
LV246,127,-0.9764272221508364
LV246,127,-0.004855047255688602
LV246,127,0.8546678009908891
LV246,127,1.7659916852095916
LV246,127,1.2601323931059132
LV246,127,0.8007354570736214
LV246,127,-2.1444418205429785
LV246,127,0.9299462222154858
LV246,127,0.33283224338636835
LV246,127,0.08412710855782762
LV246,127,0.04333095574893925
LV246,127,1.249726479952693
LV246,127,0.39965250882922687
LV246,127,-0.667391400213914
LV246,127,0.019204416247211583
LV246,127,0.009927795788729859
LV246,127,0.8139546338613607
LV246,127,-1.8012302370605375
LV246,127,1.6994555352346705
LV246,127,0.628035874795172
LV246,127,-0.08596583951732589
LV246,127,-0.23820184071898273
LV246,127,0.2857404728545323
LV246,127,1.7160839994298094
LV246,127,1.1631423647531567
LV246,127,-0.4564190190267849
LV246,127,-0.8492471018519275
LV246,127,-1.4019854461661185
LV246,127,0.3333298628388563
LV246,127,-0.05696288472171178
LV246,127,2.3120053414657487
LV246,127,-0.9184156165011402
LV246,127,-0.3704030365552185
LV246,127,-1.1976642935243997
LV246,127,-1.9776758616511931
LV246,127,0.08296069327516373
LV246,127,0.4689061697317144
LV246,127,-0.7275708471492554
LV246,127,0.3886147260179651
LV246,127,-0.043843388957116806
LV246,127,-1.2961527780852016
LV246,127,1.0921934390018573
LV246,127,0.47318616842109446
LV246,127,-0.8248439106830071
LV246,127,-2.0450731967413525
LV246,127,-0.2591274899868169
LV246,127,-0.6440064285996515
LV246,127,-2.391779017468658
LV246,127,-3.3585198544981205
LV246,127,0.7565898254712139
LV246,127,-0.16183193684291394
LV246,127,0.7476079269343723
LV246,127,-0.705412688678973
LV246,127,1.7379337850797203
LV246,127,-0.21187279254129565
LV246,127,0.7639845860621818
LV246,127,-1.3033203837928817
LV246,127,0.46079733946655954
LV246,127,0.49494756695689235
LV246,127,-0.9272077773663404
LV246,127,-0.2478393752267814
LV246,127,0.529104963624255
LV246,127,-0.9710876583789603
LV246,127,0.12258296700064361
LV246,127,0.5371198089247211
LV246,127,1.72048096373356
LV246,127,0.6368725238411436
LV246,127,0.6697852335258947
LV246,127,-1.4116987971762536
LV246,127,-0.8603492108406908
LV246,127,-0.06396422444694477
LV246,127,-0.46688955298121515
LV246,127,-1.188427250851467
LV246,127,1.9783791440937806
LV246,127,0.13487918590115908
LV246,127,1.3682815892399933
LV246,127,-2.5044061994277627
LV246,127,-1.0877123930938914
LV246,127,0.5161435825860278
LV246,127,0.17996505998199824
LV246,127,-2.619600143180899
LV246,127,1.2744160453713707
LV246,127,-2.243176610528464
LV246,127,1.7636126969291022
LV246,127,2.1167511354062287
LV246,127,1.5145145340664525
LV246,127,0.8064018567519298
LV246,127,-0.08838381633592855
LV246,127,-0.28696835064756593
LV246,127,0.04647586747722036
LV246,127,0.1502754355175707
LV246,127,1.3061099949603037
LV246,127,-0.4490377129187444
LV57,218,0.11948919609149167
LV57,218,-1.0102321863332713
LV57,218,-1.066897265586097
LV57,218,0.5237847271219939
LV57,218,-0.9215458255695071
LV57,218,0.9328177776472268
LV57,218,-0.004136412286740063
LV57,218,-0.2638632461630827
LV57,218,1.15218992448197
LV57,218,-0.17340046572127055
LV57,218,-0.5335522793315655
LV57,218,0.4916381524442751
LV57,218,0.9535811600250111
LV57,218,-0.12102087230825558
LV57,218,-0.44940169482788633
LV57,218,-1.1839385422427222
LV57,218,-0.015142872159803037
LV57,218,-0.08033086329321137
LV57,218,-1.6664036410262069
LV57,218,2.023777722384177
LV57,218,0.4488589260008297
LV57,218,1.765559698135024
LV57,218,3.4279614455731395
LV57,218,-1.0505866122749121
LV57,218,0.26007244607155156
LV57,218,0.48144924876145057
LV57,218,0.3382312565062415
LV57,218,-0.13384192467330736
LV57,218,0.1643181094296118
LV57,218,0.9772555458407622
LV57,218,1.6599697434608534
LV57,218,2.4328322701393312
LV57,218,-0.05025613419331745
LV57,218,-0.7130346014909261
LV57,218,-0.057451892391211984
LV57,218,-0.04018700576481588
LV57,218,-0.7209436499622743
LV57,218,-1.2630300887627017
LV57,218,-1.1892274178166091
LV57,218,-0.15853096233468078
LV57,218,-1.0289961696683985
LV57,218,1.9138314541547699
LV57,218,1.2712689122485046
LV57,218,1.6206611446998858
LV57,218,-0.5615688444914627
LV57,218,0.654511819206416
LV57,218,0.13209527615732986
LV57,218,1.0959041016222817
LV57,218,0.23952231273325406
LV57,218,-0.37167490038462764
LV57,218,0.9347144599661863
LV57,218,0.7430719294368855
LV57,218,-0.27905369361873256
LV57,218,-1.0634525042061804
LV57,218,-1.1082141930083036
LV57,218,0.04358771664518686
LV57,218,-0.6814489391508464
LV57,218,-0.7161113511825865
LV57,218,-0.8216430805659993
LV57,218,-0.3790312002437073
LV57,218,-0.82250831360867
LV57,218,-0.6365971012363649
LV57,218,-0.2795836046879585
LV57,218,-1.1126870441783763
LV57,218,-0.027972088250225305
LV57,218,-0.858082852235638
LV57,218,1.517451533907908
LV57,218,0.5715534345201783
LV57,218,-0.5569913618646641
LV57,218,1.1222123767866514
LV57,218,-1.0044136607901168
LV57,218,0.01970734036879636
LV57,218,-0.8841669469755894
LV57,218,-0.7098429678175002
LV57,218,1.4158773488163572
LV57,218,1.1619960034055556
LV57,218,-0.5184167324938685
LV57,218,-0.7856365259476007
LV57,218,-0.9913908303770912
LV57,218,-1.1812916153028408
LV57,218,-0.1487773993160928
LV57,218,1.014283314617075
LV57,218,0.10845629549595884
LV57,218,0.5280490812718246
LV57,218,0.07643222891879568
LV57,218,-0.052565928866708654
LV57,218,0.05321182630432162
LV57,218,-2.2068353327292747
LV57,218,0.39404730832049095
LV57,218,-0.7462389965407481
LV57,218,0.20617725443242485
LV57,218,0.4166697746232022
LV57,218,0.16940854903499417
LV57,218,-0.2653531521532725
LV57,218,0.03665150921276342
LV57,218,0.38983352052930037
LV57,218,0.3865760026329976
LV57,218,0.726510637572149
LV57,218,0.3523494012454195
LV57,218,-2.126381105525579
LV57,218,0.3313938144848084
LV57,218,-0.5313959244004871
LV57,218,-0.5061786989296141
LV57,218,1.06085724601156
LV57,218,-1.4321198144582352
LV57,218,1.0137300438048902
LV57,218,0.40078342615133894
LV57,218,-0.14295939597285529
LV57,218,-1.053589226985006
LV57,218,0.5136768688663057
LV57,218,-1.0943958954615343
LV57,218,-0.0846185771860021
LV57,218,2.2262247432652638
LV57,218,0.8863400354774738
LV57,218,-0.9935396134093714
LV57,218,0.5488732999399536
LV57,218,1.043495456487211
LV57,218,-0.7263192281290665
LV57,218,-0.31288850581516175
LV57,218,-0.5139860750770996
LV57,218,-0.5062071936384245
LV57,218,0.4427694135140198
LV57,218,-0.34584840686379
LV57,218,-1.415677531954609
LV57,218,0.8859422583939428
LV57,218,-0.07429565959778162
LV57,218,0.6728811412508511
LV57,218,-1.442058131807499
LV57,218,-0.6818996150859822
LV57,218,0.5326946935811432
LV57,218,-1.0860336470887844
LV57,218,-0.7762259612412384
LV57,218,-0.3920409930654688
LV57,218,-0.4649543575527118
LV57,218,0.03158559559682151
LV57,218,0.38268524771053564
LV57,218,-0.5640006076588288
LV57,218,-0.14583085147043348
LV57,218,-0.2747413318898541
LV57,218,1.128241453336387
LV57,218,0.8170766743442389
LV57,218,1.3307611122259453
LV57,218,1.9117246211824985
LV57,218,-1.3500240692217462
LV57,218,-0.9356382432594353
LV57,218,0.07843871247366153
LV57,218,-0.05731187318676887
LV57,218,2.038869891815425
LV57,218,0.19003220812162167
LV57,218,0.08562799539258395
LV57,218,-0.629437479272735
LV57,218,0.8434655249558191
LV57,218,0.17963285787219885
LV57,218,1.4529445959064033
LV57,218,0.04342785384389324
LV57,218,-0.8208438013728603
LV57,218,-0.24149688410638886
LV57,218,0.13633277182475764
LV57,218,0.25752299644953225
LV57,218,0.7580334792621986
LV57,218,1.2714823005413025
LV57,218,0.06547268000495428
LV57,218,-1.2350710874403348
LV57,218,-0.7571787540777309
LV57,218,-1.6796432888448196
LV57,218,-0.7391229434568699
LV57,218,-0.5479708456830611
LV57,218,-2.5444316956928876
LV57,218,-0.027383290437012466
LV57,218,-1.0980728617379287
LV57,218,-0.943344469282975
LV57,218,-2.9600592260247836
LV57,218,0.9848619098334863
LV57,218,1.5940357897458433
LV57,218,-1.4898409211967822
LV57,218,-0.0026456533700191143
LV57,218,-0.09528464974642357
LV57,218,0.5203485820407097
LV57,218,-0.5420213698073577
LV57,218,-0.9118310445980966
LV57,218,0.6940049634180923
LV57,218,-0.37185258760975853
LV57,218,1.8356168727689326
LV57,218,-0.8656232623788298
LV57,218,-0.06270125483803696
LV57,218,0.9906316270910543
LV57,218,0.2949059656094672
LV57,218,-0.03126891039362291
LV57,218,0.648143121237251
LV57,218,-0.040603669078683444
LV57,218,-0.7246051765277863
LV57,218,-0.7675239521957488
LV57,218,0.5244685131001308
LV57,218,-1.0415462350897946
LV57,218,0.9569952334564645
LV57,218,-0.9502640359447065
LV57,218,1.0114011540211965
LV57,218,0.07228136621761787
LV57,218,-0.018774650736702647
LV57,218,1.0025760102352497
LV57,213,-0.32687746400913564
LV57,213,0.7177128203264269
LV57,213,1.6592870842848042
LV57,213,0.6979774843978647
LV57,213,-1.1014183378774345
LV57,213,0.047953861168559486
LV57,213,-1.4725171128392227
LV57,213,0.359709731246976
LV57,213,0.3354023451633511
LV57,213,1.5533904360646433
LV57,213,0.8729294406888267
LV57,213,0.4503226086022948
LV57,213,0.5163841570685981
LV57,213,-0.6967710438590453
LV57,213,0.3538902121562624
LV57,213,0.9438418556733804
LV57,213,0.03187757344848312
LV57,213,1.4285349948355321
LV57,213,-0.44369720205789626
LV57,213,0.6245239150818381
LV57,213,-0.4218351423373605
LV57,213,-0.291382409031882
LV57,213,-0.5735482608850099
LV57,213,0.5906539772852522
LV57,213,0.6981084049594006
LV57,213,-1.8614657048010297
LV57,213,0.32942508932533476
LV57,213,-0.354842302472226
LV57,213,0.600710766634313
LV57,213,0.4090769837354138
LV57,213,-2.1455163871858667
LV57,213,0.23482320264265127
LV57,213,-1.1398886439715783
LV57,213,0.057634441647795645
LV57,213,0.05798286431813522
LV57,213,0.06888434787337815
LV57,213,-0.16288484789824786
LV57,213,0.8983249318410121
LV57,213,0.7211893495015861
LV57,213,-1.2154815629033329
LV57,213,-0.19330072328907422
LV57,213,-1.0101920050706572
LV57,213,0.40127372400424
LV57,213,-0.215179617441279
LV57,213,-1.4474475462972078
LV57,213,0.40005701389076787
LV57,213,2.014149206354942
LV57,213,0.7566483262265833
LV57,213,0.3579108251564671
LV57,213,0.16691812745468496
LV57,213,-0.8857758079578327
LV57,213,0.5230371995623226
LV57,213,-0.6922559272512326
LV57,213,0.32933656775062636
LV57,213,0.37441723573478336
LV57,213,-2.5720551385986847
LV57,213,0.23177582631200958
LV57,213,1.4968324405735411
LV57,213,0.48867693547528174
LV57,213,-0.21386620321800667
LV57,213,-0.07887773269045478
LV57,213,-0.3622269543467514
LV57,213,0.16210035092061545
LV57,213,1.1113586880855733
LV57,213,0.35960437524059863
LV57,213,-1.493034154663646
LV57,213,-0.8283189226552476
LV57,213,-1.6324376426411782
LV57,213,-0.31041467275749185
LV57,213,-0.8928393383546405
LV57,213,-0.9864714616426975
LV57,213,1.005912783337913
LV57,213,-0.6111879849080752
LV57,213,-0.6648673238744137
LV57,213,-0.46415659064746567
LV57,213,-1.5134364688975168
LV57,213,-1.376622682873642
LV57,213,-1.5616781456260844
LV57,213,-0.7388005180392055
LV57,213,0.05172696421614507
LV57,213,-1.540881943240059
LV57,213,1.2572963449398915
LV57,213,-0.23794399331208735
LV57,213,-0.6942790473196776
LV57,213,0.5676301853256798
LV57,213,-2.4807762685971597
LV57,213,-1.337317883362767
LV57,213,-0.2530924316174998
LV57,213,-2.1699307563956647
LV57,213,0.43510748967627155
LV57,213,-0.9484209368088979
LV57,213,0.48924627094782897
LV57,213,-0.9443960056830993
LV57,213,-0.10627581716912644
LV57,213,-0.6457918476020824
LV57,213,-0.42824555623783717
LV57,213,-1.4063696868678663
LV57,213,0.7864566914113367
LV57,213,-0.3437474106973748
LV57,213,-0.060765088908264195
LV57,213,0.09864344574834691
LV57,213,-2.0237088855211685
LV57,213,-0.8366466156109287
LV57,213,1.5315794898090391
LV57,213,0.03166022779350804
LV57,213,-0.7004593802237429
LV57,213,0.42472145889592794
LV57,213,0.810138731552734
LV57,213,-1.1557090671047334
LV57,213,-0.761598969553295
LV57,213,2.0918756548200985
LV57,213,-1.484839807303803
LV57,213,-0.38547951309059647
LV57,213,-0.25104091517964927
LV57,213,-0.17500773518173446
LV57,213,-0.23608590073922672
LV57,213,0.40625499478640004
LV57,213,-1.5443090173608436
LV57,213,0.4975083784596788
LV57,213,-1.008606016991852
LV57,213,1.5513144189576544
LV57,213,-1.1629305376388135
LV57,213,-0.0627929808184009
LV57,213,-0.41148442318553236
LV57,213,1.3787156377263141
LV57,213,-1.3462006588474549
LV57,213,-0.03518398093699697
LV57,213,1.2032927710646988
LV57,213,-0.7157540402748704
LV57,213,-1.3169111571310046
LV57,213,-0.40008743471819586
LV57,213,-0.18442501951732101
LV57,213,-1.3089369715950059
LV57,213,-0.1588456481835211
LV57,213,-0.4098027166560231
LV57,213,0.024155700997556612
LV57,213,0.6714852832166982
LV57,213,0.5881462727817623
LV57,213,-0.7878047350699573
LV57,213,-0.2774958647048634
LV57,213,0.11227753618184842
LV57,213,-1.7568332817212746
LV57,213,0.3488264902078388
LV57,213,1.1448184352413433
LV57,213,0.005938592995794753
LV57,213,1.9036118560408997
LV57,213,0.38050058291215477
LV57,213,2.4251336625925055
LV57,213,-0.14373361668339982
LV57,213,0.3936370093707668
LV57,213,0.05729193293207635
LV57,213,0.04206910083243492
LV57,213,0.5501024911078606
LV57,213,-0.7049958214880305
LV57,213,1.5753791451572683
LV57,213,-0.11580196207679233
LV57,213,-0.9052759312044959
LV57,213,-0.9456639074884113
LV57,213,-0.18016057322940915
LV57,213,1.0044808553414981
LV57,213,-0.3646903198359728
LV57,213,-0.012761487966609782
LV57,213,-0.09279875944070932
LV57,213,1.8733408256021151
LV57,213,1.2890141351977884
LV57,213,0.5934856037899433
LV57,213,-0.8211934208979901
LV57,213,0.6288963301550231
LV57,213,-0.7728326984532778
LV57,213,0.14050490416484346
LV57,213,-1.2615468573955773
LV57,213,-0.24801597432764386
LV57,213,1.1772484658963922
LV57,213,0.6196883028116138
LV57,213,-0.8950103072885864
LV57,213,0.4555835093075366
LV57,213,0.3812754830665894
LV57,213,-0.8025949410501466
LV57,213,-0.629282526982607
LV57,213,0.2844736834921627
LV57,213,0.18553688371836888
LV57,213,1.4030808334986216
LV57,213,0.4412940181518429
LV57,213,-2.9842753297349525
LV57,213,0.8503608198450222
LV57,213,-1.4627044853309037
LV57,213,-0.3918358721942111
LV57,213,1.801082094154692
LV57,213,1.3577905799692567
LV57,213,1.0948539672085793
LV57,213,-0.6134097543992977
LV57,213,2.185771449740991
LV57,213,-0.8922176377865537
LV57,213,-1.2338011794518455
LV57,213,-0.2874847530934726
LV57,213,1.664080391440495
LV57,213,0.7948470597696858
LV57,213,-1.2136154755399704
LV57,213,1.2832866735382482
LV57,213,0.2114326516243397
LV246,168,-0.578824307399052
LV246,168,-1.1885659240799846
LV246,168,0.021473261849158445
LV246,168,0.9760047886553119
LV246,168,-0.11875551866723681
LV246,168,0.6113204444559689
LV246,168,-0.9627903868960085
LV246,168,0.016655511936798366
LV246,168,-0.21821644216841254
LV246,168,-0.06664033716879784
LV246,168,0.511467158575996
LV246,168,-0.26540830654768455
LV246,168,-0.23909012072018118
LV246,168,-0.4976367351014425
LV246,168,-0.5503242288905225
LV246,168,-1.0635188837108158
LV246,168,-1.9627873836147425
LV246,168,-0.5181372220746874
LV246,168,-0.7400331005060201
LV246,168,0.8309764065841453
LV246,168,0.3522953269000319
LV246,168,0.5260451463201565
LV246,168,-0.13885801982693477
LV246,168,0.8065655875778296
LV246,168,0.8911471583546622
LV246,168,0.250122118577116
LV246,168,-0.6788360718945546
LV246,168,1.2005035505415427
LV246,168,2.2873079757533996
LV246,168,-0.2067860442173849
LV246,168,-0.44329544027604206
LV246,168,1.3057307951522812
LV246,168,1.4964541855179019
LV246,168,-0.35283738019079103
LV246,168,-0.29812238256552437
LV246,168,-0.4590257209215712
LV246,168,-0.6191576262748922
LV246,168,1.372851089824812
LV246,168,0.15135108827486862
LV246,168,0.7370466423759252
LV246,168,-1.2170463205669146
LV246,168,0.8858831122120812
LV246,168,-0.014107232224557452
LV246,168,0.9224252136271811
LV246,168,-0.48349328549666126
LV246,168,-0.08840047352490016
LV246,168,0.1504993935216853
LV246,168,0.03886910162186597
LV246,168,0.10484630537715822
LV246,168,1.1014559494941034
LV246,168,-1.150111599240961
LV246,168,-1.962644752860761
LV246,168,-0.13156186885608587
LV246,168,-2.1481506182257926
LV246,168,0.016043579992287137
LV246,168,-2.0465103581502864
LV246,168,0.5196323858256034
LV246,168,-1.9205395408189379
LV246,168,-0.916097218934338
LV246,168,-1.136294053240714
LV246,168,-0.15605192717015842
LV246,168,-0.08669197180512615
LV246,168,-0.2679633908072346
LV246,168,-0.2078437611707585
LV246,168,-1.3579133609268712
LV246,168,0.8857936484775097
LV246,168,-0.1506416717242155
LV246,168,-0.6596167056004814
LV246,168,0.18260256003768244
LV246,168,-0.6407367902764661
LV246,168,-0.299086546013604
LV246,168,-1.2091121653631918
LV246,168,0.5323321463649608
LV246,168,-0.11569713699802037
LV246,168,0.9035437646391389
LV246,168,0.07478137834552097
LV246,168,1.282567356216655
LV246,168,-0.21844444688625916
LV246,168,1.7656428945432325
LV246,168,0.8633735253708933
LV246,168,0.5002611867934185
LV246,168,0.182662372934527
LV246,168,2.0449200455009384
LV246,168,0.10394042116189615
LV246,168,-0.03216919340385493
LV246,168,1.063049935071754
LV246,168,-1.6255796528003634
LV246,168,-0.2318450918833731
LV246,168,1.8155064016476734
LV246,168,1.5818312167004536
LV246,168,-0.12105678153126484
LV246,168,1.3905096973665165
LV246,168,0.7392162657447674
LV246,168,-0.8886290407015066
LV246,168,-1.4182561386784416
LV246,168,-0.28558365674839226
LV246,168,0.5248616689170341
LV246,168,0.9445595640044757
LV246,168,1.18028321286287
LV246,168,1.0837728033280793
LV246,168,0.1850165472072779
LV246,168,0.838179004049684
LV246,168,0.44486166379328584
LV246,168,-0.4835758477431433
LV246,168,1.8329922163762946
LV246,168,0.5805929745671058
LV246,168,0.7619860642482404
LV246,168,-0.5497307009142549
LV246,168,0.4955426138211021
LV246,168,-0.9112367820400535
LV246,168,1.1727749050357388
LV246,168,-0.5557738483796645
LV246,168,-1.0579867019751756
LV246,168,0.7848954261776572
LV246,168,0.07880366785216202
LV246,168,-0.11729368124424047
LV246,168,0.3072950684072584
LV246,168,-0.5130490360732274
LV246,168,-1.4914540882568774
LV246,168,-0.09026643141751921
LV246,168,-1.9227050744170575
LV246,168,1.3655804999209835
LV246,168,0.9986738765547143
LV246,168,-0.8989229936127301
LV246,168,0.8876969255279908
LV246,168,0.7442753121298266
LV246,168,0.3143100476408667
LV246,168,1.1357021558692537
LV246,168,-1.515619009798429
LV246,168,0.657922870629696
LV246,168,0.6586508498185
LV246,168,0.10707778652821438
LV246,168,-0.5973453453420806
LV246,168,-0.49026952436428206
LV246,168,-1.4306062238209423
LV246,168,-1.2607306953293824
LV246,168,0.10780576571700214
LV246,168,-0.5090001630568812
LV246,168,1.2772291829797244
LV246,168,0.6597786040955166
LV246,168,-1.141288941347535
LV246,168,-1.189668117289997
LV246,168,0.4802847016941405
LV246,168,0.1686048085149369
LV246,168,-0.11181159919995629
LV246,168,-0.42993722665018136
LV246,168,-1.3892611979123457
LV246,168,-0.905651433285003
LV246,168,-0.06503152361042608
LV246,168,0.4346382594270478
LV246,168,0.3059306186496075
LV246,168,0.13089405511557792
LV246,168,0.4608996996857607
LV246,168,0.5401047556251161
LV246,168,-1.4857268755798587
LV246,168,-0.463558209325968
LV246,168,-0.2540584259577695
LV246,168,-2.4940281517528016
LV246,168,1.0613577924348703
LV246,168,-1.2112950804869027
LV246,168,0.35760461613123284
LV246,168,-0.2141343397649593
LV246,168,0.6639481253482042
LV246,168,0.47145130815257374
LV246,168,-0.5050220941962078
LV246,168,0.42736000120311646
LV246,168,-0.5206539647337067
LV246,168,-0.5975301518566443
LV246,168,-0.9204239407492157
LV246,168,-0.11622011642930254
LV246,168,-0.7113630409017903
LV246,168,-0.03987278778303563
LV246,168,-0.7709980327075148
LV246,168,1.9721441091390428
LV246,168,-1.0128047042958763
LV246,168,-0.7891116272422116
LV246,168,-0.010530727726794992
LV246,168,-0.14015549958898052
LV246,168,0.1835125340236833
LV246,168,0.6144644556997053
LV246,168,-1.6097895592579898
LV246,168,0.6525141488477801
LV246,168,-0.26138959559043995
LV246,168,0.2544925498165867
LV246,168,1.662903764196455
LV246,168,0.03602824463301033
LV246,168,-0.5251383983321007
LV246,168,1.1492285613161166
LV246,168,0.5527406134969225
LV246,168,-1.5874185134000771
LV246,168,-0.24681211906762174
LV246,168,0.33654306373686266
LV246,168,0.684325919199722
LV246,168,0.28834971675166515
LV246,168,-0.12302089392125908
LV246,168,0.18655787954871836
LV246,168,0.31373543485420136
LV246,168,1.0120075515562392
LV246,168,0.9564878915411075
LV246,168,0.8476984566301277
LV246,128,0.37807976057640846
LV246,128,-0.31433831387306643
LV246,128,0.3012896697919551
LV246,128,0.585922019453144
LV246,128,0.5222958498971416
LV246,128,0.9547816736846856
LV246,128,0.6846581421452874
LV246,128,-0.5978766966668413
LV246,128,1.6547390948429104
LV246,128,0.7678744628480437
LV246,128,-0.4549388096799143
LV246,128,1.625091932393949
LV246,128,0.40583394212802965
LV246,128,0.35616762623359705
LV246,128,-0.39022417610795007
LV246,128,-0.03817375201655091
LV246,128,1.0520927779664617
LV246,128,-1.764809393219734
LV246,128,-1.3232381415812482
LV246,128,1.9268689660194065
LV246,128,0.2272525455287764
LV246,128,0.7046770754767001
LV246,128,-0.4738789640139039
LV246,128,0.21593075885028487
LV246,128,0.13324095097386485
LV246,128,0.3460848615866394
LV246,128,-0.01566026606776924
LV246,128,1.0424806171751249
LV246,128,-2.30110452850427
LV246,128,0.2587819032862318
LV246,128,-0.8250678616829579
LV246,128,-1.5171284709025115
LV246,128,-0.11799899554440736
LV246,128,0.6931285713186646
LV246,128,0.02583607634224053
LV246,128,0.29835048677776044
LV246,128,0.5620420654333447
LV246,128,0.24653937950385546
LV246,128,-0.9575448280715765
LV246,128,0.9125785450349891
LV246,128,-0.27885548752294054
LV246,128,1.5478263952445848
LV246,128,-0.4764377899361613
LV246,128,-0.6151503674690181
LV246,128,-1.0314798194119186
LV246,128,-1.187077346320814
LV246,128,-1.2538718376252
LV246,128,-1.4652995343899116
LV246,128,-0.6129375608456601
LV246,128,0.26321918257800025
LV246,128,0.3225762399824006
LV246,128,-0.48347989898827753
LV246,128,-1.9563753180903225
LV246,128,1.3771633817616526
LV246,128,0.416099181328938
LV246,128,-0.9393902608099631
LV246,128,-0.29340590720166254
LV246,128,-0.6044920045608266
LV246,128,0.02254361026522493
LV246,128,-0.6086589837895781
LV246,128,-0.36858718433743204
LV246,128,1.7999624260922706
LV246,128,-0.43562842350064346
LV246,128,1.3198756166149008
LV246,128,-1.191607953973101
LV246,128,-0.34131483245839483
LV246,128,-0.4988260309860458
LV246,128,-1.8862557838283802
LV246,128,1.1401819836814215
LV246,128,1.0056207572792357
LV246,128,0.2991849391709895
LV246,128,1.4264057579807168
LV246,128,0.6402307609412391
LV246,128,-0.9602101891978158
LV246,128,0.5955610341595244
LV246,128,1.294918424396103
LV246,128,-1.7693131469569774
LV246,128,-1.6729628405376347
LV246,128,-0.705076204882513
LV246,128,-0.6738519252092018
LV246,128,0.9761045626946827
LV246,128,-1.4464031827534258
LV246,128,0.4420583327389833
LV246,128,2.009810364263942
LV246,128,-0.18880682646517957
LV246,128,0.6112137850398475
LV246,128,0.30449827241293215
LV246,128,0.9909514760092895
LV246,128,1.1690200068538146
LV246,128,0.9345776244306323
LV246,128,0.10802578507927844
LV246,128,0.43883762384483627
LV246,128,-1.8050803606698043
LV246,128,1.4046558476985302
LV246,128,-0.6386504046249835
LV246,128,-0.848048869890567
LV246,128,1.3575397732781096
LV246,128,0.9650066320130145
LV246,128,-0.7027473981506792
LV246,128,0.24618015336147883
LV246,128,0.04133914966322596
LV246,128,0.18905065022229614
LV246,128,1.1078850882043294
LV246,128,0.8001724588954431
LV246,128,-0.0022826140891648358
LV246,128,-0.1656281558336286
LV246,128,-0.4795288516502521
LV246,128,0.23150536924008025
LV246,128,0.5652665162664887
LV246,128,1.1912801415220395
LV246,128,0.2660007639267878
LV246,128,-1.55238810159799
LV246,128,-0.639476272569967
LV246,128,-0.0661550912758752
LV246,128,0.8121352177103223
LV246,128,-2.206156348633293
LV246,128,0.17205190187835415
LV246,128,0.4474341783733313
LV246,128,0.27968613535822623
LV246,128,-2.8022417257880474
LV246,128,-1.1850566992699456
LV246,128,-2.1294182047664996
LV246,128,0.37744407117738654
LV246,128,-0.485966527499577
LV246,128,1.0152577909590883
LV246,128,-0.7049859581188015
LV246,128,-0.18399051076582582
LV246,128,-2.0465360172035174
LV246,128,0.7141307541463953
LV246,128,-0.3849819397067
LV246,128,-0.1847201888675283
LV246,128,0.38575623834318074
LV246,128,-0.6873768334924986
LV246,128,0.2902874887254367
LV246,128,-0.9604648611627244
LV246,128,0.5127926455644456
LV246,128,-0.15959504962260865
LV246,128,0.38813280982556003
LV246,128,-1.2623680201433276
LV246,128,0.2968136504260038
LV246,128,0.4856591856558861
LV246,128,0.837499620936115
LV246,128,0.2043604634005128
LV246,128,-0.49837897933460285
LV246,128,0.7282937730833312
LV246,128,-0.2270767370155314
LV246,128,1.9318294564266456
LV246,128,-0.8725907068822559
LV246,128,-0.09320292681592703
LV246,128,0.9158820168148953
LV246,128,1.0681236847981213
LV246,128,0.5534593780904887
LV246,128,-0.6830361842721144
LV246,128,0.529566437341285
LV246,128,0.5624508172387361
LV246,128,0.380846814397367
LV246,128,1.3044713745058725
LV246,128,-1.9451045978732562
LV246,128,-0.2681280088005982
LV246,128,-0.4972999802231211
LV246,128,-1.2086487441020917
LV246,128,0.039154957867394806
LV246,128,0.2825610450675324
LV246,128,-0.39710582201191075
LV246,128,2.629495930470985
LV246,128,0.9177738971419283
LV246,128,-0.5024841065131109
LV246,128,-0.8288216868251728
LV246,128,-1.5973430961986539
LV246,128,0.0055780991440134275
LV246,128,0.35133106004093123
LV246,128,0.31941342108546916
LV246,128,-0.07633932850349354
LV246,128,0.7527988510273512
LV246,128,-0.7601287117720082
LV246,128,-3.305349604231561
LV246,128,2.212627859428564
LV246,128,1.6252006687385174
LV246,128,0.44933090120964053
LV246,128,-0.5563790335724935
LV246,128,0.1291360439094154
LV246,128,-0.27367180146108194
LV246,128,-1.155044367599052
LV246,128,0.7506870767565507
LV246,128,0.18457397051416896
LV246,128,0.8280681737862596
LV246,128,0.08695712780607276
LV246,128,-0.35475565717159446
LV246,128,0.7246257924236688
LV246,128,-0.2044305222898724
LV246,128,-0.41066506808821734
LV246,128,1.3423644497892115
LV246,128,0.03672754003766282
LV246,128,-0.012651306897247808
LV246,128,-0.0031593283815010745
LV246,128,-0.30043613009465353
LV246,128,0.009104766578553136
LV246,128,1.6571568276541035
LV246,128,-0.7015986228828707
LV246,128,-0.2635260841935738
LV246,162,-0.24912061188843124
LV246,162,-2.4882006847943257
LV246,162,-0.9870567543424322
LV246,162,1.0385562865135858
LV246,162,-0.9048344835792136
LV246,162,2.4852910803100845
LV246,162,-0.5202372808271541
LV246,162,0.5876020860533601
LV246,162,-0.37344810430088315
LV246,162,-0.001542792586919837
LV246,162,-0.6431741165342174
LV246,162,1.0682258122681814
LV246,162,-0.23585330492095927
LV246,162,-1.1998640634349322
LV246,162,1.3860624894982605
LV246,162,1.5222036065304403
LV246,162,1.1792516200901006
LV246,162,0.5213277583436209
LV246,162,1.40160363067852
LV246,162,0.3564936037555199
LV246,162,0.3616960840494923
LV246,162,-1.0708374773523053
LV246,162,-0.3475322875815469
LV246,162,1.5522913933659424
LV246,162,-0.3894525248780101
LV246,162,-0.8361348964120868
LV246,162,-2.1113785544639296
LV246,162,-1.1702821187677428
LV246,162,1.2928025461792871
LV246,162,1.3130624253857934
LV246,162,0.29463270803841596
LV246,162,0.20134493521503805
LV246,162,-0.20588338422178323
LV246,162,-0.3770413844283711
LV246,162,-0.4402831146729056
LV246,162,-0.3787578100382813
LV246,162,-1.540854888329642
LV246,162,0.3880825467991903
LV246,162,-0.31110592186051717
LV246,162,0.3225882637276166
LV246,162,-0.31854949577389363
LV246,162,-1.120044952228566
LV246,162,1.2973240221301867
LV246,162,0.7311466697719866
LV246,162,-0.2414241168908985
LV246,162,-0.38242966759000385
LV246,162,1.7810769305608418
LV246,162,0.8333447950938487
LV246,162,-0.17665012687448906
LV246,162,0.36148654425161975
LV246,162,-0.1445618897812139
LV246,162,0.30095246108276236
LV246,162,-0.4817384355427727
LV246,162,0.9600549841922428
LV246,162,-0.5580395699865317
LV246,162,0.4914740667510938
LV246,162,-0.8734837283526588
LV246,162,-0.43001484606241636
LV246,162,-0.49298482938156146
LV246,162,-0.9019107485870598
LV246,162,-0.1754346323438606
LV246,162,-0.49230300652365017
LV246,162,-2.972109111043669
LV246,162,1.1901206785897511
LV246,162,0.24857651527857627
LV246,162,0.15216938241737424
LV246,162,0.524595269566639
LV246,162,-0.42061911426658144
LV246,162,-1.4074615255999656
LV246,162,0.4119381616777519
LV246,162,-0.8876644978764497
LV246,162,0.3056597399012705
LV246,162,-0.13681955795288195
LV246,162,-1.7776193081402603
LV246,162,-0.8742351249715814
LV246,162,0.44846193066419754
LV246,162,2.092042994262353
LV246,162,-1.1560890715214265
LV246,162,0.42950840113502764
LV246,162,-2.4674063154002632
LV246,162,-0.7006346764960498
LV246,162,-0.28100585730248984
LV246,162,-1.8387680959505848
LV246,162,0.20396581971809583
LV246,162,0.1200394010674923
LV246,162,0.7246378398006778
LV246,162,0.5827032747633223
LV246,162,0.6504869438296146
LV246,162,-0.07688872021770125
LV246,162,-1.0611528098195246
LV246,162,-0.4074844067024762
LV246,162,1.0354762151878532
LV246,162,-0.25326802655954644
LV246,162,0.049404844829411376
LV246,162,0.7473671782656939
LV246,162,0.8458402425714879
LV246,162,-0.058509788103016845
LV246,162,0.6874126036002491
LV246,162,1.1167269088414282
LV246,162,0.10622041510096035
LV246,162,0.8141383444805225
LV246,162,-1.3092749414865499
LV246,162,0.3005317444573403
LV246,162,0.1908270195797982
LV246,162,-0.7120013920156282
LV246,162,-0.6414961611215602
LV246,162,-0.9747381060692302
LV246,162,-1.4099882808969613
LV246,162,0.14064141947523798
LV246,162,0.7645658119877007
LV246,162,-1.33072248571928
LV246,162,0.38943145924797207
LV246,162,0.4627597478094242
LV246,162,0.22530204593315611
LV246,162,-0.9725502159141716
LV246,162,0.4513913952601689
LV246,162,-0.33272617272349225
LV246,162,0.3661930045553412
LV246,162,0.42031566101835743
LV246,162,0.37626237406075447
LV246,162,0.06268442951940867
LV246,162,2.186553628249854
LV246,162,0.22866286784744969
LV246,162,-1.6368601304066033
LV246,162,0.4783941996809592
LV246,162,-0.46992071834890414
LV246,162,-0.16494045363883295
LV246,162,-3.0779856420359097
LV246,162,0.7829652069732433
LV246,162,1.3605076378213967
LV246,162,0.891419241182258
LV246,162,-0.4385151226283787
LV246,162,0.1738903106051191
LV246,162,1.3295227587262415
LV246,162,-0.11630348360291717
LV246,162,-0.3321008273892285
LV246,162,-0.8255351292933103
LV246,162,-0.8393647559526906
LV246,162,0.9343356110334153
LV246,162,0.7352269662266059
LV246,162,-1.1385278357273223
LV246,162,-0.25734423043997334
LV246,162,-0.5522723144560838
LV246,162,1.2677543551855226
LV246,162,1.266202451057576
LV246,162,-0.015353593405118847
LV246,162,0.6865654407455876
LV246,162,0.4525364975149475
LV246,162,0.4938182932397313
LV246,162,-1.223526508812339
LV246,162,-0.6072871520897223
LV246,162,2.0720417657438204
LV246,162,0.6019604732964267
LV246,162,-0.7085587186178498
LV246,162,0.09350969822163106
LV246,162,-1.7748257170069577
LV246,162,-0.7090621052415952
LV246,162,-1.5441060292559425
LV246,162,2.38305939588
LV246,162,1.3879745401538408
LV246,162,1.2129744313096975
LV246,162,-0.6558038004448485
LV246,162,0.34523575070904433
LV246,162,-1.3902956324713942
LV246,162,-1.1101982187583372
LV246,162,-0.26855624665564976
LV246,162,-0.22714512558685312
LV246,162,1.550704293100045
LV246,162,-0.34645184799880063
LV246,162,0.4512612514013694
LV246,162,1.9392860260709848
LV246,162,-0.734458983555255
LV246,162,-0.5099395456826352
LV246,162,0.2924227179827703
LV246,162,1.585356118657892
LV246,162,1.077760691586039
LV246,162,-1.3754363141490458
LV246,162,0.30300120371579825
LV246,162,0.6498264023574001
LV246,162,-1.997961864807735
LV246,162,0.9908270494301198
LV246,162,0.9406029791282547
LV246,162,-0.6358434976680842
LV246,162,1.0230601636492869
LV246,162,-0.27163468095170556
LV246,162,-1.4213509038423473
LV246,162,-0.19868127218487625
LV246,162,0.6034518073265851
LV246,162,0.42891825193866295
LV246,162,0.7583008994373249
LV246,162,0.31800621767887716
LV246,162,1.6213527640903282
LV246,162,0.6360876308447797
LV246,162,0.4770452872321774
LV246,162,-0.8666229370021008
LV246,162,2.241633128555421
LV246,162,-1.8670093133173253
LV246,162,-0.1061850032073508
LV246,162,-0.5021366437564633
LV246,162,-0.2054782193782404
LV57,207,-0.6801359294744174
LV57,207,0.6471405914838347
LV57,207,-0.6898471078902819
LV57,207,-0.9688198206634699
LV57,207,-0.793746958873126
LV57,207,-1.2104915205372697
LV57,207,0.5653788252156631
LV57,207,0.6041507094125665
LV57,207,-2.6741289546753264
LV57,207,-0.4673125446471265
LV57,207,-0.44100210666435513
LV57,207,1.0759632486656983
LV57,207,-0.937970484476127
LV57,207,0.14604424311352504
LV57,207,0.22998822536798497
LV57,207,-0.48195326843095027
LV57,207,-0.02765241216548996
LV57,207,0.7148956829774523
LV57,207,-0.38970337395019006
LV57,207,-2.081795618276338
LV57,207,0.38830282860751897
LV57,207,-0.17083903725205954
LV57,207,-0.7719085475834949
LV57,207,0.7146057351705307
LV57,207,0.24808869132766992
LV57,207,1.3916524142134217
LV57,207,-2.138505796680188
LV57,207,-0.3370389986027674
LV57,207,0.08332566977363463
LV57,207,1.4000417017572422
LV57,207,1.176072686456618
LV57,207,0.8487094441527899
LV57,207,-0.14944527329093166
LV57,207,0.4873435120039391
LV57,207,-0.8527873376917008
LV57,207,0.9322277345698549
LV57,207,-0.5835476341472463
LV57,207,0.8267650786082978
LV57,207,-1.442420719916464
LV57,207,1.3424812393314418
LV57,207,-2.319261916708882
LV57,207,0.84838602002919
LV57,207,2.3510532204746304
LV57,207,0.9664260905113894
LV57,207,-0.03784922251188475
LV57,207,0.35394213866938506
LV57,207,-0.47776038230086915
LV57,207,1.8791306077752759
LV57,207,1.6501529802650388
LV57,207,-1.5303898461757022
LV57,207,0.1373450517678649
LV57,207,2.1719790284729026
LV57,207,-0.22664348028764508
LV57,207,0.7835621342931843
LV57,207,0.5687460162823018
LV57,207,0.5824094371280091
LV57,207,-1.0328566794562641
LV57,207,0.6245632585558201
LV57,207,0.8639918243802545
LV57,207,-1.3391360976549955
LV57,207,0.7759725287137398
LV57,207,1.2489266698550137
LV57,207,-0.24401684587693523
LV57,207,-0.06418471815765373
LV57,207,-0.9211622908702838
LV57,207,-1.2074122942970293
LV57,207,-0.8527115878356533
LV57,207,1.9221225990167385
LV57,207,-0.4874067533077603
LV57,207,-0.9397980714361918
LV57,207,-0.7736121892472112
LV57,207,0.8157760675422338
LV57,207,-0.3549114668698357
LV57,207,-1.8707478482922675
LV57,207,1.8806328417125036
LV57,207,0.2758793341367502
LV57,207,1.3228625313735671
LV57,207,0.13304189389350668
LV57,207,-0.7823700948435026
LV57,207,-0.38677609809943736
LV57,207,-0.053897592061902276
LV57,207,1.0584030547635521
LV57,207,-0.4350131990187431
LV57,207,-1.3744930550359014
LV57,207,-0.35110487435953913
LV57,207,-1.6866363269175073
LV57,207,0.3022514608409409
LV57,207,0.7699677932781231
LV57,207,-0.6306020854815427
LV57,207,-1.8794357366489363
LV57,207,-1.5117130900213098
LV57,207,1.815285034494744
LV57,207,-0.4197157481392885
LV57,207,0.6389037590881829
LV57,207,0.44069892471702854
LV57,207,0.09092464944283357
LV57,207,-0.18783801161148866
LV57,207,-2.420368919893461
LV57,207,0.5900284629276038
LV57,207,0.7407809519086065
LV57,207,0.020758758389704424
LV57,207,-1.4297762085456984
LV57,207,0.25688036167416956
LV57,207,0.28731887837805326
LV57,207,-0.1722760491571151
LV57,207,-0.9928335886294808
LV57,207,1.2138169000100785
LV57,207,-0.7681750008648952
LV57,207,0.4868644058820466
LV57,207,-0.3030448175469078
LV57,207,-0.5050439589626542
LV57,207,1.2687679944174455
LV57,207,-0.08020912969751083
LV57,207,-1.4232758271279
LV57,207,0.9504184441705158
LV57,207,-1.9808863723313712
LV57,207,-1.2381844519809881
LV57,207,0.00368951441131442
LV57,207,-0.3345222538019421
LV57,207,-0.9065866809560578
LV57,207,0.1271507111335795
LV57,207,-0.27369511939501634
LV57,207,0.3392871193986873
LV57,207,-0.6328876598209136
LV57,207,-0.1878275018147056
LV57,207,0.43467860485719595
LV57,207,-1.5721494691022713
LV57,207,0.2650983557548373
LV57,207,-0.12877536932974684
LV57,207,0.734338843077594
LV57,207,0.07423662445679521
LV57,207,-0.8860567033115438
LV57,207,-0.43060993668207276
LV57,207,-0.408358641806529
LV57,207,-0.49801290491576766
LV57,207,1.171034852324907
LV57,207,-0.042027704992517345
LV57,207,-1.6407602707736377
LV57,207,-0.14270229223301348
LV57,207,-0.00349851958475613
LV57,207,-1.0562602843147872
LV57,207,-0.36960770509480645
LV57,207,-1.0353397856965527
LV57,207,0.07711565979950591
LV57,207,0.6804557459267073
LV57,207,-2.898176982736318
LV57,207,-2.001064803583024
LV57,207,0.29694358081593825
LV57,207,-1.3069780123483639
LV57,207,0.11876095488527194
LV57,207,-0.16979768404299334
LV57,207,0.8822341455558473
LV57,207,-0.7901649929885516
LV57,207,-1.723246978667497
LV57,207,-0.6861653079498305
LV57,207,0.7952333807952671
LV57,207,0.3627090938677075
LV57,207,-0.8875782803224366
LV57,207,0.9134765625644982
LV57,207,-0.5093513622180432
LV57,207,1.4272891881734755
LV57,207,0.08029385479503194
LV57,207,-1.0402214330712902
LV57,207,-1.108164078468363
LV57,207,-1.458856987497782
LV57,207,-0.4104280081738585
LV57,207,-0.6953871769076437
LV57,207,1.5056077250854312
LV57,207,0.3556478624626517
LV57,207,1.0333549821828836
LV57,207,-0.4219694235328524
LV57,207,0.4949317655512083
LV57,207,0.19832392023913162
LV57,207,-1.4089354978529451
LV57,207,-1.0536174219525811
LV57,207,1.1186262634380912
LV57,207,0.20623997849424805
LV57,207,0.16670127572839413
LV57,207,0.4303383922876653
LV57,207,-0.6715534996274783
LV57,207,1.216287188985335
LV57,207,1.0489219741969513
LV57,207,0.050677337599977244
LV57,207,3.07462848244373
LV57,207,-0.008780260321020953
LV57,207,-1.1890349636951139
LV57,207,-1.1431010405741096
LV57,207,0.12364158372910261
LV57,207,0.4632388874756992
LV57,207,0.1599762136035827
LV57,207,-0.3328581635861472
LV57,207,-0.5297766475043939
LV57,207,0.3982994300292895
LV57,207,0.5915315441383282
LV57,207,-0.2584228523682261
LV57,207,0.28957700646425194
LV57,207,-0.15525403616940756
LV57,207,0.06710068876724064
LV57,207,0.3374084436494639
LV57,207,1.4546706519648038
LV246,65,0.26810193622516215
LV246,65,-2.0967065161926213
LV246,65,1.48915405189743
LV246,65,-0.6525118475526243
LV246,65,-0.35976134662548487
LV246,65,-0.2682708649331488
LV246,65,0.8149346614527035
LV246,65,1.089716964011358
LV246,65,2.066524503374596
LV246,65,0.7241111579670538
LV246,65,-1.1145377139812211
LV246,65,0.0837071511174413
LV246,65,-1.9905984383737017
LV246,65,-1.0837991087091647
LV246,65,1.0753718825362424
LV246,65,-0.05346105063234091
LV246,65,-0.10795780866610385
LV246,65,0.6841386640000887
LV246,65,0.2904855452849816
LV246,65,-0.9353846743144674
LV246,65,-0.9560817599615739
LV246,65,-0.671372966268481
LV246,65,0.6630254183670258
LV246,65,1.3669689189090792
LV246,65,-0.09154726439332922
LV246,65,0.5311541383260145
LV246,65,-0.10752986527381904
LV246,65,0.13521335543647212
LV246,65,0.7219615279812204
LV246,65,-0.3031542366270263
LV246,65,-0.33366877014035196
LV246,65,-1.4999381463772674
LV246,65,-0.4120948208851198
LV246,65,-1.664608818533102
LV246,65,0.4283760885474507
LV246,65,-1.1036713559122233
LV246,65,-1.032869917224574
LV246,65,0.8645716060416032
LV246,65,-0.48006468832457794
LV246,65,-1.7456726689550892
LV246,65,-0.029557382154179242
LV246,65,0.408108068521797
LV246,65,0.9499599665916952
LV246,65,-0.8412702337714152
LV246,65,-0.22749990490775363
LV246,65,0.9313489179438058
LV246,65,-0.23241283720026956
LV246,65,-0.14597369606543262
LV246,65,-0.49449057030032867
LV246,65,0.0717772938663872
LV246,65,0.0054458810232864184
LV246,65,0.1166636553168396
LV246,65,-0.9739048166900207
LV246,65,-3.0263564892922155
LV246,65,0.3662137570916497
LV246,65,1.1639952557231585
LV246,65,-0.15867134511078826
LV246,65,0.07530371201246737
LV246,65,-1.1617500824362752
LV246,65,0.11255872803074614
LV246,65,-0.6838231637806221
LV246,65,0.24362742717302524
LV246,65,-0.5261133051245388
LV246,65,1.027445963363719
LV246,65,1.2976710802785165
LV246,65,-1.6803682828458444
LV246,65,1.446589395573057
LV246,65,1.9825840054991966
LV246,65,-1.09932739381174
LV246,65,-0.7322202321686972
LV246,65,0.3265771837245721
LV246,65,-1.6368742337258995
LV246,65,-1.272958878896414
LV246,65,0.6701283808956927
LV246,65,0.5300197516676969
LV246,65,0.8552254944291324
LV246,65,0.7532777072023069
LV246,65,0.5309906669427661
LV246,65,-0.7509204980360582
LV246,65,-1.1564224864633759
LV246,65,1.2779346228057002
LV246,65,1.3324209067004993
LV246,65,1.083590527903647
LV246,65,1.4719031450103348
LV246,65,0.4544127406119934
LV246,65,-1.5239914454121746
LV246,65,-0.5035811877371538
LV246,65,-0.48704401860573604
LV246,65,0.12582983618481797
LV246,65,-1.7066768884472767
LV246,65,0.9457893888988342
LV246,65,-0.9123305333222255
LV246,65,-0.6465724496408422
LV246,65,1.588536236190674
LV246,65,0.15516322349084682
LV246,65,0.9883170116604053
LV246,65,0.711541256009521
LV246,65,0.21412925921638343
LV246,65,0.7167439104675353
LV246,65,0.19647734243722298
LV246,65,1.1274992407039635
LV246,65,1.5499119135399781
LV246,65,-0.14574494835180996
LV246,65,0.149275635159341
LV246,65,-0.012621260550847392
LV246,65,-0.24550700722099503
LV246,65,0.2831469146294404
LV246,65,0.6760672176928969
LV246,65,0.12227031227806501
LV246,65,-1.7000132786408533
LV246,65,0.7636708586355899
LV246,65,1.7365865072178996
LV246,65,1.356283987890135
LV246,65,0.39658707676704275
LV246,65,0.09905120359701358
LV246,65,1.3027233560269988
LV246,65,1.183014421714585
LV246,65,0.1941363723769502
LV246,65,-0.7517485161294369
LV246,65,0.9907159635614194
LV246,65,0.26991153077079416
LV246,65,0.5513841895978949
LV246,65,0.6332665191652682
LV246,65,-0.1563502010992869
LV246,65,0.2053633400876956
LV246,65,0.09050486731034922
LV246,65,-0.2777241494318844
LV246,65,-1.054788923405712
LV246,65,-0.07004329596896819
LV246,65,-0.7087428237390626
LV246,65,0.5381097147562839
LV246,65,-0.6272916172133168
LV246,65,0.2538511220008034
LV246,65,-0.6607748209724521
LV246,65,-0.9290480072745171
LV246,65,0.022177195802081
LV246,65,-1.1374654171530045
LV246,65,0.5618141875557715
LV246,65,-0.007295721998110865
LV246,65,0.6349773575434362
LV246,65,-0.02823128134502911
LV246,65,0.438646542924208
LV246,65,-0.2736158554582635
LV246,65,0.880644359332524
LV246,65,0.034968550983591695
LV246,65,-0.7149414565904111
LV246,65,-1.137579510452521
LV246,65,1.1380476338398788
LV246,65,1.0375000145477837
LV246,65,0.5993780036355335
LV246,65,0.9412851350644335
LV246,65,0.586624056093218
LV246,65,1.3134305445912589
LV246,65,0.5282288609416567
LV246,65,0.898816429334575
LV246,65,1.2098682436571495
LV246,65,-0.3043032122646334
LV246,65,-1.2554236739515108
LV246,65,-1.5440381992520351
LV246,65,-0.12766789375330226
LV246,65,-1.1013956621823366
LV246,65,-1.2203635511624837
LV246,65,0.7321268668918639
LV246,65,-0.46997809249441846
LV246,65,-1.6425736616323088
LV246,65,-1.3454672281601374
LV246,65,-0.24683366914473504
LV246,65,-0.7500720927793063
LV246,65,-0.4123647170018465
LV246,65,1.2005872213368682
LV246,65,0.8767852002358871
LV246,65,0.12031220940486746
LV246,65,-0.4413838801387137
LV246,65,-1.9086889882679123
LV246,65,1.0308289232135188
LV246,65,0.05057875881598188
LV246,65,-0.319493706385343
LV246,65,-0.6938658056347281
LV246,65,0.11587903008491264
LV246,65,1.6892972660643277
LV246,65,0.12979448482397377
LV246,65,1.7549480469124357
LV246,65,-1.0325283854788114
LV246,65,1.020507220371075
LV246,65,0.4081342538692301
LV246,65,0.1353147301386652
LV246,65,0.5067213387915716
LV246,65,-1.8678473278044643
LV246,65,-0.0060163807379399505
LV246,65,0.9190244100993363
LV246,65,0.3809523669309891
LV246,65,2.580493308309726
LV246,65,0.49737129937699526
LV246,65,-1.9267039461853883
LV246,65,-0.562701342936131
LV246,65,0.047784782245170944
LV246,65,-0.3001657403324452
LV246,65,0.3617439182852862
LV246,65,-2.495279300575299
LV246,65,0.0277374672907086
LV246,161,0.7694390623757483
LV246,161,1.0820108001994326
LV246,161,-1.233472782349344
LV246,161,-1.3426273947125997
LV246,161,-1.5977354234218608
LV246,161,0.7618567027241314
LV246,161,0.38042282824339274
LV246,161,1.0315315245427505
LV246,161,0.44955681915098394
LV246,161,0.08714860696048123
LV246,161,0.8816592717411743
LV246,161,0.5375982348944769
LV246,161,-0.527400517096603
LV246,161,-0.027474028193127737
LV246,161,-0.1836635611480219
LV246,161,-1.2340754564202603
LV246,161,1.5856251643135133
LV246,161,0.4481949442237577
LV246,161,0.351466751363474
LV246,161,-0.00829566805061859
LV246,161,0.005534132014450611
LV246,161,-0.920729355165167
LV246,161,-1.615066093604619
LV246,161,-2.5588267329784724
LV246,161,-2.2256922459583817
LV246,161,-1.871309937030516
LV246,161,-1.5340245802086157
LV246,161,-0.06729477934064892
LV246,161,-1.4910193819753004
LV246,161,-0.3264772523469158
LV246,161,-0.6047489479329862
LV246,161,-0.6555846206831957
LV246,161,1.0209625970682696
LV246,161,-0.02848747020768832
LV246,161,-0.04998019067692906
LV246,161,-1.2133944697695391
LV246,161,0.13281782369178272
LV246,161,1.3623669669685334
LV246,161,-0.38632562099991086
LV246,161,-1.2798350359728758
LV246,161,-0.25867756804819
LV246,161,-0.04287246557316389
LV246,161,-0.2599166108013665
LV246,161,0.04284708513472006
LV246,161,-0.8853233638891406
LV246,161,0.7193779062142629
LV246,161,0.2611426788593611
LV246,161,1.0520440381368001
LV246,161,0.23776612330185729
LV246,161,-1.5130320715603747
LV246,161,-0.03959397989027945
LV246,161,-0.2819528866143758
LV246,161,0.880847231608005
LV246,161,0.35926154022382084
LV246,161,1.3326045167764444
LV246,161,-0.9014154507906965
LV246,161,0.6146375942505277
LV246,161,-0.9878603545862217
LV246,161,-2.1448715854239446
LV246,161,-2.441467482755175
LV246,161,-1.444166412284869
LV246,161,1.0236789953711598
LV246,161,-1.9616974166668715
LV246,161,-0.058804809385534035
LV246,161,-0.186725482374416
LV246,161,1.6702176302722374
LV246,161,-0.25035392694720876
LV246,161,0.8725474830495988
LV246,161,1.633494945479632
LV246,161,-2.140556224655889
LV246,161,0.5459220291527829
LV246,161,0.5481722165606574
LV246,161,-0.7766724859653361
LV246,161,0.1981498371822045
LV246,161,0.24927497727524703
LV246,161,0.41022019830541456
LV246,161,1.660369920637647
LV246,161,0.22417065394287997
LV246,161,-0.16381774138643043
LV246,161,-0.05668985989497117
LV246,161,-0.7972202257439683
LV246,161,0.15536396023721655
LV246,161,0.49048673564070966
LV246,161,0.14639721153171212
LV246,161,0.9445891657580627
LV246,161,0.14122064712940482
LV246,161,1.2546266093373986
LV246,161,0.2483376544508407
LV246,161,-1.1893369767484174
LV246,161,1.1409092871274347
LV246,161,-0.03342219919499725
LV246,161,0.908696899977537
LV246,161,-1.983694177890213
LV246,161,0.35299863092061995
LV246,161,-0.8222982060165633
LV246,161,-0.7694838937943667
LV246,161,-0.6836575924314906
LV246,161,-0.8523741692513851
LV246,161,-2.5670779306650857
LV246,161,-0.8618002367723175
LV246,161,-1.1876131910639898
LV246,161,-1.2708816119545823
LV246,161,-0.2983391887358149
LV246,161,-1.4823829936182007
LV246,161,0.962003306682547
LV246,161,-0.8118024877430748
LV246,161,0.14853605356484992
LV246,161,0.6826227520689121
LV246,161,0.9255376198800292
LV246,161,0.12363910524952282
LV246,161,0.567594250006053
LV246,161,-0.7086021726746621
LV246,161,-0.619146042727074
LV246,161,-0.13308289534268714
LV246,161,1.506548659387627
LV246,161,0.6393215007278255
LV246,161,0.4484891594436408
LV246,161,0.6130560917203243
LV246,161,-0.2989144476456951
LV246,161,0.23308441021420037
LV246,161,1.1667855233740232
LV246,161,0.8347513185713362
LV246,161,0.2608077237912311
LV246,161,-0.2555435097220773
LV246,161,-0.28397425697981316
LV246,161,-0.14832786908381626
LV246,161,-0.07089658013502557
LV246,161,-1.1147991359693397
LV246,161,-0.5539825022933335
LV246,161,0.6590553624853907
LV246,161,0.49732582279774934
LV246,161,0.08671302753031307
LV246,161,-1.2419478960440096
LV246,161,-0.3687316733767572
LV246,161,-0.18486814350324005
LV246,161,0.9790682489077415
LV246,161,-0.02260607579918812
LV246,161,0.43856686219213464
LV246,161,1.3254326187538221
LV246,161,0.9846508333766333
LV246,161,-0.48630473122470835
LV246,161,0.993192876821993
LV246,161,-0.41690424657292946
LV246,161,-0.45514303571827286
LV246,161,-0.397918864658966
LV246,161,-1.0846565492984637
LV246,161,0.3338325233640479
LV246,161,1.1016060545785498
LV246,161,-0.38002212500577814
LV246,161,-1.863077730852113
LV246,161,0.6882021202339925
LV246,161,-1.5762546492239076
LV246,161,2.8349214940350302
LV246,161,1.6201083827109428
LV246,161,-0.0485149345558373
LV246,161,0.021123862892478834
LV246,161,-0.801337400934434
LV246,161,0.4576372464210531
LV246,161,-1.0240094651995102
LV246,161,-0.24629250102276426
LV246,161,-0.28995780732358994
LV246,161,1.1151004401035145
LV246,161,0.12347538006989164
LV246,161,-1.2513623236082945
LV246,161,0.30507616363495726
LV246,161,1.8105357760298166
LV246,161,-0.13069057793790345
LV246,161,0.3599352792932014
LV246,161,0.05378619386190374
LV246,161,-0.07798623267452988
LV246,161,0.8703279271065816
LV246,161,0.3036660441505873
LV246,161,0.46721708389553246
LV246,161,0.9162749712240783
LV246,161,-1.5482509045861694
LV246,161,0.02844708035146063
LV246,161,0.8232600776902231
LV246,161,-0.3545485393646475
LV246,161,0.10081100607014297
LV246,161,-1.2779637597851996
LV246,161,0.9377591148831583
LV246,161,-0.2978648605026128
LV246,161,0.089682748047505
LV246,161,-1.0014175346141299
LV246,161,-0.14949783788376086
LV246,161,1.0460237300352022
LV246,161,1.0373856569475395
LV246,161,0.029982023055093288
LV246,161,-0.9404220176025108
LV246,161,-0.11670700791928729
LV246,161,0.1658439033063068
LV246,161,0.4003176583487423
LV246,161,0.5295936204999123
LV246,161,-0.26186906037089674
LV246,161,0.767382006353754
LV246,161,0.8141781546768809
LV246,161,1.070011536473793
LV246,161,1.7922959639703027
LV246,161,0.298411216355588
LV246,161,-1.0410592448496057
LV246,120,-0.32539007323896485
LV246,120,2.5236509438439216
LV246,120,-0.9407486849404272
LV246,120,0.7598793178039608
LV246,120,2.01669042565915
LV246,120,-0.09220564715688088
LV246,120,-0.7971868884552027
LV246,120,-0.20182012437806354
LV246,120,0.9893365514334937
LV246,120,0.6518842536389995
LV246,120,-0.653751107729978
LV246,120,0.04475226026316263
LV246,120,1.1950665650157914
LV246,120,0.11944887578795596
LV246,120,-0.969863852508928
LV246,120,-0.06350832131893007
LV246,120,0.28986728369391773
LV246,120,0.030766721705253047
LV246,120,-0.7013127717606156
LV246,120,-0.8964315951095244
LV246,120,0.3816861247993855
LV246,120,-0.2832263053422203
LV246,120,0.4932874505033314
LV246,120,1.3258006203732013
LV246,120,-0.8468784399102255
LV246,120,0.6212783417376555
LV246,120,-1.3048004777891835
LV246,120,0.2728816857267429
LV246,120,-0.23021567563283693
LV246,120,-0.5568653276708595
LV246,120,0.3852819955651799
LV246,120,0.07185007027016034
LV246,120,0.8668357468101273
LV246,120,-0.25871049193367024
LV246,120,0.675009251001597
LV246,120,-0.10610164820110415
LV246,120,-0.6229384857661533
LV246,120,0.769899781527282
LV246,120,0.297524841376982
LV246,120,2.2617249758677334
LV246,120,0.3155963856830325
LV246,120,-0.4145022284676604
LV246,120,0.15479364350639643
LV246,120,1.0835810853789507
LV246,120,0.3778932715034701
LV246,120,1.2828655033770457
LV246,120,-0.17969264124204906
LV246,120,1.4233290808083667
LV246,120,0.16016103056154934
LV246,120,0.3833291934456473
LV246,120,1.0573671543342322
LV246,120,-0.8956896496874597
LV246,120,-0.050097812571155115
LV246,120,0.47692419352635795
LV246,120,0.519203144249349
LV246,120,0.8293801045714436
LV246,120,0.3073730835616302
LV246,120,-0.040639777081963
LV246,120,0.3608539510280778
LV246,120,-0.9438723282266234
LV246,120,1.6083407769639142
LV246,120,0.2664489127988272
LV246,120,-1.192031184962234
LV246,120,0.9208743998248057
LV246,120,0.4787505377253276
LV246,120,0.03611531693654535
LV246,120,-0.9696208852804293
LV246,120,0.3292100672087696
LV246,120,0.47460705110419715
LV246,120,-0.6782757643497616
LV246,120,1.7990351206549096
LV246,120,0.2305666989179873
LV246,120,1.0340221820923459
LV246,120,-0.27750275795484197
LV246,120,0.030247846286418714
LV246,120,-0.3569844350753909
LV246,120,-0.3202946149290939
LV246,120,-0.2589041582595683
LV246,120,-0.5992227618935161
LV246,120,0.6411647340680777
LV246,120,0.2792879290209581
LV246,120,1.2970325488454248
LV246,120,1.6659987352541599
LV246,120,0.3408621034037546
LV246,120,0.39830495058086324
LV246,120,0.4534319818175002
LV246,120,-0.8743271043227198
LV246,120,0.35953012230716486
LV246,120,-1.0342716128496228
LV246,120,-0.3114043136007737
LV246,120,0.7236794115597289
LV246,120,-0.32037729895408057
LV246,120,0.7131584220808709
LV246,120,0.6018517963911213
LV246,120,1.1313983182140925
LV246,120,-1.0119741189777367
LV246,120,0.9574116745774165
LV246,120,0.6593932453734312
LV246,120,0.808690969741744
LV246,120,-0.24814020155221164
LV246,120,-0.02410164560295215
LV246,120,-1.7787775867338151
LV246,120,0.5895714500383473
LV246,120,1.0456976527970758
LV246,120,-0.19061953411629617
LV246,120,0.9480374285146187
LV246,120,1.4863453618622502
LV246,120,0.895862261186054
LV246,120,0.01599126330436729
LV246,120,-1.3124728478510548
LV246,120,-2.918030802881808
LV246,120,-0.9909093687511206
LV246,120,-0.4525665047191462
LV246,120,0.12304585195515799
LV246,120,1.0893521650266775
LV246,120,-0.5717018042292255
LV246,120,2.00217827387258
LV246,120,0.2835645059710696
LV246,120,1.034249673701193
LV246,120,0.15192026309796158
LV246,120,-1.6812577484296016
LV246,120,-1.5057385762870261
LV246,120,-0.2960326016827958
LV246,120,-0.7366341049692972
LV246,120,-0.7163088682816627
LV246,120,0.3803779927784056
LV246,120,0.2431503674158955
LV246,120,1.5282672679318898
LV246,120,-0.8321927401032936
LV246,120,-1.788204228823127
LV246,120,-0.023941141319158598
LV246,120,-0.3408981916901468
LV246,120,0.4966394697195009
LV246,120,-1.5277314215320748
LV246,120,-0.4176499695044461
LV246,120,-0.7791482851109751
LV246,120,0.018162050580682897
LV246,120,0.35653979043024514
LV246,120,0.09445066520689908
LV246,120,-0.4857468964893937
LV246,120,0.23804451833282037
LV246,120,-1.815191719770058
LV246,120,-1.2378027619599479
LV246,120,0.3790090636802272
LV246,120,-0.3257073234417938
LV246,120,-0.7559463518107109
LV246,120,-0.6306170460758795
LV246,120,1.09398025962313
LV246,120,1.3115765361924099
LV246,120,-0.7384562486429316
LV246,120,-0.13631160531970019
LV246,120,1.356504470838916
LV246,120,0.08261734318172603
LV246,120,0.0801768379629298
LV246,120,0.5731677353700068
LV246,120,0.4201551990448528
LV246,120,2.068932359232486
LV246,120,-0.08344534103362819
LV246,120,-1.9140891093033878
LV246,120,-0.19925050827532598
LV246,120,0.44524891630719754
LV246,120,-1.9188131527416632
LV246,120,1.0312940514283486
LV246,120,-0.3574451663803911
LV246,120,-0.9547574369278
LV246,120,-1.1571734571022125
LV246,120,-0.8383520367239705
LV246,120,1.1710163466784214
LV246,120,1.1113783933941122
LV246,120,0.4743295953519047
LV246,120,-0.8906505668491566
LV246,120,-1.2675444710439854
LV246,120,1.2897952647759936
LV246,120,-0.12190756179039587
LV246,120,-2.4780032240040337
LV246,120,1.0745431024231102
LV246,120,-0.7059914937413441
LV246,120,1.5607539097812795
LV246,120,-0.40112886120704355
LV246,120,-0.029883558184432134
LV246,120,-2.3100606941617743
LV246,120,1.3943887877419032
LV246,120,-0.3043445569967723
LV246,120,1.6140709567597105
LV246,120,0.33296202065275476
LV246,120,1.010753261467014
LV246,120,1.8742327040958027
LV246,120,0.0007718756997940969
LV246,120,-0.18011468349793439
LV246,120,0.9143359505227215
LV246,120,-0.4471621972571167
LV246,120,-1.0042287924232385
LV246,120,-0.7943862434591273
LV246,120,0.27198078358284133
LV246,120,1.247878664633083
LV246,120,-0.1332657822923108
LV246,120,-0.20736260701553544
LV246,120,-0.14039738998755957
LV246,120,1.362880426134673
LV246,120,0.28543197110226504
LV246,159,0.27724951431920103
LV246,159,0.4474387919834258
LV246,159,-0.49511833961996093
LV246,159,1.337302103733285
LV246,159,-0.83903460374502
LV246,159,1.2888180191144505
LV246,159,-1.8939702576774466
LV246,159,0.7247866904189556
LV246,159,0.4009670650134032
LV246,159,0.9855201883948969
LV246,159,1.0367831165129326
LV246,159,-1.2367806817816336
LV246,159,0.7430230281045989
LV246,159,0.8230083520080173
LV246,159,-0.3475683070325753
LV246,159,-1.7541446302403263
LV246,159,-0.3745291145282916
LV246,159,-0.28369673098126685
LV246,159,1.128249246511065
LV246,159,-2.2590140618380223
LV246,159,0.28051465543076626
LV246,159,0.10510193176556604
LV246,159,0.12275804409301573
LV246,159,-1.959139099954152
LV246,159,0.8044356466590185
LV246,159,1.4514002126996237
LV246,159,0.3290324122603712
LV246,159,0.8786148180930027
LV246,159,1.1372214729035308
LV246,159,1.0422738135341194
LV246,159,-0.8086769790714214
LV246,159,1.7458668858676014
LV246,159,0.5890029688291643
LV246,159,0.9302894332932291
LV246,159,-0.029771576800507335
LV246,159,-0.4938414539431841
LV246,159,0.10015504094828782
LV246,159,2.814413379059082
LV246,159,0.3954159352350059
LV246,159,0.9893940876327219
LV246,159,-0.4801349147166973
LV246,159,-0.3817415248527171
LV246,159,0.7711910729674375
LV246,159,0.03455847298373821
LV246,159,0.27953922465144765
LV246,159,0.36460568515981345
LV246,159,0.3405839299976815
LV246,159,0.40768856994924824
LV246,159,0.2595535270053125
LV246,159,0.4112725337301278
LV246,159,-0.23375765241290578
LV246,159,-0.465854530129848
LV246,159,-1.2458354937015674
LV246,159,1.0168821310602054
LV246,159,-1.6179942359974875
LV246,159,-0.18661992455831727
LV246,159,-1.4277448273791054
LV246,159,-0.9218304939146214
LV246,159,1.418573351643728
LV246,159,-1.2193198682766382
LV246,159,0.18953216471255907
LV246,159,-0.8795598182933577
LV246,159,0.5912159419652974
LV246,159,2.198633179077512
LV246,159,-0.5010680420405614
LV246,159,-0.1438266207814915
LV246,159,0.22216585361194033
LV246,159,0.9040632116587463
LV246,159,1.0694807826127652
LV246,159,-0.0639761629433057
LV246,159,-0.4535958959663948
LV246,159,0.08693541961171736
LV246,159,-0.17023112791088651
LV246,159,-0.7146471532786973
LV246,159,-0.22142936993980944
LV246,159,0.7548196440918741
LV246,159,-0.8619292259572212
LV246,159,1.2373083977469974
LV246,159,-0.6371656240791368
LV246,159,-0.019606113591708267
LV246,159,-0.7833226904736811
LV246,159,-0.41513301571653133
LV246,159,0.6450064125569007
LV246,159,0.4160874826478394
LV246,159,3.1256917009528795
LV246,159,-0.39816009482335224
LV246,159,-1.506410112009328
LV246,159,-0.919480350825153
LV246,159,1.4186814571625206
LV246,159,0.9646726593752537
LV246,159,0.19926573751272106
LV246,159,0.4648388182868854
LV246,159,-1.82261884305935
LV246,159,1.5282818448810096
LV246,159,0.7752388271461209
LV246,159,-0.26202122002103734
LV246,159,-1.0250365288082106
LV246,159,1.7463365245967373
LV246,159,1.6741285952699994
LV246,159,-0.16374922733797717
LV246,159,0.1901208967345237
LV246,159,-1.3251553483869078
LV246,159,-0.16617238595816686
LV246,159,-0.9027737948413722
LV246,159,-0.9647186115480896
LV246,159,-0.31024035750777446
LV246,159,0.4714935104676776
LV246,159,0.08645497033070776
LV246,159,-2.602211158429938
LV246,159,-1.3945892192128235
LV246,159,1.1612508486186208
LV246,159,-0.6928004457100371
LV246,159,-0.5900863795379926
LV246,159,-1.3078480092741505
LV246,159,0.7646333213092277
LV246,159,-0.08710844007466521
LV246,159,0.19501329173699922
LV246,159,0.4919001107484249
LV246,159,0.35978790068751143
LV246,159,-0.17937915868799942
LV246,159,0.6896258134903431
LV246,159,0.09503872574420488
LV246,159,-0.33573181605886115
LV246,159,0.23360306305480086
LV246,159,0.10398791325561146
LV246,159,0.2264429332681624
LV246,159,-1.111775080414467
LV246,159,0.1017612940130143
LV246,159,0.1839237921758556
LV246,159,0.5292884930304474
LV246,159,-1.6731548111230354
LV246,159,0.5952321505991505
LV246,159,0.15903825619643824
LV246,159,1.1810219302266458
LV246,159,0.011142285948961654
LV246,159,2.6141514499576624
LV246,159,1.4382333149562299
LV246,159,1.68290623172865
LV246,159,-1.0059014975393847
LV246,159,0.05279179789262851
LV246,159,1.0303279764864859
LV246,159,0.4947069553492044
LV246,159,0.34235048050788935
LV246,159,-1.6719255982078294
LV246,159,-0.460051744881492
LV246,159,1.1750373150401479
LV246,159,0.5527807083726983
LV246,159,0.7051782987555791
LV246,159,1.2415404629740878
LV246,159,-0.5377376112337545
LV246,159,1.5178372567671612
LV246,159,-0.026212424122301816
LV246,159,-0.4004085123918705
LV246,159,0.9066370091165725
LV246,159,-1.5077315690598245
LV246,159,0.7714909328654436
LV246,159,-1.1989793718622934
LV246,159,0.9826828615822626
LV246,159,0.8907540045193132
LV246,159,-0.6298025749170747
LV246,159,-0.15873384015511827
LV246,159,0.5104882344255136
LV246,159,0.6688232988998205
LV246,159,-0.14882658963627163
LV246,159,1.5022700620624745
LV246,159,0.6405620351798027
LV246,159,-2.3045004335876658
LV246,159,-1.496528292870719
LV246,159,-0.008696494524940269
LV246,159,-0.7066003810158655
LV246,159,-0.4615031943877664
LV246,159,-1.6259926266100981
LV246,159,-0.26664370567088497
LV246,159,-0.30070226075224066
LV246,159,-1.0966346366757245
LV246,159,0.7709167330607559
LV246,159,0.7800153188546833
LV246,159,0.24426652053865067
LV246,159,1.2131501815201695
LV246,159,-0.5397593616571507
LV246,159,-0.43111172028124606
LV246,159,0.6924649125245922
LV246,159,-0.41573521662279733
LV246,159,1.7673804157718218
LV246,159,1.0978611396256115
LV246,159,1.4287288904114666
LV246,159,-2.568932912527598
LV246,159,-0.5525888284042133
LV246,159,0.26874781276668414
LV246,159,-0.8700894204036785
LV246,159,0.6636882867576563
LV246,159,0.5598653415183614
LV246,159,-2.4101223609928004
LV246,159,-0.031062640250235935
LV246,159,1.3710756855782482
LV246,159,0.007730404887314563
LV246,159,-0.6429910937642269
LV246,159,0.35307135797220796
LV246,159,-1.5105621614303137
LV246,159,-0.9016388641163096
LV57,210,-1.0346646420218222
LV57,210,-1.6961311049524888
LV57,210,-1.22861122386401
LV57,210,1.5886413532821697
LV57,210,-1.2793261569896408
LV57,210,-0.28553395691436784
LV57,210,1.1984787556792678
LV57,210,-0.3750784804972029
LV57,210,-0.7030101272792625
LV57,210,0.31424689547295587
LV57,210,0.018139225260302733
LV57,210,0.25448332365054344
LV57,210,-0.6601479154350056
LV57,210,1.0840844826561769
LV57,210,0.24537637930246223
LV57,210,-0.6901299025493145
LV57,210,1.4607399580810239
LV57,210,-0.9269609611013242
LV57,210,0.3256183032386392
LV57,210,-0.24200908607789676
LV57,210,1.2890899264212476
LV57,210,-1.2161261818817513
LV57,210,0.25896919142717273
LV57,210,-1.28445141362307
LV57,210,0.914329850066305
LV57,210,-0.5134986657023898
LV57,210,-1.0973827763977355
LV57,210,0.05666120314341679
LV57,210,-1.0518659447374379
LV57,210,-0.24925842205598986
LV57,210,-0.1776897802242811
LV57,210,0.27317233266357477
LV57,210,-0.43360421142824435
LV57,210,0.4353325052429723
LV57,210,-0.8253259453362345
LV57,210,0.6279360651817071
LV57,210,2.2374378418103986
LV57,210,-0.9408400331238677
LV57,210,-0.8889576466124702
LV57,210,-1.0571631955957532
LV57,210,2.400470998173954
LV57,210,-1.9042730092655777
LV57,210,1.4221466432707792
LV57,210,0.45260538689512786
LV57,210,0.6152632983630192
LV57,210,0.14410765408492915
LV57,210,-0.3284819331697127
LV57,210,2.1246571572092696
LV57,210,0.7852743678451758
LV57,210,0.24618673849818853
LV57,210,0.1930174018016368
LV57,210,1.722241530182261
LV57,210,0.6837399721456248
LV57,210,-0.3055571824116108
LV57,210,-0.040011502784481706
LV57,210,1.378914343192867
LV57,210,-0.18142415293973244
LV57,210,-0.2932495147095466
LV57,210,1.372923605066939
LV57,210,-0.3714416561894157
LV57,210,0.12938262886752536
LV57,210,0.7468607543286675
LV57,210,0.7757058743232002
LV57,210,-1.6483132478378244
LV57,210,0.706515998814256
LV57,210,-0.631549738117509
LV57,210,0.47597560250952486
LV57,210,0.47360871326387605
LV57,210,-0.07048899485428434
LV57,210,-0.932658867843177
LV57,210,-0.8149296120928066
LV57,210,1.7636500287429158
LV57,210,0.6984510538978872
LV57,210,0.011235050546808853
LV57,210,0.2289844118966142
LV57,210,0.16442574012205502
LV57,210,0.6377930525345157
LV57,210,-0.3930261402280977
LV57,210,-1.50531528712917
LV57,210,-0.48647494574713857
LV57,210,-1.3327448564573114
LV57,210,0.13341619967610194
LV57,210,-1.0211879944131084
LV57,210,0.4486434508714163
LV57,210,0.6575074740267344
LV57,210,-0.5284737983352439
LV57,210,1.1533511123797766
LV57,210,1.1995362623292203
LV57,210,-2.043703751295501
LV57,210,-0.3983511477039369
LV57,210,0.5527947501515245
LV57,210,0.5220067227786234
LV57,210,-1.5165320136507152
LV57,210,0.2016044913245238
LV57,210,1.3220883374170445
LV57,210,-0.5586296971335972
LV57,210,0.24698829227467362
LV57,210,-0.6348010600539404
LV57,210,0.413221594892855
LV57,210,0.4157688183799246
LV57,210,0.007803357136741016
LV57,210,-1.4092347223751212
LV57,210,-0.08606885315022095
LV57,210,-0.8682996490532957
LV57,210,-0.5169189660541579
LV57,210,-1.059956831200769
LV57,210,0.7886046220809387
LV57,210,1.3743479607476978
LV57,210,0.21745891860226155
LV57,210,-0.7724669205494816
LV57,210,-1.5941590259299252
LV57,210,1.2425538069814057
LV57,210,-1.091241620116477
LV57,210,-0.48368288320327635
LV57,210,0.08967271987947907
LV57,210,0.40316085423434295
LV57,210,1.659916586630445
LV57,210,-0.1362726065571425
LV57,210,-2.0380410476145054
LV57,210,0.34248928172799803
LV57,210,1.2195731520499808
LV57,210,0.5932497502594832
LV57,210,1.6313368020279801
LV57,210,-1.8500924641804963
LV57,210,-1.4012899630541487
LV57,210,1.022345090175861
LV57,210,-0.40838154410586663
LV57,210,-0.8466595400829156
LV57,210,1.2768852616465896
LV57,210,-0.3275454126078142
LV57,210,1.97825760533772
LV57,210,1.2945162427586343
LV57,210,-0.8502715118860779
LV57,210,0.6908216886842886
LV57,210,-0.07371641370761697
LV57,210,-0.30155287612533394
LV57,210,0.16524522121086535
LV57,210,2.91654431466565
LV57,210,0.7271303974477153
LV57,210,-0.5069617868063016
LV57,210,1.3031534096129367
LV57,210,-0.5044056275872331
LV57,210,2.3251123586950957
LV57,210,0.06834329514106474
LV57,210,-0.2373054284498818
LV57,210,0.9446081311608376
LV57,210,-0.6022079775848735
LV57,210,1.199154017776823
LV57,210,0.21012901210730459
LV57,210,-0.2872644731127684
LV57,210,0.3434029603249719
LV57,210,0.49445836365833745
LV57,210,-0.4663873643633887
LV57,210,-0.5521982971073229
LV57,210,-0.1287448108306075
LV57,210,0.5595204522344319
LV57,210,1.5709257805738603
LV57,210,-1.0040538213841408
LV57,210,-0.2580617190610542
LV57,210,0.46451245456197876
LV57,210,-0.6754832883802082
LV57,210,-1.485916780995358
LV57,210,0.25471105450377807
LV57,210,0.10466453254540023
LV57,210,-1.2502379478524994
LV57,210,0.7883966056864277
LV57,210,1.0931141515385683
LV57,210,-1.1929822636802467
LV57,210,0.7553517847325577
LV57,210,0.8475771303039124
LV57,210,1.183214868590063
LV57,210,-1.5810657398401087
LV57,210,-0.2461308786238622
LV57,210,-2.280498694597345
LV57,210,-1.2128345374546705
LV57,210,-0.25699622610062667
LV57,210,0.4990966042816713
LV57,210,0.9515459265659809
LV57,210,0.08885379727391961
LV57,210,0.7052264609900433
LV57,210,-0.48807475824893337
LV57,210,-1.5622688132470721
LV57,210,0.005242320497288872
LV57,210,1.8626730183478297
LV57,210,0.7426660983346871
LV57,210,0.6747045043454878
LV57,210,-1.8559516236527285
LV57,210,-0.8071672534012793
LV57,210,-0.8927103189624125
LV57,210,0.061338388665382916
LV57,210,-0.5660488492519004
LV57,210,1.3228557213266854
LV57,210,0.17171094934090464
LV57,210,-0.8174926778880675
LV57,210,0.7308267746860606
LV57,210,-0.760955649961894
LV57,210,-0.4012595050765535
LV57,210,-2.368378603005279
LV57,210,-0.4444062082883509
LV57,210,0.6523457112048653
LV57,371,-0.6362908320677281
LV57,371,0.7513477387640678
LV57,371,0.10164062818806459
LV57,371,-1.8145517357462042
LV57,371,1.26696504604353
LV57,371,0.09096758314976003
LV57,371,-0.5911753122685178
LV57,371,-2.481088354437177
LV57,371,-1.0653683109141439
LV57,371,-0.5340926425046959
LV57,371,-0.06799250967953058
LV57,371,-1.345087123867634
LV57,371,0.20359042894281812
LV57,371,-0.05399914133204166
LV57,371,-0.07937327034113507
LV57,371,2.052727323933216
LV57,371,-0.6085029491862133
LV57,371,2.075132438036909
LV57,371,-0.7828523131453482
LV57,371,-0.4789646292449812
LV57,371,2.1553321185566228
LV57,371,-0.3960298419914733
LV57,371,-0.9036938380370002
LV57,371,1.0600882970175345
LV57,371,1.2908999068424867
LV57,371,-0.8708045645237141
LV57,371,0.7693650160033007
LV57,371,0.99815298234732
LV57,371,1.1030102298075364
LV57,371,-0.9058243272015509
LV57,371,-0.5746514526624733
LV57,371,1.3261064136464282
LV57,371,0.27975684424392394
LV57,371,-0.3032391714026016
LV57,371,-0.9331628004646388
LV57,371,1.0051628852008443
LV57,371,-1.0433539955420634
LV57,371,-0.4456420583709747
LV57,371,1.0183341714882135
LV57,371,0.1116863659271278
LV57,371,-0.15398031482758778
LV57,371,-0.5425388052670759
LV57,371,0.0511628113561886
LV57,371,1.3298235522897865
LV57,371,0.4437755231469343
LV57,371,0.7223205122371831
LV57,371,-0.7897687037183871
LV57,371,1.1256912153362915
LV57,371,-0.46434545774889197
LV57,371,-1.6955583276039854
LV57,371,1.1642324750979332
LV57,371,-0.47413271102453175
LV57,371,-0.22227867109376132
LV57,371,0.31466374463558117
LV57,371,0.3193313535191367
LV57,371,1.4302222423113693
LV57,371,-1.3170166646183725
LV57,371,-0.2740926325876385
LV57,371,0.7835702911325211
LV57,371,1.7856699666822682
LV57,371,1.8443014527121837
LV57,371,-1.5637757894133484
LV57,371,-1.2514104065753118
LV57,371,0.707628427676157
LV57,371,-0.7005559486093713
LV57,371,0.9072110403657702
LV57,371,-1.2848333221428816
LV57,371,-1.0535200908264286
LV57,371,1.1144658155899756
LV57,371,2.643106144321667
LV57,371,-1.0880172758801159
LV57,371,1.4625303018196123
LV57,371,-0.8791519122372509
LV57,371,-0.03221011713298406
LV57,371,1.4775369833111685
LV57,371,-0.31851272490945665
LV57,371,0.5330055632412741
LV57,371,-0.5306119614408076
LV57,371,0.2515534333745072
LV57,371,0.8625516606217501
LV57,371,0.8824516755692219
LV57,371,0.18173239227285692
LV57,371,0.1189073087637089
LV57,371,-0.7703582260691362
LV57,371,-0.12883038074613537
LV57,371,1.57582614030085
LV57,371,-0.7468553369388117
LV57,371,-0.6783987644205415
LV57,371,-2.5097635842201536
LV57,371,0.7788635233441606
LV57,371,-2.670345763297575
LV57,371,0.18438015629319868
LV57,371,-1.037027410478572
LV57,371,-0.309074052171187
LV57,371,0.8502869947593023
LV57,371,1.0810945510257495
LV57,371,0.9196883013500732
LV57,371,2.544393224756679
LV57,371,0.4518635195983727
LV57,371,2.2335646504736912
LV57,371,-1.5352860290525447
LV57,371,-1.5019043629042295
LV57,371,-0.15682565795746098
LV57,371,0.9320213678255372
LV57,371,0.678157655168934
LV57,371,-2.173766363201985
LV57,371,-0.08426277968525271
LV57,371,0.7273834068101936
LV57,371,-0.5764801939121333
LV57,371,1.425696609951811
LV57,371,-1.5025669030201632
LV57,371,-0.04877326311422711
LV57,371,0.9569250036131599
LV57,371,0.9812561443706384
LV57,371,0.4419480056130492
LV57,371,-0.2830826095416836
LV57,371,0.3953794762953107
LV57,371,0.5481419586049968
LV57,371,-0.6631633500553448
LV57,371,-0.016219236735178045
LV57,371,-1.4316705216810923
LV57,371,-1.975533636482765
LV57,371,-0.7046459636470525
LV57,371,0.4484066500039434
LV57,371,1.0915877353391836
LV57,371,2.6266463513352667
LV57,371,0.7976938577396718
LV57,371,-0.0557285576512851
LV57,371,-1.5095609740508464
LV57,371,1.2917194904828984
LV57,371,0.3341868296302251
LV57,371,0.0024615493949779366
LV57,371,0.10050649860527855
LV57,371,-0.9126556185400593
LV57,371,-1.0605122243071345
LV57,371,-0.0420142729827682
LV57,371,-0.08219385872063976
LV57,371,-0.5419694460086051
LV57,371,0.14660224023446902
LV57,371,-0.10726019771820186
LV57,371,0.816524090158868
LV57,371,-0.4802421120320109
LV57,371,-0.22242602686835333
LV57,371,1.3915855072251868
LV57,371,-0.9849293684663075
LV57,371,-1.2428045489042736
LV57,371,1.640263520331926
LV57,371,-0.11406502620307155
LV57,371,0.5045888689098784
LV57,371,-0.9452769492867426
LV57,371,2.7876011263721443
LV57,371,2.044368248943501
LV57,371,0.5763430750073355
LV57,371,-0.6051132819831024
LV57,371,-0.28760319407367
LV57,371,1.9449132732312728
LV57,371,-0.001816357002347425
LV57,371,-0.11339634201418353
LV57,371,-0.08572812833784792
LV57,371,0.849985425302962
LV57,371,-0.612826082079062
LV57,371,-1.2384849341942779
LV57,371,0.25752292287835943
LV57,371,-0.054815614694859544
LV57,371,0.8751078257794732
LV57,371,-0.6270857615721197
LV57,371,0.8508879156871411
LV57,371,1.0150687369303601
LV57,371,-1.212463459540126
LV57,371,0.6798924762328502
LV57,371,1.0591955198773204
LV57,371,-0.702638534400141
LV57,371,0.17936952458141903
LV57,371,-2.5558406386896944
LV57,371,1.7341607359104845
LV57,371,0.17031231974197591
LV57,371,-1.7245484347523574
LV57,371,-1.1711442374984808
LV57,371,-0.8809731072396307
LV57,371,-0.41597029054768225
LV57,371,-0.2421036569677685
LV57,371,0.22693543324406878
LV57,371,1.1866756773551284
LV57,371,1.1517237289264983
LV57,371,-0.40898598374912165
LV57,371,0.2538140443164835
LV57,371,-0.2802906000243445
LV57,371,-0.16063753259707964
LV57,371,0.1267887266958539
LV57,371,0.5242022794251762
LV57,371,1.4867984976969058
LV57,371,0.16523830975067413
LV57,371,-2.0741433560173808
LV57,371,0.9671166949524899
LV57,371,2.129224524904794
LV57,371,-0.0036150917214377736
LV57,371,0.6671004653535445
LV57,371,-0.484454371176814
LV57,371,0.46748812656822714
LV57,371,1.2835095813473603
LV246,93,1.5918049839970763
LV246,93,0.33818208554288737
LV246,93,0.8232213782545352
LV246,93,0.0034391535368966087
LV246,93,0.12823389120072784
LV246,93,0.8126360507363535
LV246,93,0.1841687859184005
LV246,93,-0.3095591397210893
LV246,93,-0.5277032875262702
LV246,93,0.11261862185488272
LV246,93,-1.1411147047552606
LV246,93,-1.0085608722673316
LV246,93,0.4839023520067801
LV246,93,0.9974406034212369
LV246,93,-0.881609751822407
LV246,93,1.1999828303388775
LV246,93,-1.6829844523942208
LV246,93,0.2890051512686892
LV246,93,-0.8826133131954773
LV246,93,-0.8762545930079979
LV246,93,0.8006636970398582
LV246,93,-0.25499428223460113
LV246,93,0.5943062380096685
LV246,93,0.018228031957611034
LV246,93,1.1202100158954982
LV246,93,1.5283464127216662
LV246,93,0.13300535833378438
LV246,93,-0.31110998788896077
LV246,93,0.962229797131216
LV246,93,-0.33932256148409906
LV246,93,0.1923465369381462
LV246,93,-0.09460891396433006
LV246,93,0.5561878947790502
LV246,93,-1.4219492807292184
LV246,93,0.13815422279088985
LV246,93,0.14818862302567673
LV246,93,-0.44250493148782605
LV246,93,-0.5116135411588034
LV246,93,-0.520924697647073
LV246,93,0.24150526876906872
LV246,93,0.35047116175248705
LV246,93,0.5790550175295675
LV246,93,0.5006401053552144
LV246,93,-1.1426145860818988
LV246,93,0.7541685894096084
LV246,93,0.29938054394097363
LV246,93,2.121241249376378
LV246,93,0.9407885324380876
LV246,93,-0.40853553182991337
LV246,93,0.15625230540079754
LV246,93,0.4619429244281376
LV246,93,-1.9904225059768712
LV246,93,-0.004208299635100095
LV246,93,0.6488286231284878
LV246,93,-0.4778504358581176
LV246,93,1.4944631712953147
LV246,93,-1.1764844790499454
LV246,93,1.309847924020606
LV246,93,0.20671311867469588
LV246,93,-1.6814190422717443
LV246,93,-0.17157248466075445
LV246,93,0.20076334671299959
LV246,93,-0.47009012753771945
LV246,93,-0.9485753271705958
LV246,93,-0.6528511525897571
LV246,93,0.06442340602180865
LV246,93,-0.019859973867496567
LV246,93,1.0798709745841715
LV246,93,0.10388508956684815
LV246,93,0.597064514915467
LV246,93,0.23311879639972605
LV246,93,-0.058032924428018745
LV246,93,1.4816450107341896
LV246,93,0.765654331122247
LV246,93,-0.2812276434965857
LV246,93,-1.0937834982301688
LV246,93,-0.39557781920362345
LV246,93,0.1919861285611495
LV246,93,0.6551618598953505
LV246,93,-1.427970648967794
LV246,93,0.8241145114716512
LV246,93,-1.2429161160617914
LV246,93,1.1474797029285106
LV246,93,-0.2038199331839735
LV246,93,0.1958583949958958
LV246,93,0.018609069770407285
LV246,93,-0.5958556621766633
LV246,93,-1.0308673597645892
LV246,93,1.0549494027349506
LV246,93,-1.8776595833243332
LV246,93,0.19814462187244275
LV246,93,0.45198740144757094
LV246,93,-0.035670616104633825
LV246,93,-0.48791396000211484
LV246,93,-0.6180856994122245
LV246,93,-0.23058359229363026
LV246,93,-0.3383372025542276
LV246,93,-0.47654592742269475
LV246,93,-0.06944221587888419
LV246,93,-0.34648461616846266
LV246,93,-0.6598833631788208
LV246,93,2.0243460032831746
LV246,93,0.7629700774858517
LV246,93,-0.4878435772213823
LV246,93,-2.643359922050593
LV246,93,2.714542607264426
LV246,93,1.9150294098924707
LV246,93,-0.08080660796963376
LV246,93,0.9843324172637706
LV246,93,0.26422434498085673
LV246,93,-0.8379748547802687
LV246,93,-1.1144578333128878
LV246,93,0.04710317448832212
LV246,93,-0.9314189176266673
LV246,93,0.9174578541319601
LV246,93,-0.04645010301780735
LV246,93,-1.0912861230115012
LV246,93,0.8245902019894963
LV246,93,-0.7096476296229651
LV246,93,0.2583267533566173
LV246,93,-0.7426389513284242
LV246,93,1.4925531282465931
LV246,93,-0.05278212628844656
LV246,93,2.0710777426761617
LV246,93,-0.7481737075832199
LV246,93,-0.6419527430471416
LV246,93,1.129381620318603
LV246,93,0.016638351910741186
LV246,93,1.3983870351499008
LV246,93,-0.9793556587650576
LV246,93,-0.048469360726259826
LV246,93,-0.0737367789978721
LV246,93,0.41660913267939853
LV246,93,-0.3304846685212276
LV246,93,-0.2635069582108038
LV246,93,3.3404506085565435
LV246,93,0.22848930832428127
LV246,93,-1.7983964372929033
LV246,93,0.13160983768190632
LV246,93,-1.415694921216576
LV246,93,-0.1519429698225513
LV246,93,-1.0869369525626094
LV246,93,-1.3612344244049248
LV246,93,0.03596813318289218
LV246,93,0.20364418673683374
LV246,93,0.8858681205594199
LV246,93,-0.7817086755947328
LV246,93,0.7037029221508161
LV246,93,-0.5882239844554953
LV246,93,1.7321664511579662
LV246,93,0.7615005335647242
LV246,93,-1.081106103230432
LV246,93,0.37397172952928986
LV246,93,0.287428819680201
LV246,93,0.8200687150776358
LV246,93,0.7710750187324947
LV246,93,-0.640744100812991
LV246,93,0.33372855441923555
LV246,93,1.3263150677121984
LV246,93,-0.440367964646155
LV246,93,-0.17314032177567812
LV246,93,0.48127513269265876
LV246,93,0.7536067406602021
LV246,93,0.3226056480760406
LV246,93,-0.6345382811491349
LV246,93,1.9820520195630105
LV246,93,-0.760169117707808
LV246,93,-0.8971861892891769
LV246,93,-1.2220561160575685
LV246,93,-0.23979402859565663
LV246,93,0.7349237528727951
LV246,93,0.18861382256856468
LV246,93,0.22815438336782437
LV246,93,0.9096186685573419
LV246,93,0.15983940022409682
LV246,93,-0.1016204951175942
LV246,93,-1.4556553517076303
LV246,93,0.7372269686963943
LV246,93,-1.5876424814613357
LV246,93,-0.01857488137164976
LV246,93,0.8087795597524359
LV246,93,0.8812993072949196
LV246,93,-1.138059121275857
LV246,93,-1.2890544558037151
LV246,93,-0.8046995749595861
LV246,93,-0.4918869466230275
LV246,93,0.6151613840290743
LV246,93,0.863049537657689
LV246,93,-0.7525337994979695
LV246,93,-1.138294539542371
LV246,93,-1.754257939319856
LV246,93,0.25254444387314945
LV246,93,-0.7794539996198432
LV246,93,-0.1450418168251647
LV246,93,1.3758062975071308
LV246,93,0.4030919982961492
LV246,93,-0.8144706465147954
LV246,93,0.5110676783648789
LV246,93,0.6841741274987793
LV246,93,-1.073990161402331
LV246,79,1.973792583588294
LV246,79,-1.2486806097520629
LV246,79,-1.2896198859349337
LV246,79,0.7160544779149153
LV246,79,1.3677815995405533
LV246,79,-0.29835908679270023
LV246,79,-0.7077605161736568
LV246,79,0.41832336478512155
LV246,79,0.758962328564397
LV246,79,0.9112487946506108
LV246,79,1.235782059544383
LV246,79,-2.0302636123518534
LV246,79,-0.8737063511988632
LV246,79,-0.15038906172608596
LV246,79,0.09207947177965096
LV246,79,-0.9325403090512664
LV246,79,-0.11601528302017915
LV246,79,-0.7508524656328954
LV246,79,0.6226217317002382
LV246,79,-0.07985425504069962
LV246,79,-0.9126035520720592
LV246,79,-0.603719032709276
LV246,79,-0.4971511311155871
LV246,79,-0.7347613282351574
LV246,79,-1.2618244326833221
LV246,79,-0.052432199939937266
LV246,79,0.31452422608159203
LV246,79,-0.25993548097435354
LV246,79,-0.9460492092832187
LV246,79,-1.0302874160730178
LV246,79,-1.255731836857014
LV246,79,-2.325897871241768
LV246,79,0.6603380652551318
LV246,79,1.2664041749351789
LV246,79,0.24141376957013103
LV246,79,2.052017936032469
LV246,79,-0.31618928187351814
LV246,79,-1.4514042557747229
LV246,79,-1.1721398827628549
LV246,79,-0.3561723536923626
LV246,79,0.9974347737816245
LV246,79,0.7326500668535004
LV246,79,0.008639373200864036
LV246,79,0.8269835450978065
LV246,79,-0.04368490621105278
LV246,79,-0.09223221305530949
LV246,79,0.020696978484383715
LV246,79,-1.0592585361115743
LV246,79,-0.9780914164343582
LV246,79,0.5562830604092374
LV246,79,0.989351067852864
LV246,79,0.2959146447026219
LV246,79,0.0931549416626068
LV246,79,0.1609983000238793
LV246,79,-1.275697716811785
LV246,79,0.9723616253401246
LV246,79,-0.5676592417400483
LV246,79,0.3084798218457877
LV246,79,-0.3946639131203468
LV246,79,-0.76547358616933
LV246,79,-0.1401977537926516
LV246,79,1.6078356996920289
LV246,79,0.5627712433201559
LV246,79,-1.5284255118605827
LV246,79,-0.10405614113020352
LV246,79,-0.427025779598405
LV246,79,-2.2274871764199036
LV246,79,-0.2542301513824994
LV246,79,-1.211028069381712
LV246,79,-0.23580570891954883
LV246,79,-0.3503186356060264
LV246,79,-0.35737124951934246
LV246,79,-0.9590845144603325
LV246,79,0.959807542663834
LV246,79,1.1492466047067265
LV246,79,1.9530109136159246
LV246,79,0.4215615623050466
LV246,79,0.08268523195095513
LV246,79,-0.915590043874692
LV246,79,0.46168990229957413
LV246,79,-0.8124031810619836
LV246,79,-1.1626256840110472
LV246,79,-0.044346413798640454
LV246,79,1.8506114112494445
LV246,79,0.1576755071940151
LV246,79,0.4027085960589406
LV246,79,0.612949090093336
LV246,79,-0.072051377804784
LV246,79,0.936045968228532
LV246,79,0.6512035052918043
LV246,79,-0.12201669619683694
LV246,79,1.250794606740355
LV246,79,-0.8421883576076935
LV246,79,0.9334318344704747
LV246,79,-0.46207112025250097
LV246,79,-1.5194989731512074
LV246,79,1.0028519939367402
LV246,79,0.9592074013461616
LV246,79,-0.2078632539817982
LV246,79,1.6482954868845325
LV246,79,-0.35018203498259093
LV246,79,-0.5516811292236307
LV246,79,-0.7513676649385265
LV246,79,0.7536934969037634
LV246,79,-1.0608138416869883
LV246,79,0.829654191296524
LV246,79,-0.5665775312194725
LV246,79,2.0359947522443576
LV246,79,-1.0882053870038333
LV246,79,-0.8435606044796244
LV246,79,0.12351356346505298
LV246,79,0.22665154128308607
LV246,79,-0.3946639131203468
LV246,79,-0.9354186298018559
LV246,79,0.47630166187958967
LV246,79,0.15819001309546366
LV246,79,-0.37625333874099015
LV246,79,-0.6881444586276311
LV246,79,2.062193642371853
LV246,79,-0.8690269130910961
LV246,79,-0.4060364350741637
LV246,79,-0.3518458583121506
LV246,79,0.10601550898639377
LV246,79,-0.7879967407394177
LV246,79,-2.1304508086825065
LV246,79,-0.2870132608998084
LV246,79,-1.1436451313958553
LV246,79,1.171947964151031
LV246,79,-0.9611397644494298
LV246,79,1.1146665382573124
LV246,79,-0.3117494149098945
LV246,79,0.04011021530780357
LV246,79,-0.24415568205336688
LV246,79,-0.625232590793487
LV246,79,-0.5393406150347407
LV246,79,-0.10309854995782321
LV246,79,-0.5958218525049
LV246,79,0.502799409208597
LV246,79,0.22050590003701892
LV246,79,-0.1575307780765161
LV246,79,-0.9800204668627236
LV246,79,-0.36723735089242054
LV246,79,-0.4367896038549466
LV246,79,-0.11947606328184371
LV246,79,-0.8558886373932854
LV246,79,-0.7891689405054615
LV246,79,-1.4387211999209815
LV246,79,1.6689856275051602
LV246,79,1.413157969070329
LV246,79,1.1030520182447245
LV246,79,-1.6860952212971043
LV246,79,0.34640209644210823
LV246,79,1.5726534117124171
LV246,79,1.117441888487183
LV246,79,2.8309188512645758
LV246,79,-1.6413886802050837
LV246,79,-1.8271752357305806
LV246,79,-0.5065363566899331
LV246,79,-0.26228681454824354
LV246,79,-0.11248238872381539
LV246,79,1.5905657751885358
LV246,79,-0.1382721703851983
LV246,79,0.6671351597281743
LV246,79,0.36753393552530284
LV246,79,-0.19502383548549876
LV246,79,0.328334063727603
LV246,79,-0.7862805653942705
LV246,79,0.23803169068287688
LV246,79,0.06996057184642121
LV246,79,-0.6137737400192749
LV246,79,0.7011275661351558
LV246,79,-1.3144416753612327
LV246,79,-0.6827303587913144
LV246,79,0.2756682827570975
LV246,79,0.4561939807700371
LV246,79,-0.2373325849235818
LV246,79,1.4868921426415664
LV246,79,-0.23828878928760822
LV246,79,0.40939925299037383
LV246,79,-1.2839679484649298
LV246,79,0.5031533920424147
LV246,79,1.5667067774659744
LV246,79,-1.613268367095207
LV246,79,1.252230646796829
LV246,79,-1.0502921266618515
LV246,79,0.6278714947459205
LV246,79,0.40024735792254024
LV246,79,1.1880685712264132
LV246,79,-0.20411332417714342
LV246,79,-1.2800186649585592
LV246,79,0.3480822147699003
LV246,79,-2.3253126381139633
LV246,79,-0.3329675828134844
LV246,79,1.1089896382368394
LV246,79,0.842928720915679
LV246,79,-1.352298076560463
LV246,79,0.8451413736536082
LV246,79,-1.3385478716739223
LV246,79,0.07827240775035878
LV246,79,-0.5338197309547237
LV57,224,1.4522583133421185
LV57,224,0.17732179451176006
LV57,224,0.7677407779325928
LV57,224,-0.5106121085117166
LV57,224,1.328566448964742
LV57,224,1.3438173296129392
LV57,224,0.0024101432541895305
LV57,224,0.13917557450288306
LV57,224,-0.12481692449522999
LV57,224,-0.3304040694436957
LV57,224,-0.5269134342557421
LV57,224,-0.32468256814811275
LV57,224,-1.3535416764835086
LV57,224,-1.3535416764835086
LV57,224,-1.3535416764835086
LV57,224,-0.46951757159442165
LV57,224,-1.3535416764835086
LV57,224,-0.2599940286207968
LV57,224,-0.005266868405281365
LV57,224,-0.6297931728638491
LV57,224,1.3459900929778748
LV57,224,-1.3535416764835086
LV57,224,-0.09670447950144266
LV57,224,-1.3535416764835086
LV57,224,-0.31733691981999274
LV57,224,1.3999440940506314
LV57,224,-1.3535416764835086
LV57,224,-0.20676088864026512
LV57,224,1.0810374570594496
LV57,224,-1.3535416764835086
LV57,224,0.7677407779325928
LV57,224,-1.3535416764835086
LV57,224,0.46517017816116785
LV57,224,1.062940818787432
LV57,224,0.17732179451176006
LV57,224,1.3922670823911607
LV57,224,-0.4204747484594197
LV57,224,0.04399227431293337
LV57,224,1.111956106096308
LV57,224,1.3922670823911607
LV57,224,-0.3582401060811555
LV57,224,-0.6210609323421467
LV57,224,-1.3535416764835086
LV57,224,1.0087291360536585
LV57,224,-0.6919525584291832
LV57,224,-1.3535416764835086
LV57,224,0.13917557450288306
LV57,224,1.2067904246932748
LV57,224,-1.3535416764835086
LV57,224,-0.5269134342557421
LV57,224,-1.3535416764835086
LV57,224,-1.3535416764835086
LV57,224,-0.13447050675848626
LV57,224,2.0565108407676327
LV57,224,-1.3535416764835086
LV57,224,-0.40767829000780625
LV57,224,-1.3535416764835086
LV57,224,0.7677407779325928
LV57,224,-1.3535416764835086
LV57,224,0.46838813614661107
LV57,224,-0.32468256814811275
LV57,224,-1.3535416764835086
LV57,224,1.4880012741194815
LV57,224,1.3223853560627536
LV57,224,-0.4197903781706736
LV57,224,0.04399227431293337
LV57,224,-1.3535416764835086
LV57,224,-0.6869017761865126
LV57,224,-0.39375502121375566
LV57,224,1.4915467450877067
LV57,224,-1.3535416764835086
LV57,224,-0.5269134342557421
LV57,224,-0.49178810439193793
LV57,224,-0.32468256814811275
LV57,224,0.04399227431293337
LV57,224,0.8699740080128774
LV57,224,0.6615238372106481
LV57,224,-1.3535416764835086
LV57,224,-0.35196730487689887
LV57,224,2.1231349388526177
LV57,224,-0.5625224495738123
LV57,224,-0.6297931728638491
LV57,224,-0.5269134342557421
LV57,224,1.0671298813527463
LV57,224,0.941186263126165
LV57,224,0.6673725166862213
LV57,224,0.08721127022221356
LV57,224,0.44608878407344554
LV57,224,0.9103081594265056
LV57,224,-1.3535416764835086
LV57,224,-1.3535416764835086
LV57,224,-1.3535416764835086
LV57,224,0.2608168949130669
LV57,224,-1.3535416764835086
LV57,224,-1.3535416764835086
LV57,224,0.04399227431293337
LV57,224,-0.04719459741735683
LV57,224,-0.9773932491123614
LV57,224,-0.39375502121375566
LV57,224,-0.40767829000780625
LV57,224,-1.3535416764835086
LV57,224,0.941186263126165
LV57,224,-1.3535416764835086
LV57,224,0.04399227431293337
LV57,224,1.0989622297726362
LV57,224,0.604180946011452
LV57,224,1.8199887703088147
LV57,224,0.8150566030573867
LV57,224,-0.541288068911529
LV57,224,-1.3535416764835086
LV57,224,-0.16765135225657585
LV57,224,0.13917557450288306
LV57,224,-1.3535416764835086
LV57,224,-0.5180854600673589
LV57,224,2.386544110042601
LV57,224,1.3483870516390042
LV57,224,0.6134341503621974
LV57,224,0.22905029411191558
LV57,224,0.3978666102310692
LV57,224,-0.0801992602991297
LV57,224,-0.14488109088575823
LV57,224,0.9655101401443781
LV57,224,1.1712414981483192
LV57,224,0.23964557829324684
LV57,224,-0.5269134342557421
LV57,224,0.2641057926539542
LV57,224,0.04399227431293337
LV57,224,0.04399227431293337
LV57,224,1.0989622297726362
LV57,224,-1.0184946116475733
LV57,224,-1.3535416764835086
LV57,224,0.04399227431293337
LV57,224,0.40615349376834686
LV57,224,0.04399227431293337
LV57,224,-1.3535416764835086
LV57,224,0.04399227431293337
LV57,224,0.0024101432541895305
LV57,224,0.34930298047700326
LV57,224,-0.6210609323421467
LV57,224,0.5806974950762391
LV57,224,1.0455666459195432
LV57,224,-1.3535416764835086
LV57,224,-0.31649649373699257
LV57,224,-1.3535416764835086
LV57,224,0.04399227431293337
LV57,224,-1.3535416764835086
LV57,224,-1.3535416764835086
LV57,224,-0.3582401060811555
LV57,224,1.2930476834835734
LV57,224,-0.32468256814811275
LV57,224,-0.04546334068827771
LV57,224,-1.0333891308680316
LV57,224,0.7861693045834934
LV57,224,1.3999440940506314
LV57,224,0.1469887484890041
LV57,224,-0.456347687670277
LV57,224,-0.28592682629311694
LV57,224,-1.3535416764835086
LV57,224,-0.31649649373699257
LV57,224,-1.3535416764835086
LV57,224,0.7281210411942685
LV57,224,1.7518253495370293
LV57,224,0.04399227431293337
LV57,224,1.0429815452260887
LV57,224,-0.39375502121375566
LV57,224,0.6817471513420083
LV57,224,0.8439616948087563
LV57,224,1.350339353379085
LV57,224,-1.3535416764835086
LV57,224,-0.4197903781706736
LV57,224,0.04399227431293337
LV57,224,-0.2599940286207968
LV57,224,-0.040458937644273205
LV57,224,-1.0184946116475733
LV57,224,-1.3535416764835086
LV57,224,0.856245881884913
LV57,224,-0.05425117790976498
LV57,224,-0.4058230053839291
LV57,224,-0.31649649373699257
LV57,224,-1.3535416764835086
LV57,224,-1.3535416764835086
LV57,224,2.5729142819628406
LV57,224,-1.3535416764835086
LV57,224,-1.3535416764835086
LV57,224,0.7805652972578646
LV57,224,0.04399227431293337
LV57,224,0.991710945412513
LV57,224,-0.005266868405281365
LV57,224,-1.3535416764835086
LV57,224,-0.5094008821938454
LV57,224,0.4635493564296674
LV57,224,-1.3535416764835086
LV57,224,-1.3535416764835086
LV57,224,1.7754622893674503
LV57,224,-1.3535416764835086
LV57,224,2.19829864335365
LV57,224,-1.0184946116475733
LV57,224,-0.0896915946314259
LV57,224,0.3325027429002817
LV57,224,-1.3535416764835086
LV246,57,0.01831217260108425
LV246,57,-0.9204966336908676
LV246,57,0.3710142518328265
LV246,57,-1.3003467287920756
LV246,57,0.5057240626320346
LV246,57,1.0293725521757864
LV246,57,-1.3003467287920756
LV246,57,0.7934143299929661
LV246,57,0.9570218701129544
LV246,57,-1.3003467287920756
LV246,57,-0.7077193767132992
LV246,57,-0.4479186671409759
LV246,57,2.2315307793866372
LV246,57,-0.42304807077210144
LV246,57,-0.20718336319447825
LV246,57,0.5656975234842829
LV246,57,-0.33026836967344464
LV246,57,-0.7004786512081687
LV246,57,-0.6237015473572566
LV246,57,0.05283951201288478
LV246,57,2.1933754416041955
LV246,57,0.34637681176137414
LV246,57,-0.5226800835109139
LV246,57,-1.3003467287920756
LV246,57,-0.037638050235751806
LV246,57,-0.4476278195069768
LV246,57,1.639308462139457
LV246,57,-0.6225545078417868
LV246,57,-0.1711653814537722
LV246,57,-0.3357969813617278
LV246,57,-1.3003467287920756
LV246,57,-0.1711653814537722
LV246,57,1.6609571361899322
LV246,57,-1.3003467287920756
LV246,57,0.3950698423813694
LV246,57,0.887526022244942
LV246,57,-1.3003467287920756
LV246,57,-0.37112440243125594
LV246,57,-1.3003467287920756
LV246,57,0.23177042644537127
LV246,57,0.2940483785350267
LV246,57,0.8918083699464905
LV246,57,-0.1619368500427645
LV246,57,1.7344909148535943
LV246,57,-0.5226800835109139
LV246,57,-1.3003467287920756
LV246,57,-1.3003467287920756
LV246,57,0.8795247429029333
LV246,57,-1.3003467287920756
LV246,57,-1.3003467287920756
LV246,57,-1.3003467287920756
LV246,57,-0.2618223035997477
LV246,57,-0.7004786512081687
LV246,57,2.20044729654591
LV246,57,1.2152046384913717
LV246,57,-1.3003467287920756
LV246,57,-1.3003467287920756
LV246,57,0.6879528699264075
LV246,57,1.4065010121975066
LV246,57,0.8744560807944314
LV246,57,-1.3003467287920756
LV246,57,-1.3003467287920756
LV246,57,0.4128580559108785
LV246,57,0.24804987269397524
LV246,57,-1.3003467287920756
LV246,57,0.5416395419846248
LV246,57,1.3342982991576997
LV246,57,0.11763798934228961
LV246,57,0.0063325819863856575
LV246,57,0.615729795238397
LV246,57,-0.3276483500163368
LV246,57,0.7343057764246392
LV246,57,-1.3003467287920756
LV246,57,0.2865471550495641
LV246,57,1.4462547008002038
LV246,57,-0.31738330273332815
LV246,57,-1.3003467287920756
LV246,57,-0.4891147548492785
LV246,57,0.01831217260108425
LV246,57,-0.9204966336908676
LV246,57,-1.3003467287920756
LV246,57,-0.1619368500427645
LV246,57,0.01831217260108425
LV246,57,-0.4476278195069768
LV246,57,-0.20718336319447825
LV246,57,-0.9356650589456347
LV246,57,0.5020677584852918
LV246,57,1.2732085726446531
LV246,57,-0.31738330273332815
LV246,57,-0.6225545078417868
LV246,57,-0.21759734359370342
LV246,57,-1.3003467287920756
LV246,57,-0.1619368500427645
LV246,57,1.609745778462664
LV246,57,1.5775696309624647
LV246,57,-0.2713339698992229
LV246,57,-1.3003467287920756
LV246,57,-1.3003467287920756
LV246,57,0.2889442377970792
LV246,57,-0.15711653834038225
LV246,57,0.20274481980367617
LV246,57,0.7815670129641356
LV246,57,0.9076054610895439
LV246,57,-0.42304807077210144
LV246,57,0.01831217260108425
LV246,57,0.5158553709075241
LV246,57,-0.3825968028997921
LV246,57,-0.3825968028997921
LV246,57,-0.3276483500163368
LV246,57,-0.15711653834038225
LV246,57,0.4905953580167557
LV246,57,-1.3003467287920756
LV246,57,0.1992537226662218
LV246,57,1.481756429918748
LV246,57,-1.3003467287920756
LV246,57,-1.3003467287920756
LV246,57,0.67386446042844
LV246,57,-1.3003467287920756
LV246,57,0.28241709550853855
LV246,57,1.358765943136272
LV246,57,0.11763798934228961
LV246,57,-0.7809628861988772
LV246,57,-1.3003467287920756
LV246,57,-1.3003467287920756
LV246,57,1.0030712029470596
LV246,57,0.8114154152991492
LV246,57,1.1114755381986814
LV246,57,-0.37112440243125594
LV246,57,-0.6225545078417868
LV246,57,-1.3003467287920756
LV246,57,-1.3003467287920756
LV246,57,-1.3003467287920756
LV246,57,-1.3003467287920756
LV246,57,0.4354058818354357
LV246,57,0.0591470724361388
LV246,57,-1.3003467287920756
LV246,57,-0.15711653834038225
LV246,57,1.8364854958036678
LV246,57,-1.3003467287920756
LV246,57,-0.5634838238540206
LV246,57,-1.3003467287920756
LV246,57,0.8784532111662187
LV246,57,-0.43029404094419355
LV246,57,-0.4479186671409759
LV246,57,0.16957928130667488
LV246,57,-0.26493416503941014
LV246,57,0.7338062218965531
LV246,57,-0.33026836967344464
LV246,57,-0.2618223035997477
LV246,57,-0.7656760317364713
LV246,57,1.013498217886233
LV246,57,0.3408958262767491
LV246,57,-0.3276483500163368
LV246,57,-0.5634838238540206
LV246,57,0.01831217260108425
LV246,57,-0.42715456787552775
LV246,57,-1.3003467287920756
LV246,57,-1.3003467287920756
LV246,57,-0.1711653814537722
LV246,57,-0.26493416503941014
LV246,57,0.6811527735735011
LV246,57,-0.6534651866188772
LV246,57,-1.3003467287920756
LV246,57,-1.3003467287920756
LV246,57,-0.059200534354910544
LV246,57,-0.24812354200604014
LV246,57,-1.3003467287920756
LV246,57,0.9091980659143782
LV246,57,0.0063325819863856575
LV246,57,-1.3003467287920756
LV246,57,0.5970469032272143
LV246,57,-0.5458962188357902
LV246,57,-0.19522336295343012
LV246,57,0.7116294561595244
LV246,57,1.4429490566290581
LV246,57,0.21492193383144076
LV246,57,-1.3003467287920756
LV246,57,0.0455559422063257
LV246,57,-1.3003467287920756
LV246,57,0.8810578053322633
LV246,57,0.29606248490316694
LV246,57,-0.3652071069319043
LV246,57,1.722428643606796
LV246,57,-0.059200534354910544
LV246,57,-0.10380218485272155
LV246,57,-0.14172529186720512
LV246,57,1.001321180985924
LV246,57,0.9738547058534556
LV246,57,0.01831217260108425
LV246,57,1.241338659705789
LV246,57,-0.31738330273332815
LV246,57,-0.15711653834038225
LV246,57,-0.7656760317364713
LV246,57,-0.8601123148841476
LV246,57,1.3293402378201216
LV246,57,-1.3003467287920756
LV246,57,-0.7809628861988772
LV246,57,1.4885317683584973
LV246,57,1.6269264204629157
LV246,57,-0.6225545078417868
LV603,441,-0.14482773023021592
LV603,441,-0.14482773023021592
LV603,441,-0.14482773023021592
LV603,441,-0.14482773023021592
LV603,441,-0.14482773023021592
LV603,441,-0.14482773023021592
LV603,441,-0.14482773023021592
LV603,441,-0.14482773023021592
LV603,441,-0.14482773023021592
LV603,441,-0.14482773023021592
LV603,441,-0.14482773023021592
LV603,441,-0.14482773023021592
LV603,441,-0.14482773023021592
LV603,441,-0.14482773023021592
LV603,441,-0.14482773023021592
LV603,441,-0.14482773023021592
LV603,441,-0.14482773023021592
LV603,441,-0.14482773023021592
LV603,441,-0.14482773023021592
LV603,441,-0.14482773023021592
LV603,441,-0.14482773023021592
LV603,441,-0.14482773023021592
LV603,441,-0.14482773023021592
LV603,441,-0.14482773023021592
LV603,441,-0.14482773023021592
LV603,441,-0.14482773023021592
LV603,441,-0.14482773023021592
LV603,441,-0.14482773023021592
LV603,441,-0.14482773023021592
LV603,441,-0.14482773023021592
LV603,441,-0.14482773023021592
LV603,441,-0.14482773023021592
LV603,441,-0.14482773023021592
LV603,441,-0.14482773023021592
LV603,441,-0.14482773023021592
LV603,441,-0.14482773023021592
LV603,441,-0.14482773023021592
LV603,441,-0.14482773023021592
LV603,441,-0.14482773023021592
LV603,441,-0.14482773023021592
LV603,441,-0.14482773023021592
LV603,441,-0.14482773023021592
LV603,441,-0.14482773023021592
LV603,441,-0.14482773023021592
LV603,441,-0.14482773023021592
LV603,441,-0.14482773023021592
LV603,441,-0.14482773023021592
LV603,441,-0.14482773023021592
LV603,441,-0.14482773023021592
LV603,441,-0.14482773023021592
LV603,441,-0.14482773023021592
LV603,441,-0.14482773023021592
LV603,441,-0.14482773023021592
LV603,441,7.038821639178723
LV603,441,-0.14482773023021592
LV603,441,-0.14482773023021592
LV603,441,-0.14482773023021592
LV603,441,-0.14482773023021592
LV603,441,-0.14482773023021592
LV603,441,-0.14482773023021592
LV603,441,-0.14482773023021592
LV603,441,-0.14482773023021592
LV603,441,-0.14482773023021592
LV603,441,-0.14482773023021592
LV603,441,-0.14482773023021592
LV603,441,-0.14482773023021592
LV603,441,-0.14482773023021592
LV603,441,-0.14482773023021592
LV603,441,-0.14482773023021592
LV603,441,-0.14482773023021592
LV603,441,-0.14482773023021592
LV603,441,-0.14482773023021592
LV603,441,-0.14482773023021592
LV603,441,-0.14482773023021592
LV603,441,-0.14482773023021592
LV603,441,-0.14482773023021592
LV603,441,-0.14482773023021592
LV603,441,-0.14482773023021592
LV603,441,-0.14482773023021592
LV603,441,-0.14482773023021592
LV603,441,6.835771891871079
LV603,441,-0.14482773023021592
LV603,441,-0.14482773023021592
LV603,441,-0.14482773023021592
LV603,441,-0.14482773023021592
LV603,441,-0.14482773023021592
LV603,441,-0.14482773023021592
LV603,441,-0.14482773023021592
LV603,441,-0.14482773023021592
LV603,441,6.835771891871079
LV603,441,-0.14482773023021592
LV603,441,-0.14482773023021592
LV603,441,-0.14482773023021592
LV603,441,-0.14482773023021592
LV603,441,-0.14482773023021592
LV603,441,-0.14482773023021592
LV603,441,-0.14482773023021592
LV603,441,-0.14482773023021592
LV603,441,-0.14482773023021592
LV603,441,-0.14482773023021592
LV603,441,-0.14482773023021592
LV603,441,-0.14482773023021592
LV603,441,-0.14482773023021592
LV603,441,-0.14482773023021592
LV603,441,-0.14482773023021592
LV603,441,-0.14482773023021592
LV603,441,-0.14482773023021592
LV603,441,-0.14482773023021592
LV603,441,-0.14482773023021592
LV603,441,-0.14482773023021592
LV603,441,-0.14482773023021592
LV603,441,-0.14482773023021592
LV603,441,-0.14482773023021592
LV603,441,-0.14482773023021592
LV603,441,-0.14482773023021592
LV603,441,-0.14482773023021592
LV603,441,-0.14482773023021592
LV603,441,-0.14482773023021592
LV603,441,-0.14482773023021592
LV603,441,-0.14482773023021592
LV603,441,-0.14482773023021592
LV603,441,-0.14482773023021592
LV603,441,-0.14482773023021592
LV603,441,-0.14482773023021592
LV603,441,-0.14482773023021592
LV603,441,-0.14482773023021592
LV603,441,-0.14482773023021592
LV603,441,-0.14482773023021592
LV603,441,-0.14482773023021592
LV603,441,-0.14482773023021592
LV603,441,-0.14482773023021592
LV603,441,-0.14482773023021592
LV603,441,-0.14482773023021592
LV603,441,-0.14482773023021592
LV603,441,-0.14482773023021592
LV603,441,-0.14482773023021592
LV603,441,-0.14482773023021592
LV603,441,-0.14482773023021592
LV603,441,-0.14482773023021592
LV603,441,-0.14482773023021592
LV603,441,-0.14482773023021592
LV603,441,-0.14482773023021592
LV603,441,-0.14482773023021592
LV603,441,-0.14482773023021592
LV603,441,-0.14482773023021592
LV603,441,-0.14482773023021592
LV603,441,-0.14482773023021592
LV603,441,-0.14482773023021592
LV603,441,-0.14482773023021592
LV603,441,-0.14482773023021592
LV603,441,-0.14482773023021592
LV603,441,-0.14482773023021592
LV603,441,-0.14482773023021592
LV603,441,-0.14482773023021592
LV603,441,-0.14482773023021592
LV603,441,-0.14482773023021592
LV603,441,-0.14482773023021592
LV603,441,-0.14482773023021592
LV603,441,-0.14482773023021592
LV603,441,-0.14482773023021592
LV603,441,-0.14482773023021592
LV603,441,-0.14482773023021592
LV603,441,-0.14482773023021592
LV603,441,-0.14482773023021592
LV603,441,-0.14482773023021592
LV603,441,-0.14482773023021592
LV603,441,-0.14482773023021592
LV603,441,-0.14482773023021592
LV603,441,-0.14482773023021592
LV603,441,-0.14482773023021592
LV603,441,-0.14482773023021592
LV603,441,-0.14482773023021592
LV603,441,-0.14482773023021592
LV603,441,-0.14482773023021592
LV603,441,-0.14482773023021592
LV603,441,-0.14482773023021592
LV603,441,-0.14482773023021592
LV603,441,-0.14482773023021592
LV603,441,-0.14482773023021592
LV603,441,-0.14482773023021592
LV603,441,-0.14482773023021592
LV603,441,-0.14482773023021592
LV603,441,-0.14482773023021592
LV603,441,-0.14482773023021592
LV603,441,-0.14482773023021592
LV603,441,-0.14482773023021592
LV603,441,-0.14482773023021592
LV603,441,-0.14482773023021592
LV603,441,-0.14482773023021592
LV603,441,6.835771891871079
LV603,441,-0.14482773023021592
LV603,441,-0.14482773023021592
LV603,441,-0.14482773023021592
LV603,441,-0.14482773023021592
LV603,441,-0.14482773023021592
LV603,441,-0.14482773023021592
LV603,441,-0.14482773023021592
LV603,441,-0.14482773023021592
LV603,441,-0.14482773023021592
LV603,441,-0.14482773023021592
LV57,339,-1.2260893707106486
LV57,339,-0.10054106968989693
LV57,339,-0.3093811019054259
LV57,339,0.24327245146459409
LV57,339,0.2524613502660716
LV57,339,-0.8763918636934661
LV57,339,-0.7273583813499249
LV57,339,-0.5179579233810714
LV57,339,-0.05297687108841282
LV57,339,-0.14249610276369445
LV57,339,-1.0003506994385536
LV57,339,-0.23549519627819346
LV57,339,-0.8400793361223066
LV57,339,-0.8715278497320211
LV57,339,-0.37471736328369204
LV57,339,-0.1992804222013314
LV57,339,0.5856462812254133
LV57,339,-0.4645866725112252
LV57,339,-0.38558631234653495
LV57,339,-0.05543910756353463
LV57,339,0.8795939966610432
LV57,339,0.2690478940203282
LV57,339,-1.2217684560317212
LV57,339,-0.14088313884667222
LV57,339,-1.435950652625338
LV57,339,1.099258630145732
LV57,339,0.3194582800168434
LV57,339,0.44545593807206385
LV57,339,-0.6988666725767423
LV57,339,-1.570255954853498
LV57,339,0.41822143981817317
LV57,339,-1.7370401095585757
LV57,339,0.36004945333713395
LV57,339,0.9044072417564174
LV57,339,1.460906599531772
LV57,339,-0.27953921402246495
LV57,339,0.34632127708830646
LV57,339,-0.2932973970302744
LV57,339,0.3232919472958082
LV57,339,-1.4970179044919594
LV57,339,-0.9754178884086371
LV57,339,1.3351632545226984
LV57,339,2.210274398714698
LV57,339,2.722530585930108
LV57,339,1.0369713665281646
LV57,339,-0.0015210392927725678
LV57,339,-1.0479110919997656
LV57,339,0.8579307422532992
LV57,339,0.506949427372768
LV57,339,-1.210441320679288
LV57,339,0.7145780133817828
LV57,339,-0.8368123858952683
LV57,339,0.5240742053991327
LV57,339,-0.3782525651047715
LV57,339,1.761063897024743
LV57,339,-0.7305063400653364
LV57,339,-1.4423266883761792
LV57,339,0.8073013409126683
LV57,339,2.419412443102001
LV57,339,-0.3990885879915354
LV57,339,0.3196861305324737
LV57,339,-0.5838033266599624
LV57,339,0.3776101636496494
LV57,339,-1.0545107072169382
LV57,339,-1.0596370175307672
LV57,339,0.18000271755614045
LV57,339,-0.642430820744137
LV57,339,0.11195086598195285
LV57,339,-0.38485565812054945
LV57,339,1.2777805817887369
LV57,339,-0.890033790536868
LV57,339,1.137300315276101
LV57,339,-0.000796645104277719
LV57,339,-0.06773355352180647
LV57,339,0.6068845564587951
LV57,339,-1.286261781088336
LV57,339,1.0904025371326431
LV57,339,-1.471495665212928
LV57,339,0.3578337009536561
LV57,339,0.9496869916828596
LV57,339,-0.43986186900669094
LV57,339,1.3088818079003623
LV57,339,-0.9199858074064688
LV57,339,1.0807944502776283
LV57,339,-0.11162353604894727
LV57,339,-0.013642996209289798
LV57,339,-1.4629349193618955
LV57,339,-1.360988192485834
LV57,339,1.1590203320462589
LV57,339,0.9380721407871088
LV57,339,-0.18824221766790888
LV57,339,-1.0989268298738444
LV57,339,0.3831646613093633
LV57,339,0.35582631559833694
LV57,339,0.7225715771718609
LV57,339,1.1153122266632889
LV57,339,-0.8094379336009629
LV57,339,0.9288117829933773
LV57,339,-1.1076641111266954
LV57,339,-0.12057144685287084
LV57,339,1.1183301782330624
LV57,339,-1.4126843323498623
LV57,339,0.7815840479311519
LV57,339,-0.9847772774945809
LV57,339,-0.9480503975730017
LV57,339,0.3116688043903479
LV57,339,-0.42679771783325454
LV57,339,0.5041675558061118
LV57,339,0.8232176855220983
LV57,339,0.6088060050197985
LV57,339,-0.8725556720797829
LV57,339,0.7188371170288586
LV57,339,1.3687319005924228
LV57,339,0.5553117026015255
LV57,339,0.8267510663834589
LV57,339,1.0027533607517758
LV57,339,-1.5174923848139885
LV57,339,0.9104632926820443
LV57,339,0.2685635656266114
LV57,339,-0.676954060008956
LV57,339,-0.14229778813656105
LV57,339,1.2689626507769796
LV57,339,-1.1901078865827415
LV57,339,-1.0472284196716246
LV57,339,-0.4140308207496507
LV57,339,1.359398723948107
LV57,339,0.4108322685803117
LV57,339,-0.8616578885496224
LV57,339,1.6222050466520324
LV57,339,-1.0281178264565751
LV57,339,2.1778876375633356
LV57,339,1.1733611088427773
LV57,339,-0.10467017791425169
LV57,339,-0.8104131747599149
LV57,339,-1.8711237900474849
LV57,339,0.5313186181545723
LV57,339,-0.05068553715365964
LV57,339,2.4649176559767167
LV57,339,0.371973320315754
LV57,339,0.45676066311550256
LV57,339,-0.7193501052994523
LV57,339,-0.30682052774399377
LV57,339,-0.05510034067202898
LV57,339,1.2522857897652202
LV57,339,0.878840310811481
LV57,339,2.1574678055710867
LV57,339,-0.603851221768049
LV57,339,0.46821423793927447
LV57,339,1.2636869240751805
LV57,339,-1.185108812898582
LV57,339,0.23833598597061859
LV57,339,-0.17233327021888395
LV57,339,0.27591681198640106
LV57,339,1.173405218270489
LV57,339,-0.8461651788867777
LV57,339,-1.5879440073019335
LV57,339,0.7434115233280632
LV57,339,-0.17693121304878429
LV57,339,1.7980723438198574
LV57,339,-1.1705309791892253
LV57,339,-1.4508053699030288
LV57,339,0.7867540417400548
LV57,339,1.3726308957782343
LV57,339,0.204234578277041
LV57,339,-0.47260758195820696
LV57,339,-2.118170655935496
LV57,339,0.8929248949875503
LV57,339,2.2836655464600337
LV57,339,0.3424531952336991
LV57,339,-1.7400461076610059
LV57,339,-0.42061483667240146
LV57,339,0.6022341145005017
LV57,339,-2.497396095497221
LV57,339,-0.011386694257123478
LV57,339,-1.0337529269835286
LV57,339,1.1611487682388963
LV57,339,0.38118270296025686
LV57,339,0.9895379761382892
LV57,339,-1.436228556087421
LV57,339,-0.33884625432367455
LV57,339,-0.1310026075010944
LV57,339,0.10152797780524453
LV57,339,0.25918434918097505
LV57,339,0.03479096074713757
LV57,339,-1.8662213718110972
LV57,339,-0.5579740485633365
LV57,339,0.40993911909901415
LV57,339,-1.265893846448092
LV57,339,0.866330032280963
LV57,339,2.346102175666266
LV57,339,-0.07403074093526585
LV57,339,1.1452665177787207
LV57,339,0.23065526774951456
LV57,339,-0.033419341676117674
LV57,339,0.18705406364346738
LV57,339,-0.8894943175432336
LV57,339,0.5228608131884551
LV57,339,-2.1340351344540305
LV57,339,-0.8273336809636708
LV57,339,-0.21214845288686707
LV57,301,0.5846011361678466
LV57,301,-0.7148147981551392
LV57,301,2.1616775105080746
LV57,301,-0.7506270883712914
LV57,301,-0.7506270883712914
LV57,301,-1.0062512978061111
LV57,301,0.19420262662779034
LV57,301,-0.7794698447115426
LV57,301,0.008996987372404359
LV57,301,0.8470755900128514
LV57,301,0.46541581452675157
LV57,301,0.18825970039205203
LV57,301,0.06178569871285109
LV57,301,-1.0062512978061111
LV57,301,-0.003089346347735013
LV57,301,0.4707810299991991
LV57,301,0.19420262662779034
LV57,301,0.008996987372404359
LV57,301,-0.29420826121694427
LV57,301,1.0410199633221937
LV57,301,-1.0062512978061111
LV57,301,-0.4113701899441376
LV57,301,2.0392866748209566
LV57,301,0.18825970039205203
LV57,301,0.26436559882898014
LV57,301,-1.180702304719758
LV57,301,0.8470755900128514
LV57,301,-1.4363265141545776
LV57,301,-0.36406395374728295
LV57,301,-0.004868539360614866
LV57,301,-0.22357312757029926
LV57,301,0.5846011361678466
LV57,301,-1.4617902870817772
LV57,301,-0.5129128494266286
LV57,301,2.47474553093108
LV57,301,0.008996987372404359
LV57,301,0.6373898475082933
LV57,301,0.5846011361678466
LV57,301,0.008996987372404359
LV57,301,0.8478990620576012
LV57,301,-0.003089346347735013
LV57,301,-0.05636177334890125
LV57,301,-2.1108430209410707
LV57,301,1.8966077300935142
LV57,301,0.18825970039205203
LV57,301,0.2125630553752663
LV57,301,0.9756612026008882
LV57,301,0.008996987372404359
LV57,301,-0.34812663130668386
LV57,301,0.18825970039205203
LV57,301,-0.7506270883712914
LV57,301,-1.0062512978061111
LV57,301,0.9288781849899171
LV57,301,-0.29420826121694427
LV57,301,0.7020967318953487
LV57,301,-0.29420826121694427
LV57,301,-1.0062512978061111
LV57,301,1.3465037343895538
LV57,301,-0.7506270883712914
LV57,301,-0.7506270883712914
LV57,301,0.5846011361678466
LV57,301,1.3465037343895538
LV57,301,-0.7506270883712914
LV57,301,-1.0062512978061111
LV57,301,-0.7506270883712914
LV57,301,0.008996987372404359
LV57,301,0.24655774261968263
LV57,301,-0.29420826121694427
LV57,301,-0.4612873665149621
LV57,301,-0.7506270883712914
LV57,301,-0.003089346347735013
LV57,301,2.9956178304268573
LV57,301,1.717345017073864
LV57,301,1.90255065632925
LV57,301,-1.4617902870817772
LV57,301,-0.6228882123965778
LV57,301,0.9577209413301683
LV57,301,0.39065676285850415
LV57,301,-0.7506270883712914
LV57,301,0.19420262662779034
LV57,301,0.3309386451194968
LV57,301,-0.911268934385853
LV57,301,-0.796334002582106
LV57,301,-0.6228882123965778
LV57,301,-0.003089346347735013
LV57,301,0.18825970039205203
LV57,301,-1.469535514760924
LV57,301,0.008996987372404359
LV57,301,2.1737638442282115
LV57,301,0.2146033111979352
LV57,301,2.008652702838427
LV57,301,0.39065676285850415
LV57,301,0.46541581452675157
LV57,301,-1.5271490478030827
LV57,301,1.2470606631864976
LV57,301,-1.00537145992743
LV57,301,-0.7794698447115426
LV57,301,-0.06844810706904063
LV57,301,1.568088757237377
LV57,301,-0.7506270883712914
LV57,301,-0.7506270883712914
LV57,301,-0.9854608926778131
LV57,301,-0.7506270883712914
LV57,301,-0.796334002582106
LV57,301,0.18825970039205203
LV57,301,-0.4612873665149621
LV57,301,1.802922561543901
LV57,301,0.7020967318953487
LV57,301,-0.003089346347735013
LV57,301,1.3176609780493003
LV57,301,1.4719726754786806
LV57,301,0.18825970039205203
LV57,301,-0.7794698447115426
LV57,301,-0.7506270883712914
LV57,301,1.6358434562458832
LV57,301,-0.7506270883712914
LV57,301,0.008996987372404359
LV57,301,-0.7506270883712914
LV57,301,1.3176609780493003
LV57,301,0.19420262662779034
LV57,301,-0.6374663531630133
LV57,301,0.2655798843981912
LV57,301,-0.6742827671409762
LV57,301,2.0990047925599638
LV57,301,0.008996987372404359
LV57,301,-0.7506270883712914
LV57,301,2.0392866748209566
LV57,301,0.18825970039205203
LV57,301,0.19420262662779034
LV57,301,0.46541581452675157
LV57,301,0.46541581452675157
LV57,301,-0.4662463107965811
LV57,301,-0.003089346347735013
LV57,301,2.4877875856193468
LV57,301,-0.7506270883712914
LV57,301,-1.8560986493849323
LV57,301,-0.7506270883712914
LV57,301,2.6660689710316303
LV57,301,-0.2438557717790809
LV57,301,3.8073528222614237
LV57,301,-0.6742827671409762
LV57,301,-0.4662463107965811
LV57,301,-1.4617902870817772
LV57,301,2.410444761596811
LV57,301,0.8470755900128514
LV57,301,0.6506214537821375
LV57,301,-0.003089346347735013
LV57,301,1.6358434562458832
LV57,301,0.15940445300827083
LV57,301,-0.4662463107965811
LV57,301,0.3309386451194968
LV57,301,-0.7410122637517121
LV57,301,0.9577209413301683
LV57,301,-0.9854608926778131
LV57,301,0.11007138886054318
LV57,301,-0.6742827671409762
LV57,301,-1.0062512978061111
LV57,301,0.3309386451194968
LV57,301,-0.7506270883712914
LV57,301,-0.6228882123965778
LV57,301,0.3309386451194968
LV57,301,2.094041476413108
LV57,301,-0.29420826121694427
LV57,301,-0.003089346347735013
LV57,301,-0.003089346347735013
LV57,301,-0.5266461272362677
LV57,301,-0.9172118606215889
LV57,301,2.4224288248980415
LV57,301,0.008996987372404359
LV57,301,-0.6228882123965778
LV57,301,-0.4612873665149621
LV57,301,-1.0062512978061111
LV57,301,0.39065676285850415
LV57,301,0.39065676285850415
LV57,301,0.19420262662779034
LV57,301,0.7123485997349849
LV57,301,0.1229009396707489
LV57,301,-2.567261848095418
LV57,301,2.0392866748209566
LV57,301,0.19420262662779034
LV57,301,-0.43316456269620157
LV57,301,0.8470755900128514
LV57,301,-1.0062512978061111
LV57,301,0.008996987372404359
LV57,301,0.7020967318953487
LV57,301,1.6358434562458832
LV57,301,0.5846011361678466
LV57,301,0.18825970039205203
LV57,301,-0.6742827671409762
LV57,301,0.5846011361678466
LV57,301,0.15452591981938002
LV57,301,-0.7506270883712914
LV57,301,2.140264895273913
LV57,301,1.7701337284143108
LV57,301,-2.1348695431720395
LV57,301,0.46541581452675157
LV57,301,-0.7506270883712914
LV57,301,-1.0062512978061111
LV57,301,1.8966077300935142
LV57,301,-0.4662463107965811
LV246,173,0.46203903614529224
LV246,173,-1.6914529646694527
LV246,173,-0.7704082750930592
LV246,173,-1.199625686915122
LV246,173,-0.8786994291798738
LV246,173,0.7174430972401198
LV246,173,2.74976745657531
LV246,173,0.9594794554986317
LV246,173,0.45818098460095846
LV246,173,1.006686832913741
LV246,173,-0.39077740160681335
LV246,173,-0.18044629067947845
LV246,173,-0.6041886606180569
LV246,173,0.9674700099205665
LV246,173,2.438350850131988
LV246,173,-1.1715442460412662
LV246,173,0.6200251106231054
LV246,173,-0.8589074674285515
LV246,173,1.3582677312841442
LV246,173,1.851084432316252
LV246,173,0.47306254001419923
LV246,173,0.11753094092331484
LV246,173,1.9366590572599538
LV246,173,0.23792941943068655
LV246,173,0.8896621828978099
LV246,173,-0.6835662793429722
LV246,173,0.5573767865421977
LV246,173,2.8757406185330505
LV246,173,-0.2179796956223014
LV246,173,1.7895758679122835
LV246,173,-0.6578168007528873
LV246,173,-1.4079744550915068
LV246,173,-0.44323781250219857
LV246,173,-0.17772625071435796
LV246,173,-0.9114378022304787
LV246,173,1.5321370211366685
LV246,173,-1.2203668656979665
LV246,173,-0.7306285646520416
LV246,173,0.9030910691523153
LV246,173,-0.26024694903915274
LV246,173,-0.17931177529560613
LV246,173,0.6551443926919776
LV246,173,-1.1323938507592928
LV246,173,-0.6675117503972194
LV246,173,0.8563818995714075
LV246,173,0.5099264235517234
LV246,173,-0.8672878476295618
LV246,173,-0.06353701510935535
LV246,173,1.1294522356581271
LV246,173,-2.3122758652424737
LV246,173,-0.3992556752770378
LV246,173,-1.9609921434749984
LV246,173,-0.26890352867104556
LV246,173,0.42311589355964946
LV246,173,1.069688272722755
LV246,173,0.94823394322635
LV246,173,0.8682514827096666
LV246,173,1.494675288198058
LV246,173,0.5914681871847087
LV246,173,-1.0005733021156415
LV246,173,-1.2569283283396064
LV246,173,-0.5667094467027971
LV246,173,-2.0739769397895316
LV246,173,1.4809981720752317
LV246,173,-1.5903045376375506
LV246,173,1.2004582146704397
LV246,173,-0.2902617859292962
LV246,173,-1.6400623895444093
LV246,173,1.365962857200877
LV246,173,1.0233112416980188
LV246,173,1.6589090637268245
LV246,173,0.013001693009345693
LV246,173,1.383632628388165
LV246,173,1.675395372795578
LV246,173,-1.3965803545178441
LV246,173,0.45269370603378084
LV246,173,-0.4706409914823478
LV246,173,-0.08575883261360734
LV246,173,0.7997872377008062
LV246,173,-1.531019553462116
LV246,173,-0.41348868645697007
LV246,173,-0.19141035922786626
LV246,173,0.6893266944130207
LV246,173,-0.05436999095956756
LV246,173,0.2275352307207683
LV246,173,-0.1408693595675157
LV246,173,-0.5675799993394249
LV246,173,1.8090112177401585
LV246,173,0.545038713229969
LV246,173,-0.22036934512897635
LV246,173,-0.2876815937772597
LV246,173,3.458594837844962
LV246,173,0.768830176169767
LV246,173,0.40672572986238437
LV246,173,0.40672572986238437
LV246,173,-0.17000665143034943
LV246,173,-0.6213584758734175
LV246,173,1.3367486490408194
LV246,173,3.9144287846983965
LV246,173,0.20210740210088737
LV246,173,-0.007353156189819652
LV246,173,-0.5153468411404257
LV246,173,-0.36372733835477045
LV246,173,0.05244227250351002
LV246,173,-0.035406627501003235
LV246,173,1.8805398779539488
LV246,173,1.0493893626489341
LV246,173,0.4676434372559485
LV246,173,1.37899317718801
LV246,173,1.0086027479534903
LV246,173,-0.10579902423319529
LV246,173,0.8859806892175293
LV246,173,-1.4047824287571309
LV246,173,1.4857425091352274
LV246,173,1.5893837234359194
LV246,173,0.23465698060374585
LV246,173,0.990160317598733
LV246,173,0.0378421608141631
LV246,173,0.4399395854775856
LV246,173,1.258292277784754
LV246,173,0.07346139881496279
LV246,173,0.352461282177828
LV246,173,-1.4012932258198267
LV246,173,0.6627713427998386
LV246,173,-0.217904527422748
LV246,173,-0.4465382208917007
LV246,173,0.7986632109028459
LV246,173,0.2569871801631241
LV246,173,1.1225664789598326
LV246,173,0.08599525906550917
LV246,173,-1.28827171945438
LV246,173,1.250459052152608
LV246,173,0.13549439251813478
LV246,173,0.07022741813660634
LV246,173,-1.2496877078154798
LV246,173,0.0992703127256222
LV246,173,-2.2263306435940162
LV246,173,-0.547151730038432
LV246,173,-1.4192514331216908
LV246,173,-0.2033498662726672
LV246,173,0.7286414108754095
LV246,173,-0.1794778445736918
LV246,173,-0.14173641600885797
LV246,173,2.5124911682557727
LV246,173,1.0380407126144822
LV246,173,0.4660876303350429
LV246,173,0.14890230160064993
LV246,173,-0.1104839259726166
LV246,173,-1.711045643287061
LV246,173,-0.3188956256649168
LV246,173,-0.9395559531551928
LV246,173,-0.29865615091161496
LV246,173,-1.05174012073964
LV246,173,-0.42451568652121796
LV246,173,-0.8320322139428913
LV246,173,0.7111429532592184
LV246,173,0.5232259505791123
LV246,173,-0.7784460281519306
LV246,173,0.40273657099320825
LV246,173,-1.0104675348936323
LV246,173,-1.0204911268987396
LV246,173,0.8782785709101147
LV246,173,1.4834297759258317
LV246,173,-0.8208583736748775
LV246,173,-0.1739608483462269
LV246,173,0.5797908947894818
LV246,173,0.443386834070909
LV246,173,-0.5027500493739085
LV246,173,1.103349641339936
LV246,173,0.363166632271872
LV246,173,1.289591966457932
LV246,173,-0.8884188521914818
LV246,173,0.49703245518238875
LV246,173,-1.6612248598642871
LV246,173,0.1268867596207937
LV246,173,-0.17349935056293897
LV246,173,0.6861294237856335
LV246,173,-1.336966727981579
LV246,173,-0.8320322139428913
LV246,173,0.03232866078203914
LV246,173,-0.030714733370900044
LV246,173,-1.6697555764644043
LV246,173,0.7223342745038263
LV246,173,-0.014943396246711625
LV246,173,-2.6766423499270298
LV246,173,0.47999549534948566
LV246,173,-0.6310044787831426
LV246,173,-1.8202213347918121
LV246,173,-1.270797735205465
LV246,173,0.33909882363452365
LV246,173,-0.216787493015525
LV246,173,0.06449016160349261
LV246,173,0.34328726563735834
LV246,173,-1.0608337247875448
LV246,173,2.9919314259632674
LV246,173,-0.19830136021917213
LV246,173,-0.2673931722894061
LV246,173,-0.8542155732985036
LV246,173,-0.6747628595073135
LV246,173,-1.636859874624066
